address,total unrealized profit,7d realized profit,30d realized profit,all time profit,winrate,buy txns 7d,sell txns 7d,avg profit,balance,<2x count,2x-5x count,>5x count,avg hold time,< 150k avg buy amount,< 150k avg total profit pnl,150k - 1m avg buy amount,150k - 1m avg total profit pnl,date reviewed [m/d/y]
0xdebb940c3c98c3b8dc3732ada5942f3ef32eda34,0,-652325.5,22093.2,462873,77.2,1801,1878,-1506.5,57.9,368,2,3,187.1,17809.9,103.5,735.2,-4.2,04-22-2025
0xa6384d87c1eafa38996ad8f112ecc83cf265f7f4,0,-760.4,2590.7,37968.4,,29,24,,116.7,,,,,1037.6,0,4.2,0,04-22-2025
0xb5d5d014a2adc140c8989d91fb3896c9c8c92f06,-191,28.3,192.2,652.2,28.6,11,24,4.7,336.8,4,0,0,34,11.5,18.1,74.2,8.4,04-22-2025
0x04f61b307aae2cdcf9b84e5b47e95ef4df5c8dd8,0,0,-159.7,-159.7,,0,0,,30,,,,,161.2,-18,,,04-22-2025
0xb3dcee374087a8de97ef1768b2195b08eb4257dc,0,-3333.6,-3299.8,-3158.5,,264,11,,37.9,,,,,40.6,-2.9,308.9,3.3,04-22-2025
0x08f1e0cfbf05253edb0eb436a6b62ae01b1c18b1,-2418.6,-23105.5,-12731.8,24210.1,0,30,9,-4621.1,4137.9,0,0,0,40.5,230.3,-10.6,7027.3,-85.1,04-22-2025
0xe8c049aa041bcd6b9e77e3c8d21b79eb2cc2ef3b,-13,0,-0.2,-4956.8,,0,0,,9,,,,,0,0,,,04-22-2025
0xf5fc7fc06943f195c665e43b66136565d5db3125,0,0,83.8,148.8,,0,1,,7,,,,,5.8,5.5,,,04-22-2025
0xbbbe95c42fe5f583cac81cd6a410f2e9f6cbeba1,0,-258,-7244.1,519311.4,47.6,196,166,-3.9,16.2,52,1,0,212.9,39610.8,-0.9,654.7,-100,04-22-2025
0xd91791ae3f90161d17bbf648c804ba4dca915fd1,0,0,0,0,,1,0,,0,,,,,168.5,14,1116.2,0,04-22-2025
0x12fba237ac57b408efdbe63c0380ca17ed70b3b1,-12390.7,-4227.3,-9857.7,1398.3,0,8,8,-0.3,395,0,0,0,308.3,439.3,-20.2,1681.9,-41.3,04-22-2025
0x2e88336c6f9100fda381beb0859189a968c4c9c8,0,1834.9,1822.2,3752,,4,6,,2.5,,,,,1514.2,-3.7,10553.3,18.2,04-22-2025
0x0b8cee4d52cfe97a8982ece65e4ba94f924fd9f3,-17779.6,-5290.9,-787.1,-15995.4,,25,37,,161.2,,,,,402.1,-1,106.7,69.8,04-22-2025
0x81a4436b5c0866a550a2b0f3215f75794f90bbc9,0,0,594.1,4133.7,,0,0,0,2.1,0,0,0,,262.3,15.3,1106,-16.1,04-22-2025
0x1831a12f99a02c8b3e72ba75d5ca09bdb0e6ac2d,0,0,0,7245.9,,0,0,,0.3,,,,,2311.9,-0.3,,,04-22-2025
0x333333338b2bee2ce4441ca0a861e91108f17e50,0,-956.9,-2402.6,-5601.7,66.9,6437,5280,-1.9,55.4,302,6,8,134.1,3485.8,1,13507.5,-1.4,04-22-2025
0xa30343e4525a003c26d48d214fa8b1b39b7eb72c,-2411.5,-65.9,-1430.6,2530.7,,15,19,,1167.5,,,,,192.2,-0.4,726.2,-16.4,04-22-2025
0x477028b331b1069743c6b01bf264ce7d40755e71,-171.9,0,1232.7,5728.2,,0,0,,0,,,,,182.3,56.5,153.1,-18.6,04-22-2025
0x10d0101a8b893f6fcdc6a21b1a80f3cec28fd802,-113.1,0,-45.9,160.5,0,0,1,0,5.5,2,0,0,793.2,1.8,4.5,,,04-22-2025
0x034ccbaf4a9e9336a51aab4fdd8d4151dc95ee51,0,47.3,47.3,47.3,,148,0,,0,,,,,77.8,0.5,191.1,13.2,04-22-2025
0x495a3f34585139079d798152e0c1efd870131bc9,16335.4,0,0,16335.4,,0,0,,11.5,,,,,15.8,1984.6,,,04-22-2025
0x7b4a1e0a6241b6d2cdffbafbde64cb7884bda212,0,0,0,-421.2,,0,0,,0,,,,,0,0,1461.8,-2.6,04-22-2025
0xfa4905910e276a3e5350e78fdf5ced9aa6911154,0,3064.9,-48,-3506.2,,181,91,,125.8,,,,,4358.8,-1,11516.4,2.1,04-22-2025
0x87eca5e10867ab43353922b5d1c5486160745b71,0,1447.6,1447.6,1447.6,,2,1,,69.6,,,,,49.5,2447.2,,,04-22-2025
0xa534c43d47f8419a727c3d246411cbd1fc8b3e5f,-811.3,0.1,2988.3,985.5,50,1,2,0,1847.1,2,0,0,0.1,58,-0.1,,,04-22-2025
0xe1488bf181a04f751d7d3d0ab773638819797610,-474,0,-2135.1,-2609.2,,0,0,,0.5,,,,,31.4,-7.9,497.5,-97.2,04-22-2025
0xa6e05e96de1c7657b470f63f02b8941c3bad7f0d,0,0,0,413.3,,0,0,0,0,0,0,0,,1018.8,4,928.3,-11.9,04-22-2025
0x3fbd04aff049a41f1e62e5a7cf46d2a86ee4e974,0,892.3,1909,8607.9,,31,31,,241.2,,,,,569.8,5.3,,,04-22-2025
0x65c0110353220b3444e763b66d7ed229f7468985,0,5543.5,11803.8,56562.1,57.1,435,314,60.3,5007.5,62,2,2,263.4,6641.1,85.4,213.1,32.6,04-22-2025
0x6a310c1a0326c0a854769de30040a895136a15c7,0,0,0,14,,0,0,,0.1,,,,,56.8,-8.9,148.6,-21.8,04-22-2025
0x91701104f1ebb0db7370e9d1860009e8055433f5,0,-4943.4,-8629.7,-37001.8,55,68,42,-224.7,4685.9,14,0,0,152.8,16.2,338.3,176,35,04-22-2025
0x000000000a683dcf4bd9422dd2e9cf1f33c57ac5,-9.8,-9260.5,-267939.8,-2038579.9,49,5878,4367,-4630.3,672.5,2,0,0,118.4,20.1,0,,,04-22-2025
0xf408f6a05275e80081fbfb7642d3fbab5616d7a0,0,0,0,5354.8,,0,0,,0.5,,,,,1414.2,10.2,,,04-22-2025
0xb4c2b26ff0cbc4c4827ea554e3f3c7030a60d1a8,0,0,0,-443.6,,0,0,,0,,,,,0,0,,,04-22-2025
0xbb3de7db6596f7c026a0846e2e40ced6670975d6,-24.3,0,0,24191.9,,0,0,,10.6,,,,,20.6,2395.5,,,04-22-2025
0xbe49e14c291700b492f6c3d5e48ed77009e307c7,0,0,0,83.9,,0,0,,0,,,,,0,0,,,04-22-2025
0x9ba8f0275ca6791fb172802c342d5076d35cbca1,13.6,12142.9,12011.8,12025.4,46.2,312,303,0.2,19867.6,19,0,0,13.1,320.3,2,1615.4,0.4,04-22-2025
0x57fa3b4935c7f5a76111c2c6e1e9e6736140de96,-32.1,0,0,2527.7,,0,0,,0,,,,,35.1,-2.6,662.8,-20.1,04-22-2025
0x9ea981a8091f1355141b73e617d905155c228593,0,0,0,2647409.8,,0,0,,1446.4,,,,,211953.6,5746.3,1289.9,8.6,04-22-2025
0x237c20a8a4c86747b5875810885c45b1603fc5e1,0,0,0,644.3,,0,0,,0,,,,,80.5,0.3,593.5,1.1,04-22-2025
0xfec03e460aeb0764890b49a7ab99cdaf9a2ae2a6,0,720.5,3220.4,7463.2,,51,51,,206.9,,,,,525.7,3.8,,,04-22-2025
0xc3a792afd57728edf1453603a67dbfad45e68e1f,0,566.3,2031.8,18740.1,77.8,16543,14504,1.1,8.3,424,4,1,63.8,160.7,31.1,25.1,-0.9,04-22-2025
0x68ba43f07ec4a099bab83981200fdff764ce4536,0,-445.1,-445.1,-2421.3,,2,0,,58,,,,,31.3,14383.7,1742.9,-56.7,04-22-2025
0xf23b6cf62f1fa5b56a67d43044effe3c9249341e,0,761.4,-502.3,2377.2,,71,63,,0.2,,,,,158.2,4.8,87.2,2.6,04-22-2025
0xaf49d1f4df73537aec2a1df5a27f5e982f39a108,0,-387.2,-398.7,-673.1,,54,32,,89.1,,,,,59.2,-16.6,51.5,61.9,04-22-2025
0x8c1646753460b57af5a540b72754a3f3ff92a254,197.9,134.2,151.3,522.7,,5,21,,5.5,,,,,0,0,,,04-22-2025
0x056b96ff5e6046b500cc2be5cd8d950d263f963f,-5741.9,11357.6,32832.1,426275.9,78.3,2966,3745,43,513.9,243,0,0,2216.6,142379.5,1.2,26599,4.1,04-22-2025
0xa70b2eaeac2cc6151f43cd8fd261e159cd2d95a0,0,0,-1390.5,29025.9,,0,0,,1868.8,,,,,257.4,-1.1,1818,-15.7,04-22-2025
0x0886f791352e00b3025674485cae64cc39ae9531,-81.5,0,0,191.2,,0,0,0,0,0,0,0,,10.6,11.9,22.7,-8.4,04-22-2025
0x2e0d03ad858fe5e4b2cca2294989965c0bdc695c,-99.6,-9.6,-110.8,-234.9,60,14,4,-1.4,36.8,5,0,0,225.6,29.1,-4.5,82.5,-16.7,04-22-2025
0x03fa9af6cd05a934a9f1ef5cf249212fe851eeb0,4123.3,0,0,4123,,0,0,0,252.4,0,0,0,,8.7,-0.1,2096.1,49.1,04-22-2025
0xf4e198356475184060296b36ccbf9fc7a3fa9c48,0,0,0,0,,7,0,,0,,,,,1.1,7.5,,,04-22-2025
0x3b6276ce92dc84edaf76f98a98600d00e5483cf1,0,0,0,-302593.3,,0,0,,0.5,,,,,293.5,-2.2,127.3,-88,04-22-2025
0x3b70f07c872a6ec2e8b7e46f633621ef1d55c1ae,0,0,-840.2,2467.2,,0,0,,0,,,,,559.1,-12.7,4744.8,-62.7,04-22-2025
0x6e59b660e9c5af3a6991119fff778d03e50c3eeb,0,2.7,2.7,42.5,,1,1,,88.4,,,,,0,0,,,04-22-2025
0xf57bd487867ebff89f4571d2982708a511eb9866,0,11,11,11,,2,0,,0,,,,,1.9,1.8,6.9,11.3,04-22-2025
0x1b773b1facf06219915cba3c2c0d6db018ab1e8b,0,0,0,0,,9,0,,2,,,,,0,0,,,04-22-2025
0x6fa19ec79140cb73c25450bc173b85a82d8d23b4,0,49.7,49.7,884.2,,2,0,,0,,,,,0,0,,,04-22-2025
0x06f3060fdc6a2e74737bee64eeda6343445a6844,0,0,0,522.1,,0,4,,4.7,,,,,0,0,,,04-22-2025
0x64985267424cf3f547d95a21dd3fe381d79dfae5,0,0,0,0,,1,0,,0,,,,,,,,,
0x8e58ad7d87dd7c3404d5e19b549a456d7de2a02e,0,0,0,532.9,,0,0,,0,,,,,304.1,0.2,238,-96.2,04-22-2025
0x088ee356f53a3d433d2bf6632dcf893067dbe0e6,-75.2,0,526,-888.1,,0,0,,25.4,,,,,164,4.1,2584.1,-4.8,04-22-2025
0x19e5ce1ab352463f90377a2e2f0bc4692852d086,0,357.2,357.2,357.2,,38,0,,0,,,,,468.6,0,,,04-22-2025
0xc26b12c02eeafcb16ee3665ae7e764b9476a190e,0,0,0,-3295.4,,0,0,,0,,,,,10944.4,2.3,,,04-22-2025
0xd2cc92d30d0fa5094677b65aa78bd97f511d61dd,0,-547.8,-529.5,-1017.6,,1,3,,5.2,,,,,82.6,-11.8,194.7,-4.9,04-22-2025
0xe191f955539edc996cc4952155ebf6e58b34b889,0,0,-134.6,4531,,0,0,,4693,,,,,56.1,-5.2,,,04-22-2025
0xd4ccfa6cbb17728b6f55bb265c6693457ae26264,0,0,0,0,,1,0,,73.3,,,,,21.6,0,,,04-22-2025
0x287999f4ab39870768f7c1fd8301e5a156aca041,0,5.1,5.1,5.1,,33,0,,0,,,,,14.7,0,,,04-22-2025
0x7c99b1adda1372dac7fb8a5347e65de83df9509e,0,0,0,75.6,,0,0,,1.2,,,,,17.8,33.8,0,11.1,04-22-2025
0xd3139196770d8e63791c35f1a7667070cf9b5d1e,0,0,0,182.3,,0,0,,0,,,,,0,0,,,04-22-2025
0xd4065ac3f4706fc988d8b749a10b33760eff4a5e,0,0,0,-760.3,,0,0,0,2.4,0,0,0,,630.5,-0.6,817.8,-3.8,04-22-2025
0x4a92d245a65c28ee16042799e50f8666be179e87,0,0,0,0,,9,0,,0,,,,,0,0,,,04-22-2025
0x42cec8f63cf07de7035e705b624b9557e44bd100,-184.5,-43.3,-43.3,-658.9,,1,3,,6.3,,,,,46.8,-2.5,,,04-22-2025
0x47c2f27146a9f52137e0a858a261e96d4565d183,0,0,0,0,,1,0,,0,,,,,174,0,,,04-22-2025
0x87b2740cf9bd07d4bd2b12c3009798a10a6a2e22,-22598.6,0,-43100.4,61502.1,,0,0,0,14402.4,0,0,0,,419.7,-2.6,6141.3,-51.8,04-22-2025
0x1b0b77a58af667706ccf162c2431793d969569da,-2116.4,0,-1571.6,21852.4,,0,0,,20.6,,,,,106.2,23,226.1,150.7,04-22-2025
0xfa87a03711c1ddd76ea740d83439e5969dba18bc,7.7,-42.5,-11.9,353.4,,4,20,,2.1,,,,,0,0,,,04-22-2025
0xcf06a5d47fb01fca528baa474a4953f9f92ee333,-0.2,-4701.4,-18939.1,123867.6,38.1,62,54,-146.9,521.5,10,0,0,485.3,151.4,-1.2,2549.8,-10.2,04-22-2025
0x4baa00158c7bea427544f9819cd1395b80decd40,-2033.6,0,17397.3,200713.2,,0,0,,24.3,0,0,0,,840.8,-35,2524,-11.1,04-22-2025
0x4c4cf79967474930b8b67e7e0b9a3fe914e69e2e,-4509.1,0,1923.9,3819.4,,0,0,,4,,,,,49.3,-22.8,87.8,22.6,04-22-2025
0xac91562e35d95fc092c0075faaba83d1afedb0d3,0,0,0,0,,0,0,,0,,,,,0,0,,,04-22-2025
0xfe82fdf2f15b3a942df6a348677ea952b8e27f63,11.8,1.8,1.8,140,,1,4,,2.4,,,,,0,0,,,04-22-2025
0x16df0ad09322ccf259c5cb5e65716c6971bb3e83,0,-116.9,-116.9,-116.9,,18,0,,0.3,,,,,0.5,-0.8,81.2,-58.3,04-22-2025
0x0ec67878a4c3d919a32564cf32cf2ea4a92e15a4,0,0,0,14747.9,,0,0,,62.3,,,,,0,0,1889.9,298.3,04-22-2025
0xa6af9165ec877b1d4a187324f22e115318268aa8,3038,0,0,3038,,2,0,,13.2,,,,,40.6,134.2,,,04-22-2025
0x88a34904e406ce71d47b758bd752c5c96d6b7bf5,0,0,0,0,,0,0,,0,,,,,0,0,0.6,0,04-22-2025
0xb121403f0269ad7f344c43869828ab703961ed69,0,0,0,23686.9,,0,0,,1.2,,,,,0,0,3463.8,683.9,04-22-2025
0xbef7cd0f5b8e40226f489bd217f6d6815c51057a,-283.3,-102.4,-293,2531.2,0,4,6,-17.1,25.4,1,0,0,119.8,29.8,-23.1,,,04-22-2025
0x95e627de1e41e0321a36423df32b84cb49df911e,0,214.1,214.1,214.1,,12,0,,0.5,,,,,26.4,2.9,20,-16,04-22-2025
0x2ab44e165d2a7f009a72695b66d5c7d65830108f,0,0,-0.2,130.1,,0,2,,5.2,,,,,0,0,,,04-22-2025
0x3fb14bec88bb93e6a0012bdb1a7250c3782eed21,0,-130.8,-130.8,7780.3,,9,3,,1850.1,,,,,321.2,-7.9,846.2,0.8,04-22-2025
0xaa7675977e53010856ce7ce77a6138fd94602646,0,-12.1,47.5,-619.1,45.6,3379,3141,0,87.1,301,11,5,150.7,306.6,251.7,10.3,11.6,04-22-2025
0xec381de974d4c5d397c50a2ea8feb82abfb5babb,-2.3,0,0,1329.5,,0,0,,1.1,,,,,0.3,-6,,,04-22-2025
0x9073dc43967f6a86dd3f58f789f05776c745453e,-818.3,1694.2,1203.2,7644.3,,13,20,,3208.8,,,,,178.2,-6.9,411.6,-11.4,04-22-2025
0xac2c656adab2e7acf791918a7e376ac4085d19cf,4091.8,-2496.2,-29166.1,122528.5,30,50,33,-249.6,667.4,6,0,0,146.5,514.7,-17.9,4337.5,-40,04-22-2025
0x7f62e86a3e20e9365f156726848ad43fab6780e1,66534.9,226,128.6,-18100.5,80,10,6,37.7,13984.7,5,0,0,198.1,494.7,-10.8,187.8,13.9,04-22-2025
0xdfb54f37f42678e46d4928069b42853525686103,0,0,0,20582.6,,0,0,,0.6,,,,,690,11.1,,,04-22-2025
0x3032aae755619293c9c3dcdb7f84268b3d761821,0,0,0,25.5,,0,0,,496.6,,,,,27.4,1,153.9,1.4,04-22-2025
0xdf9ea4968518404f81808f4c83ecd2f5a49b38b6,0,0,0,0,,0,0,,0,,,,,0,0,,,04-22-2025
0xae427d48b4ce6dc5f6f0850441b5e1a4640b9256,0,340.3,1644.1,7573.4,100,18,18,0,201.2,16,0,0,,507.4,5.1,,,04-22-2025
0xda9ab95e5dc6807409921f6f4de2a4e2781c50d4,0,0,0,-1234.4,,0,0,,0.1,,,,,472.1,-0.8,1763.9,-60.5,04-22-2025
0xe4c08e688d52d7b39968a99fb670c571acd8f6fc,0,-20,-20,-20,,52,0,,5,,,,,5.1,-2.8,65,-25.8,04-22-2025
0xa5e54e3322c0405e106e3c9ba1c1b20ee2d6d3e0,0,0,176.3,47601.3,,0,0,,43.1,,,,,6942.6,26,26377.9,0.6,04-22-2025
0xf29a32073c35f228144f3d4b787d76f47ed3771f,-3974.1,1819.8,1023.5,-9719.7,33.3,37,17,227.5,1041.5,4,0,0,273.9,400,231.6,1828.1,-27,04-22-2025
0xce76d4087dc42f470d58a8895adb75817c854f19,0,-41.4,797,788.3,,1,1,,0,,,,,67.4,-11.4,108.3,10.4,04-22-2025
0xa5ae2dc9a4a7f802ae4da20ba22fe29f15e3761e,0,0,-335.8,-335.8,,0,0,,0,,,,,40.5,-40.5,160.3,22.1,04-22-2025
0x6b9c05b935bdaddddffa6c315483e02401f31307,0,2288.9,7068.1,-525.5,66.7,366,356,73.8,1088.1,6,0,0,0,26169.2,-12.7,24293.7,4.5,04-22-2025
0x7a6d027c88bbc3c377c7279e0189d7bf153f7998,-7.2,-5.9,29,477.9,,1,4,,4.2,,,,,0,0,,,04-22-2025
0x19cbe3947585e74db9e84786751e005b34212a3b,-125.4,0,-59.1,-966.5,,0,0,0,8.3,0,0,0,,692.1,7.5,1083.7,-19.9,04-22-2025
0xc2ebf8fb2af2051a91ac03c2e4fd6c84ea22801b,-4.6,0,54.6,151.3,,0,0,,1.3,,,,,24.8,12.6,,,04-22-2025
0x939413a86bfacc08ed14ce8f09f4b4a128caaead,0,55.1,55.1,55.1,,0,0,,24.3,,,,,10.8,0.8,,,04-22-2025
0x00a6026bfc1b4a4e19193a2ab2de348116a4cc70,0,73.9,102.6,119.4,,1,5,,1.7,,,,,0,0,,,04-22-2025
0xc0b0790bfd18f5c005729f6330fa4de64b49c55c,0,0,-356.3,216.7,,0,0,,58.8,,,,,266.8,-3.3,647.9,-13.5,04-22-2025
0x0d959649ddc810903aae94bb32f9e6c1d80566c1,0,0.4,0.4,0.4,,1,0,,0,,,,,0.1,0,,,04-22-2025
0x6007e56405a6534e26609a571213e0dd9552d8b5,-298.3,449.3,-1399.6,673.4,,8,5,,24.5,,,,,36.5,9.4,199.9,-31.9,04-22-2025
0x666666666fda8cb1c20fd9eae86df033fa40d3d8,0,-20.3,-930.2,3573.1,67.5,6622,5512,0,56.2,307,7,4,132.2,2943.6,9.9,633.3,28.8,04-22-2025
0x2c4f98942e4547edd4637079b9699a0a74ce6511,0,0,-363.2,1209.7,,0,0,,0,,,,,76,-19.1,,,04-22-2025
0xfaa5a306453815eeeb17255c6dca517f48244fc9,0,1899.1,41991.7,41991.7,,5,5,,16.9,,,,,947.8,7.3,2751.7,-1.6,04-22-2025
0x2617120099cb221624df6095bca467b9b3154739,0,0,0,-20.7,,0,0,,5,,,,,0,0,99.7,-1,04-22-2025
0x9bed819002460d4bd01d3c611c354805bd13da52,0,0,44641.3,8897,,0,0,,278.2,,,,,0,0,,,04-22-2025
0x76caa4a442156e17fd07050e9eba4b0bb75f59c7,0,0,0,0,,7,0,,20.9,,,,,0,0,,,04-22-2025
0x9192c2990d96d894309dbe7b685f06bebe6f5a3b,0,-7.8,-2426.1,25391.4,0,6,16,-7.8,0,0,0,0,39.6,515.5,28.3,993.8,1.2,04-22-2025
0x448b3c20544e6ec33b3cd2f97f4b82bad6e8b0f0,0,0,0,1634.1,,0,0,0,0,0,0,0,,136.1,8,597.7,49.1,04-22-2025
0x41c264882702f70522221474dadd3ae91875abff,0,0,0,-3106.6,,0,0,,0,,,,,0,0,,,04-22-2025
0xf1900bffa06545c246fdca69041d955e72c6efaa,16934.8,0,0,16922.2,,0,0,0,232.1,0,0,0,,7.3,5.1,10582.9,159.7,04-22-2025
0x390c2dbab24d80362fc74cfd0e756e8dc6b547f2,-3390.2,-670.5,-18971.7,-10833.8,,3,2,,2.8,,,,,492,1.1,3437.9,8.6,04-22-2025
0x33315756524e20a62cfbe5f5306093343f1dee8c,-0.7,0,0,6418,,1,3,,0,,,,,465.3,-0.9,,,04-22-2025
0x44c90d2cc97183ef1c06b6fc4b580a2337773235,0,-18.5,-18.5,-18.5,,1,0,,11.5,,,,,0.7,-1.4,4.1,-22.9,04-22-2025
0x71f85bcecbe17a97216bf843b290b531bddeecfb,0,0,0,133413.9,,2,0,0,11.9,1,0,1,432,0,0,,,04-22-2025
0x262a8d62cbb2a8678dad481f81e29bca32735a62,0,0,80.5,126.5,,0,4,,0.8,,,,,0,0,,,04-22-2025
0x0261a5f8e27ead9aaf7b49a9321bede875de313c,0,1827.6,1436.6,18094.7,61.3,6358,4674,3.7,5.9,318,6,4,165.4,53.1,4.3,8.7,-11.4,04-22-2025
0xbc8c1d1c94b2db0d129365f731a9285857a3971e,6.7,7,311,576.6,,64,29,,2.5,,,,,49.5,11.2,207.3,2.9,04-22-2025
0x87c3807fb5b15d073d494d4fcdfeae1d0d0f985a,0,0,0,0,,1,0,,45.3,,,,,265,23.9,,,04-22-2025
0xb5b90290199d624d580a9b08eeaa481179830cad,0,0.1,0.1,0.1,,1,0,,0,,,,,3.4,-0.3,0.7,0,04-22-2025
0x058b10cbe1872ad139b00326686ee8ccef274c58,-72824.4,0,18286.7,153719.7,,0,0,0,101293.8,0,0,0,,74,57.7,3531.4,-82,04-22-2025
0x90dbb211f8605b515eff3dd0d54d29e71fa2e868,0.3,140,560,2383.5,,13,19,,5.9,,,,,101.9,1818.8,71.4,394.2,04-22-2025
0x1dc3f036e16cb4471ffd04357d2d897ebd72aa2e,0,0,0,-80.4,,0,0,,0,,,,,10,-14.9,6.6,90,04-22-2025
0x9b7c5d1533e6872977c35b0a274884c15b79d6ea,0,0,0,0,,6,0,,0,,,,,339.5,-2.7,,,04-22-2025
0x855b1b43759cd0474f931da68a81be0c6172699f,0,13.8,13.8,13.8,,31,0,,0,,,,,2.3,-1.2,,,04-22-2025
0x96ef370d85e4d7489ef3cc8b652afe13ce4df404,-6872.4,-27.4,-565.5,-5072.3,0,2,2,-13.7,557.4,1,0,0,393,27.2,-1.3,,,04-22-2025
0x5f89c4c101ac7694076e1857d38840b6808afac1,-1943.7,55.1,-7190.9,-3705.7,40,5,2,11,77,1,0,0,134.7,328.2,-32.5,351.4,-22.7,04-22-2025
0x420cfbd1bffa729fcda37373ff3cd438cf9b2b49,0,-363.2,-26175.3,-51053.4,45.5,28,21,-27.9,242.6,9,1,0,120.8,74.7,2.1,610.6,4.1,04-22-2025
0x9c00dd4a0b12bdbefbc85ca2e69a0e08d07e70b8,0,0,0,41.4,,0,1,,0.8,,,,,0,0,,,04-22-2025
0x286ff91c129ae3bbb0bcc72ae4bf430a0afe2a4e,-75.7,0,0,-1022.1,,0,0,,24.6,,,,,211.2,-2,64.2,-77.4,04-22-2025
0x9823a580edd89e171adc500720e6b4c7cd373a52,0,1.3,1.3,1.3,,13,0,,0,,,,,0,0,,,04-22-2025
0x2626c624749566234ab50aa1e42276b01b98fa44,-0.3,-2.7,-2.7,-3477.4,,2,0,,134.2,,,,,0,88.8,176.7,-81.5,04-22-2025
0x25108df0d2c33a803edbf9f27f38a270f3f8a00f,-817.1,80.3,-1681.4,-1047.3,,1,1,,219.3,,,,,207,-21,2030.6,13.5,04-22-2025
0xe2a814ba3bac15583a855409264b85f9894de9ba,0,0,0,0,,3,0,,0.9,,,,,0,0,,,04-22-2025
0x1a3c343b3c61edf54a5ed89f4cf047e153d60403,0,0,0,3270.4,,0,0,,76.7,,,,,81.4,2208.3,,,04-22-2025
0x8fd93023b6667929735761d62219716f8a1cd765,-432,1485.7,3769.1,-4457.4,,2,0,,4.2,,,,,646.8,-0.7,419.8,-6,04-22-2025
0x3e8f4a67c9668871192531939bb211b7ef3e75a5,-6.8,0,0,16443.1,,0,0,,13.6,,,,,0,0,1370.2,1200.2,04-22-2025
0xc7b8dc82690f84091f6d23ad602471b1197840cb,0,-23.8,-147.3,4113.2,,1,1,,0,,,,,427.7,38.8,162.6,-27.3,04-22-2025
0x78c043f82d86bad2ae3790f39f3a4ca40e0ec78d,0,11.2,11.2,11.2,,8,0,,0.8,,,,,1.2,32.8,,,04-22-2025
0xa228cefc913e687aea45ad6a6e332bcf7f86fc96,-6.9,0,0,1486.6,,0,0,,6505.8,,,,,11.7,32.1,10,-50.7,04-22-2025
0x97c01111cbcf0356dd4c892c86e50623c0693b26,0,-4958.2,-323.6,58989.1,56.4,5202,5160,-9.9,456.9,288,4,8,140.8,8952.3,11.6,24.8,9.6,04-22-2025
0xd82f8f14050de40f0293b575d00a0aedffd06a2b,-695.7,-284.3,-1035.9,5377.3,28.6,44,47,0,1220.1,11,0,0,36.5,165.2,-7.3,338.6,8.4,04-22-2025
0xb84e02be85b72fd95515aa27bf2b0424f2b52992,0,-452.3,-452.3,-452.3,,1,0,,0,,,,,0,0,,,04-22-2025
0xc727b771bf71045ca9b62806dde5b16c7fdf5982,-72430.8,-43511.4,-150166.9,-211717,,4,5,,1024.7,,,,,168.9,-2.5,3768.6,-35.3,04-22-2025
0xb672e54bd61b8b4f88eb8009c29dff795749e4ec,-10624.8,0,-21346.3,179897.4,0,1,2,0,25210.2,3,0,0,27.3,380.6,-29.8,1673.7,-40.1,04-22-2025
0x563b494b2ac3c5ed831b0bca1aa700c431f4650b,-2151.9,-467.7,-3241.9,61993.9,,0,2,,2.9,,,,,1614.8,1.3,947.4,-87.4,04-22-2025
0xfa5d3d534559ca4dafa16528ac0dbb003714d2b3,0,0,0,30919.8,,0,0,,0,,,,,19,2465,,,04-22-2025
0xd8cf0f457bbb7ca9738372a9c3d7d19817ddcc53,0,10.2,151.6,1073.1,65.8,14889,12972,0,5.3,350,3,1,79,1623,0.6,60.5,0.2,04-22-2025
0x0799ddbf6f14db566ca4df4ff0575c4cc1e7749c,23.6,0,0,3578.7,,0,0,,10176.4,,,,,435,-2.5,7513,23.2,04-22-2025
0xc47378d176df54215e3128b078e35a119f86539d,0,6.2,6.2,6.2,50,8,0,6.2,6.1,1,0,0,,7.7,0,,,04-22-2025
0xcf4e8fb9f4182966ac8b19f7ded4f93998ee9cbb,0,0,0,0,,0,0,,0,,,,,0,0,,,04-22-2025
0x862cbc88d744dea3bf16700adcaaf1ee33e9bcd8,-16605.2,0,0,10541.7,,0,0,,266.6,,,,,570,2.1,,,04-22-2025
0x4b83b4c3a2560eefa8b8a0e17cdb78637971e22e,-96.8,0,-930.6,-1619.6,,0,0,,0.4,,,,,22.7,-2.8,649,290,04-22-2025
0xc05ee4625c02cfefdc3e3ceec5a60684df5f3f63,-11.1,0,0,104.4,,0,0,,0,,,,,0,0,,,04-22-2025
0xf27a7775b55f704870325de7377927a4ad5292a0,0,0,0,0,,0,0,,936.1,,,,,0,0,,,04-22-2025
0x6b91dd85274033c58a994f9958feed82dc2dc5b5,-66.5,0,-11.5,3273.4,,0,0,,17.6,,,,,70.1,-7.2,231.9,-79.3,04-22-2025
0x92ae2c1f012740e5b2e9ee9302277b0c4056ce6d,0,142.3,409.5,185975.9,73,1781,1844,0.5,57.5,241,0,1,172,33.6,16.2,295.2,1.2,04-22-2025
0x5a2410026d2879a3b7d1dd9854061735b8bbb361,-0.8,2708.4,6688.6,97015,55.2,12933,12040,5.4,433,311,5,9,107.1,2656.1,20.4,140977.9,-4.1,04-22-2025
0x2491cc47b0a5c92640af8c7d1a0349b9f0dc6a35,0,0,0,98.1,,0,0,,0.1,,,,,1,-0.1,24.7,1585.8,04-22-2025
0xab6eedfdec40c2c41d6679f1fdc420273825ac11,-685.9,0,0,5794.4,,0,0,,0,,,,,176.3,-0.7,36380.8,31.1,04-22-2025
0x12531227ce491234d056c6eeeff22c20d1696a30,636.5,193.1,208.6,7572,,0,34,,23.4,,,,,714.3,3.7,,,04-22-2025
0x5c3f8fdc2c99cd27576f36d13446f33c58e67a24,0,-438.9,-4155.5,3418.5,,5,2,,739.2,,,,,469.9,-2.6,,,04-22-2025
0xd82b26a3e4d318f835ca5f6ecd22dd45bf87319f,0,1713.6,5433.5,15376.2,100,10,5,856.8,46.3,2,0,0,9.2,78.3,-3.4,1093.1,-20.2,04-22-2025
0x06dbabe2b92523137c5dc2d81a1baabf9eb49ed0,0,5554.3,5554.3,5554.3,,281,0,,482.3,,,,,0,0,,,04-22-2025
0xd7d798b2d51b8edcde63eb7395a8f56d26bbf0f2,0,1.7,1.7,1.7,,2,0,,3.9,,,,,21.3,0.5,7,0,04-22-2025
0x7c0ff65d46fcef963d4f86e4dc57f29193112bff,0,0,0,0,,1,0,,0,,,,,,,0.7,-0.5,04-22-2025
0x0501a97c6f6ec7c299784c6bfda728cb44b7c59c,0,-5.8,-5.8,-5.8,,6,0,,0,,,,,5.9,0.3,,,04-22-2025
0x2c018229856a6703c26b07f9af4b5515728ab941,-0.4,-7176.2,5786,32774.5,26.9,817,709,-38.8,124.2,139,0,0,270.3,432.3,1.5,14668.5,46.5,04-22-2025
0x7612ae460ad0e322cbbc92ff57171ae5d887b419,0,1047.3,1047.3,1047.3,,73944,0,,11.5,,,,,0,0,,,04-22-2025
0xbb0e019774fd009ed4c423a119217c92c212217c,0,20727.2,39979,44917.9,37,838,1675,127.2,549.1,75,0,0,199.8,18248.7,-2.1,3347.7,1.9,04-22-2025
0x7f44e0614c718ee00ea90cf7253b3f455e43f561,-130.6,-192.7,2045,20609.6,33.3,39,28,-9.2,5.8,8,1,0,18.7,263.3,-4,881.5,7.8,04-22-2025
0xa8e5003206d2f0e1a4ca4fe8b36c99f1698c0b5d,0,0,-29.7,35486.3,,0,0,,0,,,,,756.2,-0.1,,,04-22-2025
0x6d3798709bb709f72bd466ae8003d0d01a15ee8d,-4095.1,0,-23292.7,74634.2,,0,0,,204.8,,,,,0,0,317.7,72.5,04-22-2025
0x3ffe07bfee9539621b3173e764c19d882924beca,-3171.6,-396.1,-2205.8,-8895.4,,7,0,,10,,,,,31.1,-2.4,567.7,-85.3,04-22-2025
0xd3af12009be9ca7b807ab938b3b090f3b33582a6,0,0,0,381,,0,0,,257,,,,,0,0,,,04-22-2025
0x3e7ad9ffb1371952efdf88554b547cbd0d1f3594,0,0,-162.5,-168.4,,5,1,,12.1,,,,,63.8,-13.3,,,04-22-2025
0xc94a967c11c9258f48bfeb9dc0b127e896aa9023,0,-116.3,-22126.6,-263343.6,,14,0,,3709.7,0,0,0,,6118.9,-2.3,7467.4,-26.7,04-22-2025
0x5fa6dd8ac645c4511b151a6766e1724e4ceec6cb,0,0,0,582.7,,0,0,,0,,,,,0,0,311.8,25.8,04-22-2025
0xdc7be17e6c09f872faf381f0213b9266ff041b5d,0,0,0,0,,0,0,,72,,,,,34.2,0,,,04-22-2025
0xfced0690245050869f87004948c7d91257b3bfc6,0,705.3,-495.6,-10360.9,,154,80,,131,,,,,4813,0.3,6213.4,-3.1,04-22-2025
0x8504d3c347925bdf9f95a78903b9e20526e90685,0,0,2335.3,2335.3,,0,0,,594.7,,,,,0,0,,,04-22-2025
0xb498a5a1965c60153987c61ecd19c73121639588,0,0,0,131.6,,0,0,,69.7,,,,,0.1,25764.4,,,04-22-2025
0x6576ba5e3c24f031f33547810ef62e769f6698a2,-645.6,-1980.4,21970.2,100801.3,25,18,19,-165,10171.1,3,0,0,0,1048.7,18.5,2590.1,-10.8,04-22-2025
0x7ad219426db87038cc10822192e073bc6782ba1e,0,0,889.1,259.7,,0,0,,359.2,,,,,83.2,-6.8,6577.1,-7.6,04-22-2025
0x751c24dda47b6ed6c2fe876cdda9ccb590d499cd,0,-6.1,-6.1,-6.1,,15,0,,0,,,,,26.1,0,,,04-22-2025
0x76679fab100b619d92d6b11d4fa580d813888888,-356,0,0,3647.8,,0,0,,95.5,,,,,930.9,1,499.1,0,04-22-2025
0xf6378d0d504a674080f4594262e07e087ebc9281,0,-226.6,-178.9,-178.9,,2,5,,413.2,,,,,4,1.9,,,04-22-2025
0xa89f6815e32800432b3e1f5ffd113494c9d07f14,0,0,0,-1149.3,,0,0,,0.5,,,,,55.1,-3.2,,,04-22-2025
0x55ebc6dfa4f1ac5f15412b3593d0540f9f556528,0,0,0,0,,1,0,,0,,,,,0,0,,,04-22-2025
0x56c7bc295458bd4a49b55b887189b1af8bc2b278,0,0,0,71.5,,0,0,,0,,,,,0,0,,,04-22-2025
0x610ef307ae682088db2219bcdcee464f923e7090,0,0,0,48056.3,,0,0,,0,,,,,585.4,-0.2,2322.5,-3.2,04-22-2025
0xb210544b1cc674021e458627bafc4048398f1281,0,33.3,33.3,33.3,,1,0,,20.9,,,,,8.1,0.3,,,04-22-2025
0xfb6a651775a84c4b04d2d40c4d45c05a5c22d6a6,0,0,25743.7,270949.6,,0,0,,14.2,0,0,0,,35.2,-1.7,5124,-20.6,04-22-2025
0xa5582a2dc4e6f42faa5b16fa088aded64d733594,0,0,0,14229.2,,0,0,,0.8,,,,,0,0,3120.6,456,04-22-2025
0x8bc90f07c9687f78cd67660ef326d85c22841872,-273.4,-136.4,-2046.4,1183,,6,10,,0.3,,,,,882.3,-19,78.1,-48.2,04-22-2025
0x044e066d907dd1977e1e73660726aea4d953661b,0,4.7,4.7,4.7,,77,0,,140.5,,,,,60.7,-1.8,51.9,-34.8,04-22-2025
0x000000000de11e145ab169cbdf19083c4e46257f,0,1547.5,-176850.1,187931.8,33.3,435,489,8.6,30.1,138,1,0,160.3,163951.2,0.7,6055.5,3.4,04-22-2025
0x1fcb65c1588d8129336432b86d88738254617a8f,-8630.4,-472.6,-8711.5,-17399.8,42.9,61,26,-67.5,10.1,2,0,0,92.1,227.4,-24.9,284.1,-30.4,04-22-2025
0x467b3cbe98082adb6cf8c441b1906a1c0513c25e,0,0,0,0,,21,0,,9.3,,,,,0,0,,,04-22-2025
0xac2fa5606c62ed09accd6442bcf3111aee5d2dc1,-2236.3,0,4.3,-7654.9,,0,0,,6580.8,,,,,15.2,-3.9,,,04-22-2025
0xafad7b7c8f16dfcdd94c785e1469ed5ad3371fce,0,2313.5,30632.5,89679.3,32,36,39,92.5,214.2,8,1,0,9.5,511.8,8.6,495.2,-5.2,04-22-2025
0x59458a6d71ff1e5a0053188f5e9cf059ff2e5875,0,-12.6,48.9,-2475.6,54.5,1018,554,-0.2,5.6,24,1,1,156.2,210.3,1.9,1011,17.1,04-22-2025
0x11af4f1b3dfe06d26cd2cf33cfe4d159221e25a5,0,0,0,0,,0,0,,1.1,,,,,9.6,0.7,0.1,0,04-22-2025
0xbd145828c57a3a05dab4df0306819ebb10224b2f,1178.2,3309.3,5101.1,13925,100,0,37,3309.3,70,0,0,1,865.9,7.6,197.2,,,04-22-2025
0x48205d8a019191230999ae5947c3310bc53f748f,0,-1.2,-1.2,-1.2,,6,0,,0,,,,,15.4,0,,,04-22-2025
0xbaa68c3bda0992515031349d4652504a81ce302d,-58.7,0,0,-32.1,,0,6,,0.6,,,,,0,0,,,04-22-2025
0x7338c3d9ce8b88886c999cdc1aa1b62163f0d8c2,0,-862.8,-1389,-628,59.1,313,123,,86.9,0,0,0,,113.3,-2.7,110.2,-24.7,04-22-2025
0x66666666e62f30d4b0f906fb137553b0c6b2678d,0,-35.2,-3635.2,-1169.8,65.7,6716,5485,-0.1,49.3,306,2,6,156.2,3553.6,-11.2,114.7,28.1,04-22-2025
0x263e4f21ffd4aa55f1ddb47b35834df2d45ae971,0,5.6,10.4,40.1,,0,4,,9.8,,,,,0,0,,,04-22-2025
0x7353c746ecb450ea407693f593ceac5ee5cb86ed,-70760.8,0,1085.9,-45475.2,,0,0,,358.1,,,,,142.5,1.8,9393.7,-31,04-22-2025
0xbdc45a7cdb340c9f35bc2fe6903c6bf09209ba42,-9.5,0,0,-235.2,,0,0,,0.4,,,,,26.9,-13.5,40.2,-7.2,04-22-2025
0x77365867b7cc496e4da0098926e4a8865489bf7b,0,-30.3,-104.9,30.3,60.5,3525,2356,,1.2,0,0,0,,69,-12.5,122,-14.4,04-22-2025
0x3814040ad9cb53bad432a0047db8a5307de885da,0,0,0,835.6,,0,0,,0,,,,,349,-0.1,,,04-22-2025
0x074653b12ebaa1ed99998f20c7555f4e97e77e76,0,19.7,19.7,19.7,,8076,0,,0,,,,,0,0,,,04-22-2025
0x51d5c96d6b34a7b56b94192a6ae6993b472b74b1,229.1,-16.5,-58.7,138.7,25,92,37,-0.2,10.2,51,3,1,128.7,2.4,908.8,0.8,9.2,04-22-2025
0x7cb85ee6a587a1184e9d074fca9afc55a75b3b2f,-858.2,0,9927.1,30064,100,1,0,0,1909,2,0,0,76.9,76.3,-3.5,5688.6,19,04-22-2025
0xc1c0a7a6a9637b9636cd9b9f72a37092c77f5827,-4592.1,4946.7,-31882.6,-2629.1,,19,12,,272.3,,,,,272.2,-0.6,2027.5,222.2,04-22-2025
0x955553f124091f7b7b82ad29be610e0a0eaab816,-750.6,0,102014.5,133609.1,,0,0,,59,,,,,68.2,-1.7,1103.1,1605.1,04-22-2025
0x9db0b932a2e03049931aa838443391ee98dc85af,0,0,0,0,,13,0,,0,,,,,0.4,0,,,04-22-2025
0xc4adb70017bd6ec33c78fd08bab95e935231fb42,-47.7,-173.6,-1035,-1503.1,,2,2,,13.9,,,,,477,-2.9,291.7,-47.9,04-22-2025
0xcffc00c78c2f8e65013e68cfc66928cd3b72526d,0,-32526.2,-18583.9,-344560.7,55.2,438,394,-246.4,153.2,102,0,0,157.3,11268.3,-2.9,2592.3,40.5,04-22-2025
0x7fb48e9520d97e9010b971d1b9000ca402f518f4,0,-0.4,-0.4,-0.4,,1,0,,0,,,,,10.1,-0.2,,,04-22-2025
0x9606497d74c63a2c241173639193330978c4d4d1,-297.5,0,-295.3,-596.6,,0,0,,5.7,,,,,174.7,-9.1,37.3,-90.4,04-22-2025
0xc8a4e5d22e5b4b9dc7965df2cba44937005a9f34,0,0,3122.4,525.2,,0,0,,0,,,,,138.4,23.6,2627.5,-2.1,04-22-2025
0x42ca4fd28cf54e6da68a1565d2e42cad705d7734,0,0,-1271,23229.3,,10,0,,4062.1,,,,,7661.1,-0.8,1901.7,-13.3,04-22-2025
0xcaf1a54b2e338cecc8987cd5dbea0b5d69638c54,0,-590,-9065,92207.2,,1,2,,125,,,,,241.2,8.6,1654,-13.3,04-22-2025
0x6a2ba0ab3b2c80b80b2c241711f2e23053e20c0d,0,0,0,27009.5,,0,0,,0,,,,,0,0,,,04-22-2025
0x4591d767d7a0cad2971fbe5bff1d4f6a27434dcf,0,0,0,-47.1,,0,0,,0,,,,,66.2,-0.8,92.1,-98,04-22-2025
0x47ec373b8588ba1fc7a08dcab5189060bf255720,0,-466.2,-466.2,-705.8,,9,4,,7042.3,,,,,0,0,,,04-22-2025
0x55a8c4e35a64235c96cba85d38b4e2d0e59466cd,-138.3,0,0,6437.4,,0,0,,24,0,0,0,,419.8,21.9,606,12.7,04-22-2025
0x0c7c73a8f1e1b83a00ca1c2f79525fa3cbae7d5f,0,0,0,0,,10,0,,0,,,,,11.9,-1.4,580.4,-94.5,04-22-2025
0xad8d50fce02173d414f8aada0192d5a072c5f9ba,-179,0,265.1,2838.4,,0,0,,10,,,,,905.1,2.8,886.1,-13,04-22-2025
0x0b13714fd9277901c617de6f8aeecef18681751c,0,108.8,108.8,108.8,,19,0,,0,,,,,65.6,-0.7,,,04-22-2025
0xe3a06f028c5266dcde964a58ec2f3eec7d75135e,0,0,-55955.5,-55955.5,,0,0,,286.3,,,,,0,0,,,04-22-2025
0x9af92e34d80e8fc7c775c43776de2231f7549cb5,24.4,0,76.9,120.2,,1,3,,5.1,,,,,0,0,,,04-22-2025
0x88ed62e15f0048950984f3c31dfe6ba7d6807fae,-1067.7,0,0,-271.4,,0,0,,6.4,,,,,2.4,-0.5,,,04-22-2025
0xae7b4053867824e3cc5c63a512e3198f03aa3680,-121.9,0,-242.6,349.4,,0,0,,0,,,,,218,-6.7,250.2,0.6,04-22-2025
0x6bc4a1e78f03ae4f769eb481817e6ee892998e20,0,0,0,761.5,,0,0,,0.6,,,,,0,0,,,04-22-2025
0x53935500aec69f44ee53c65069ba9687f4182463,0,23.5,23.5,23.5,,40,0,,0,,,,,16.4,1.8,,,04-22-2025
0x84749cc80d37f64488b198251cb99cd805a118df,0,189,8436.3,138726.5,62.5,73,53,8.6,312.6,14,0,0,98.6,6064.4,17.5,70.3,-100,04-22-2025
0xb0e432ec31f51d4d649624ffde87ab1ef91456b3,-1.1,0,0,-678.3,,0,0,,0,,,,,120.4,-5.5,888.1,-29.1,04-22-2025
0xed4ed2d42f0d41df02e767610298977e9faa7e8c,-121.9,3055.6,3055.6,2933.7,,23,10,,60.2,,,,,0,0,,,04-22-2025
0xa25224b3031c4e5e4e90740c719e56dde2e2216e,0,0,0,-133.5,,0,0,,2.4,,,,,0.1,30174.9,1194.7,-23.8,04-22-2025
0xb879afeb700e694ad69607ebdf343edd5feec713,-75.9,-1.8,-33.8,8720.2,,3,1,,0.5,,,,,492.7,-26.4,127.3,-12.4,04-22-2025
0x445e180b33b327b51169ec7569df1202430b395c,-0.1,0,0,1.1,,0,1,,0,,,,,2.3,-3.6,,,04-22-2025
0x2fdca3c0c4d7e92f9d874ccc381d07367c646755,-0.3,0,-2472.5,-4975.6,0,0,0,0,1950.4,0,0,0,0,0,0,471.9,3.3,04-22-2025
0x69a3503b722d093c61210bd955c3c7e01c16bb74,0,0,0,3345.7,,0,0,,5.9,,,,,0,0,,,04-22-2025
0x91b68237f794e90b9f774dd46744b3b842f74f3f,0,16516.5,16516.5,16516.5,,3668,0,,0,,,,,0,0,,,04-22-2025
0x7772b6be4e26cea784d65917fc82394fe87e735b,-1.8,0,-18856.4,-17057,,0,0,,9,,,,,0,0,,,04-22-2025
0xbf0a18a282228293b18fc29342c3bf6fc6e360d8,-1611.9,338.1,338.1,-1212.5,,0,3,,16.6,,,,,1.1,-0.1,394.2,-8.8,04-22-2025
0xf99593c99c5d7bc13407da329c82fea7f778030a,-32368.4,3551.6,6450.4,190204.5,66.7,2,6,710.3,860.7,2,0,0,1494.7,6970.1,-26.7,444,-63.9,04-22-2025
0xb37c650375c543620af2e74a5aefe3885423eda9,-0.6,0,0,4252.2,,0,0,,72628.6,,,,,6713.7,-7.7,,,04-22-2025
0xf398697b6445e919a9e11ae6b17b6c564b6ab23e,0,0,2689.8,2689.8,,0,0,,0,,,,,0,0,,,04-22-2025
0xdfafa254c175c67c563ef7b26138996a036a5d82,0,0,0,3292.6,,0,0,,0,,,,,0,0,,,04-22-2025
0xd8059af133dbd407c5f40a2de762ad2d183211f2,0,0,0,16787.4,,0,0,,0.1,,,,,1009.9,15.4,1455.1,15.5,04-22-2025
0xc59d8dca5a82891032479e2f4cd7d6c2b67e47e7,-994.8,0,0,8593.4,,0,0,,249.2,,,,,0.2,-3.1,,,04-22-2025
0x827e88fffe0b5557646158064213a530e150b150,0,0,0,0,,3,0,,0.1,,,,,0,0,,,04-22-2025
0x099f9ab16c24d5aa12454b3c3a1685ed22920a35,0,0,0,1121.1,,0,0,,40.7,,,,,0,0,,,04-22-2025
0xe955a497aec09bc7abb956ec436e9a28ea3897e8,-4.9,-137,280.1,281.3,,82,70,,0,,,,,70.6,-10.5,137.9,-14.1,04-22-2025
0x1111e09c4d899ba268dc0d6e5a3bb13379ac6051,64.1,15786.5,41659.9,313495.6,51.6,5993,3349,50.9,37668.9,226,3,13,237,,,,,
0xbbb0d0cd49811bcf75d4d62a8a8434e329db50a1,0,-1.2,-1.2,49.7,,0,4,,5.9,,,,,0,0,,,04-22-2025
0xd8d738394837e6fb6b3c62f2067cd7b747a42046,0,1761,6583.6,20483,98.8,93,93,21.2,144.1,82,0,0,,557.5,5.5,,,04-22-2025
0xd95ed814c61d3ebf47efcc6abda47880688e18a7,-425.2,75.6,6618.9,11703.4,41.2,18,19,3.6,63.1,10,1,0,31.3,10.9,-15.2,47,21.1,04-22-2025
0x82af35db545dea9f7e97e6198b76c650e19f8643,11683,0,0,12714.4,,0,0,,11.8,,,,,122,474.9,,,04-22-2025
0xa966cefe6da72b04212b48cdf3c603b36145a844,0,0,0,0,,86,0,,7.4,,,,,0,0,,,04-22-2025
0xa0471112df11d026559d32a65e3a63a253d1940f,0,-1887.9,-394.9,44574.1,59.3,6253,4289,-3.8,390.8,296,7,10,164.1,7242.2,3269300,682.3,69,04-22-2025
0xbd0d1b8935a44e308cf963f4997c30f252fb85a1,0,-173.6,-173.6,-173.6,,346,0,,1,,,,,118.6,5.4,,,04-22-2025
0x8d9f9861e9a118998ff8ca3b710ec517201b397f,-2284.7,-8.5,-104.8,12414.8,,5,2,,12.3,,,,,43,-38.9,296.8,-86.2,04-22-2025
0xcdcf280a142c801957d4fb6e806d0d4174ddf979,0,-75.4,-43.7,235.2,,6,10,,1.1,,,,,16.9,-0.5,,,04-22-2025
0x0de2dfda92cc907ddb1075002912b2d4cedf9cde,-273.5,0,-3317.8,-2604.5,,1,0,,2.8,,,,,398.9,-12.7,838.8,26.9,04-22-2025
0x41ab9a74b8209cb3f7e1e697864ebe1b716c4dcf,0,-11618.6,-22298.3,-21934.9,,13,2,,16.7,,,,,0,0,,,04-22-2025
0xc1b8694f313e74b93493a2484be9f8069021aaad,-12265.5,-1170.2,-1170.2,-57394.4,,38,1,,2320,,,,,90.3,0.1,8716.5,-36.1,04-22-2025
0xc821d3d24c27c713a9e2758086bd29b23f7381e2,-2694.9,0,0,-40813.6,,0,0,0,2.8,0,0,0,,9.7,-3,2452.1,-89.3,04-22-2025
0xd9c441b5a8c6252c8ed9bc23e430663870ae298a,0,25.9,25.9,-1117.6,,1,0,,8.2,,,,,2.8,0,8.2,0,04-22-2025
0x6ee5d517d950175af5270f46615c930a773b37e9,0,0,2585.1,2354.8,,2,3,,1864.1,,,,,0,0,,,04-22-2025
0x5eb45a6510027bde48cf4b576f1c95717aeeacf1,0,0,0,0,,0,0,,0,,,,,0,0,0.1,0,04-22-2025
0x2d7c6c3ab7ca06b610c99e68c17b6c08921cd424,0,-120.2,533.9,9200.8,,1,3,,36.9,,,,,150.4,-6.7,390.1,100.8,04-22-2025
0x6946d065a13d93a12ec907f9e7a3e377f11bde15,0,0,797.6,-1739.9,,0,0,,0.2,,,,,90.1,-1.5,629.8,200.9,04-22-2025
0xb89780583ff0027f4512d8a6ab443dd0d2beecd1,-104.3,0,-1813.6,5922.6,,0,0,,5.4,,,,,4,-2.9,,,04-22-2025
0x5f13db1da20f1c134c5bc12d8d22e55aa4275882,-35346,-205.4,-6868.4,83311.6,0,4,2,-34.2,3629,4,0,0,641.1,1188.1,-4.2,11503.4,-46.6,04-22-2025
0x8d0b3411d91788568c645fa3b6de7de124ed30b4,-113,0,0,3261.4,,0,0,,0,,,,,120.4,16.8,,,04-22-2025
0x9e609b099c7d58502bb2cb5eeb9a3269f225daf3,14219549.4,415.3,5294.4,14246964.3,100,37,37,10.6,122.4,39,0,0,,1639.2,2.8,,,04-22-2025
0x7c03a3f6546946842eb7989ebea00e07341fde10,0,0,0,-3115.7,,0,0,,0,,,,,1067.7,-0.7,682.4,216.6,04-22-2025
0xafbdebbc9c67c5981e65970195b3453e46b13c2c,0,17.4,-1463.5,-1463.5,,1,4,,1834.8,,,,,3.9,-2.5,47,-20.4,04-22-2025
0xdd74b38646d0c8a9f44a9f44483c1fb233a45baa,16913.7,0,0,16913.7,,1,0,,13,,,,,55.8,603.9,,,04-22-2025
0x4a2d1869dc0fe8984ec393b2d791929f0bf5814f,-4049.1,0,-1030.6,4934.8,,0,0,,38.8,,,,,0,0,7.5,-1.1,04-22-2025
0x15a0f9c380aef0d063ee34fc75eda5bfa93564ca,-161.4,0,219.7,111324,,0,0,,18.6,,,,,98.8,-0.2,1548.5,10.9,04-22-2025
0x2614e699bc4b9193b33391b27a50b993a6657ccb,59.7,-54.4,-33.4,26.4,,38,32,,158.4,,,,,17.1,-21.7,5.6,-28.1,04-22-2025
0x3939c1320342dcda9cef8d477a9886bb02cab3f2,-98.3,0,-0.5,4446.4,,0,0,,61.3,,,,,16.9,-2.9,708.8,-23.9,04-22-2025
0x622fb4f9948d182a0290fef9ec62c6c843e78f2c,0,72.6,72.6,72.6,,43,0,,0.7,,,,,16.8,1.1,,,04-22-2025
0xeab9af1c9026fe34898becdf2d6641ef87734c2e,0,1.5,1.5,1.5,,39,0,,10.8,,,,,13.4,-6.3,,,04-22-2025
0x7929eecb5b191f198620e689190a9cdb8e2d0c6d,0,0,0,148.9,,0,0,,4.4,,,,,0,0,,,04-22-2025
0xe017247ae17803e12177f424760318e0129edb90,0,223.7,1211.9,-1286.6,,3,5,,159,,,,,276.4,-7.4,853.3,60.3,04-22-2025
0x96171cd8e99574780ffb03a5fe3681d715ac71e5,0,0,401.1,426,,0,0,,0.3,,,,,82.8,-7.1,128,-18.4,04-22-2025
0x659dd27f0104292dd159a27cf840e2993e352bd8,0,0,-14705.8,173692.1,,0,0,,0.5,,,,,906,-0.1,3503.6,-82.5,04-22-2025
0xc5c3d8454f9c9fa5e5395703fc71d153e8a64f46,0,0,0,1347.5,,0,0,0,0.2,0,0,0,,577.9,21.7,,,04-22-2025
0x8b8980fd41fab2eb56c1765e0c89be3fa3492ba1,0,0,21.1,39.3,16.7,0,2,,247.1,0,0,0,,1.8,-0.8,13.1,34.5,04-22-2025
0xb2ec34f3a148822cb0910fdf5cefe1265a4f2a70,-65.6,0,4103.2,88000.8,,0,0,,0.6,,,,,108.2,-6.9,2768.4,2047.8,04-22-2025
0xc0c7d911b56f6d37b68d26dfe815f07328ead9e6,0,0,0,81,,0,0,,1.2,,,,,2.1,7,9.7,4.6,04-22-2025
0xc62f2cf8b5c81979be62ef8930d79e2bed87ce21,0,-1803.1,-6467.5,-5294.2,31,286,165,-36.1,602.9,27,1,0,183.3,10967.9,-0.3,2561.9,-6.5,04-22-2025
0x864e61648958de4d0554835ecdf52acec6c527e1,0,0,281.3,19707.1,,0,0,,0,,,,,8185.7,-6.2,3063.8,-7.8,04-22-2025
0xa0b2c215c7e7ca12e8c1e2e6f5b817b4d9e1bf65,44.8,0,394.7,3410.3,,0,2,0,44.5,1,0,1,253.8,106.1,22.3,136.7,4.1,04-22-2025
0x6a532034a71fa1df8544ba9f9223962dafd318e2,0,0,0,3808.6,,0,0,,72.6,,,,,0,0,2354.9,161.7,04-22-2025
0x384d34692ee458711d0189164aca9a42693f8af0,36233.2,0,-19853.2,602109.7,,0,0,0,263.8,0,1,0,934.8,1230.7,7.3,1884.7,-72.9,04-22-2025
0xac35b520f0095b76f387451f74d11abaffb042b7,0,-198.3,1834.1,1802.1,,23,17,,267.1,,,,,171.7,0,119.4,-13.1,04-22-2025
0x46f9e9a3bfba691ca6cac36519f70eed3e50d487,-1200.3,0,-15720.1,-16920.3,,0,0,,0,,,,,112.6,-7.6,2142.4,-70.7,04-22-2025
0x82472cce52a70e89a44552958c0d1b66a2effda0,0,0,0,394.4,,0,0,,0,,,,,0,0,,,04-22-2025
0x7dcae1f1de7664fef86708a8197450ac47e01789,0,17923.6,42060.1,80323.3,50,46,61,618.1,714.4,16,0,0,18.3,495.1,16,7781.3,100.5,04-22-2025
0x9bba0391f35d03a157b5034bc27e7e6c174d0c37,0,0,0,90.8,,0,0,,1.2,,,,,19.1,3.6,4.7,-0.6,04-22-2025
0x251ed840f35743af5c3708e10e3c0bfa64e055d4,0,0,-2937.2,833.6,,0,0,,0,,,,,489.7,-5.5,604.1,-56.5,04-22-2025
0x291b187ea5e0bbe45c185412cd201ce98410a33e,-0.7,0,73.3,169.2,,1,15,,4.7,,,,,0,0,,,04-22-2025
0xdf835d7df5c1db3dc5a46ace8b9afadc23b1818d,0,0,0,-1198.7,,0,0,,0.5,,,,,0,0,,,04-22-2025
0x1e252dac22d8893cfea31ff01ce16ea7b5eae730,-124.9,-199.3,72.7,-52.2,,25,10,,1815.4,,,,,0.9,0,11.5,48.1,04-22-2025
0x4af60417d31b3f8368689fe3bc86b0d6d17e0d8e,0,17.7,17.7,17.7,,79,0,,0,,,,,21.1,-0.8,,,04-22-2025
0x7f2f1f2b399241f1955676ed3b8603cd6e83b11e,-245.8,-138.8,-119.9,-393.2,,0,5,,19.6,,,,,21.5,-11,49.9,38,04-22-2025
0xae0bae600260e45087576c56ea65a3daddef405e,0,0,0,125616.7,,0,0,,0,,,,,18253.1,4,4492.2,-13.7,04-22-2025
0x15bc356248ea98255cfc4240be652aa3a6d6d9da,0,0,0,0,,0,0,,0,,,,,0,0,0,0,04-22-2025
0xa24a15572d8020c5432582a8859c87a3a2a0a209,-329.3,-10984.3,-3669.9,7692.8,,66,49,,0,,,,,4180.8,-5.9,1851.4,4.7,04-22-2025
0xe28227f55cca1631345ed55fb5ad0eb9c2ed6565,0,-395.2,-4407.6,-14746.8,,17,4,,8105.3,,,,,6251.7,-1.4,4751.7,-44.6,04-22-2025
0x8fdcb047dfff8a67a10230aa26a24460e633d8a2,-3,0,2939.8,1217.6,,0,0,,0,,,,,7.5,-4,,,04-22-2025
0x8c32b0ab2cdf641dac268a2fc30e3b505a03b897,1,0,0,8072.1,,0,0,,0.3,,,,,47,-4.5,285.2,161.9,04-22-2025
0xaada48389e2f8d8b6dbfd0ec3609f9bfadba9950,-99.4,-89.1,14719.2,14619.8,,1,2,,514.4,,,,,0.1,0,,,04-22-2025
0x28c0dc9cb414bf02f7c7f0fb204f83ead1cb7a52,-399.2,-113.8,-119.3,4856.3,,3,3,,30,,,,,105.9,-10.9,558.1,-46.7,04-22-2025
0x6a910e704b183d36f7ee096babdc72c8617513ef,137.9,0,84.9,385.2,,1,2,,10.4,,,,,2.4,-0.3,,,04-22-2025
0x82081107e8a7ebc1f1bcaeb52c929164e4042ed8,0,-1208.4,6870.1,85924.8,55.8,13143,11773,-2.4,388.4,289,4,8,103,81807.6,17.7,12.9,1.4,04-22-2025
0xde28603450bd72c20e71f8be8f56c6b59a0db844,-109.9,-1625.4,-2400.3,-6904.1,,18,9,,3.6,,,,,1253,-12.7,2472.4,-17.8,04-22-2025
0x75442e1c7eac20984208f0f706bfac1561d31a88,0,1526.7,-4017,-4017,,29,4,,1.4,,,,,0,0,,,04-22-2025
0x1f64d0e8057783438418f212a58d3b61207ebed5,0,4823.4,4823.4,4823.4,,180,0,,301.4,0,0,0,,0,0,,,04-22-2025
0x3a503b3ce90845e75b039bf044f04c5e557a4a78,0,2181.3,-2185.5,-30333.9,,148,69,,108.2,,,,,3624.5,-0.1,3884.2,0.4,04-22-2025
0x060a5fde8233f4502d8104598543d3021295f02f,0,0,10273.9,10273.9,,0,0,,4.1,,,,,77.9,-5.1,2164,94.9,04-22-2025
0x72951a24fe0414a7a52007d051f89655930cc605,0,0,0,0,,0,0,,0,,,,,0,0,0.2,0,04-22-2025
0x8d186109e2ebb992a1687d65c77b946dca727b15,-1102.1,-2541.4,-2541.4,43088.5,,2,2,,5.7,,,,,1064.6,-2.9,,,04-22-2025
0xb7b53fe02da4395a562cb51bc8f955e021665dce,-12532.7,0,-22091.2,187582.8,,1,1,,83.2,,,,,327.9,-30.9,409.1,-68.7,04-22-2025
0x89e29b81a6adfc08c1eb6f7cfdfddb1a245ff82b,-1034.7,-1947.5,-2434,11931.6,,16,5,,24.2,,,,,1892.5,-3.6,67.9,-96.3,04-22-2025
0x435551c62f933a1466fe46c6ac431ab8d8f8d2bd,0,0,-20740.8,-20142,,0,0,,0,,,,,105.8,-0.8,9975.3,-10.5,04-22-2025
0x0cf9d8450a4e3a04eff9f25d330b5f6c7dbaaf48,0,3459.8,-4668.7,-8393.1,,152,84,,102.3,,,,,6130.9,0.4,5909,2.6,04-22-2025
0xacca01758785cefd30817ff9d772f58c0be6f447,0,3,9.8,10.4,,1,12,,12.3,,,,,0,0,,,04-22-2025
0x978f1e8253b319e95f05f4e4c3eaaf656380f92f,0,0,0,776.8,,0,0,,0,,,,,0,0,,,04-22-2025
0xaf76bef5c01ac090b0c202184188d7f1b6887c2d,0,8.4,8.4,8.4,,44,0,,0,,,,,4.9,0.7,,,04-22-2025
0x160204bf116c9853147bc65cf65a180fb5d16fcd,-12.1,3044.8,14473.1,32523.3,45,24,37,152.2,557.5,10,0,0,0.1,622.8,12.8,589.4,9.2,04-22-2025
0xd15b232e1a8fef7047266d1f50899858915f3fa2,-9,1639,4904.3,1737,60,2,2,819.5,622.7,2,0,0,48,7.8,-4.3,3456.2,-21.1,04-22-2025
0x4398958cf357ab54fb382d4044e68718754ed995,0,161.4,7365.8,43495.1,32.3,161,88,5.2,1988.6,10,0,0,6.9,368.7,-7.3,2718.8,8.6,04-22-2025
0xadbed5d7166c24ba588fb82c69b34f32a7ace371,0,0,51013.8,138614.3,,0,0,,0.6,,,,,0,0,,,04-22-2025
0xd872bea24832618b09a060ca97c98d5df915fb67,0,0.1,6050.4,-2235.7,,0,8,,0,,,,,15.6,-1.6,618.8,-56.8,04-22-2025
0xb37a9981d040d3ad615c30ecb18303c66e835b8a,0,0,0,133435.1,,0,0,,0,,,,,6578.4,92.3,1489.6,54.4,04-22-2025
0x80fa4efc94c47468f5efdfa4a30e097bd61d059f,0,0,0,0,,5,0,,0,,,,,,,,,04-22-2025
0x474675c21a230ca54a97a65745fac789c1d08870,19.3,18.3,63.3,375.7,,1,10,,2.5,,,,,0,0,,,04-22-2025
0x244e8457959450f24e23d80d298061c08cabaeeb,0,0,-170.9,859.4,,0,0,,0.3,,,,,0.7,0.9,60.6,-3.5,04-22-2025
0x84d6ae3f2b28cfbc5b0810b062cd719b20b30679,-1911.7,-185.6,3999,2087.3,,176,20,,51.4,,,,,82.1,-5.1,596.4,0,04-22-2025
0x5d2261cd4a1683767e9c5860597e809aa7659072,0,0,0,117.2,,0,0,,0,,,,,79.3,6.3,,,04-22-2025
0x34721b6039914a9151fd4faf80388b9eeb021ae0,0,0,0,0,,9,0,,51.7,,,,,0,0,,,04-22-2025
0xa2f65496b5178fece0eb724e2fa4f4130c36a70d,0,0,0,13112.3,,0,0,,1.8,,,,,5354.7,0.2,6639,-13,04-22-2025
0xddbeadb1db603e9d1f3129aee215d7528d0bcda7,0,6080.1,19363.5,95929.4,73.2,4176,3725,14.4,5921.7,340,2,2,134.7,30952.8,-8.2,2100.3,-26.2,04-22-2025
0x27d127b3decd8170824eaec853ff1bf6b9a159d4,-124.1,0,0,6298.9,,0,0,,215.5,,,,,2012.5,-4.5,,,04-22-2025
0xb1975c562d8cd94c4ad6f29986a664cb9073f3e9,0,0,-175172.6,82119.7,,0,0,,629.5,,,,,65.3,2.5,,,04-22-2025
0x517c6862d99920e952e0c8b6dd34de5d2876e988,-112.5,0,0,15438.8,,0,0,,0,,,,,1115.2,29.8,2424.9,6.9,04-22-2025
0x32e0385d6d1f74ca6f46606720e86560e18af648,6295,7761.8,-31389,-172406.6,61.4,120857,97578,15.5,117.3,320,0,0,40.6,4445.2,0.7,745.2,3.2,04-22-2025
0x80f7fedb65dd9a1d7320eaad26c35ac1f6e6d7bd,0,0,-67690.3,199072.6,,0,0,,811.7,,,,,0,0,,,04-22-2025
0x53ed30cdd835f019da810ee8573f56a73c9f3883,0,0,0,199.5,,0,0,,1.2,,,,,0,0,,,04-22-2025
0x764375cdcc9b1cf25aa96dace6fe21c185e1d3e5,9075.5,0,0,9075.3,,0,0,0,37.5,0,0,0,,9.9,-6.1,6948.1,131,04-22-2025
0xeae8348535105a9f1b4e9afbd8312b10b4a2dff5,-127.1,-4.2,1124.4,8452.2,,0,1,,0,,,,,186.5,0.6,228.9,-4.2,04-22-2025
0x3e41e4f503dde84d7c0efa79002167e0176dbf26,0,2424.2,2709.2,183991.1,72.2,149,198,22.9,852,105,0,1,93.8,820.8,6.7,2230.2,2.2,04-22-2025
0x822dfb12a80bde987a200ff9d794e9c2e7bf54fd,-0.1,0,0,32.2,,0,0,,1.2,,,,,15.1,1.8,35.6,0.3,04-22-2025
0xeab2abf3bf58f73c45ad86a4606810d2d5d6ab99,0,3089.7,3089.7,3089.7,,82,0,,528.6,,,,,4.2,0.1,1337.9,-19.6,04-22-2025
0xe3b70dfc3b2a414aa47ce1952d2129b26311e851,0,224.4,224.4,224.4,,2605,0,,0,,,,,0,0,,,04-22-2025
0x7fb9d6760fafd3e7998172887e6f9dfe6917fafa,0,0,0,0,,3188,5,,120.6,,,,,4797.4,0,14136.2,0,04-22-2025
0x22f204890b6bdb81aa7423d5ea97186677752ccf,0,0,0,647.4,,0,0,,0,,,,,0,0,262.7,16,04-22-2025
0xac166b6866975c0835f120f8d115385253617824,0,-180.7,-180.7,-180.7,,23,0,,0,,,,,211.4,-4.7,618.7,-3.8,04-22-2025
0x3687ef62d187cd5fd6b3216d0a4f2ba8575c2e88,0,157.3,157.9,1354.4,,8,1,,506.8,,,,,27.7,0,495.9,30.4,04-22-2025
0x46ff5bd163658c2c3c60ea8fc04840ac32e2e07a,673.5,0,0,1269.2,,0,0,0,191.8,0,0,0,,29.8,21.6,,,04-22-2025
0xed9365f250052eabb663518727d7102a0622a714,0,0,256.2,-15464.1,,0,0,,43.1,,,,,748.7,-3.5,1262.4,-64.5,04-22-2025
0xb9506709fdfb3a42dad114cf66323094de9a2587,0,0,53.7,53.7,,0,0,,0,,,,,0,0,,,04-22-2025
0x2acdf490658ab4de7d01891278b46722370a0729,0,813.6,2123.3,16126.2,80.2,14058,11809,1.6,3,409,4,1,50.7,15.9,0.2,4.9,3,04-22-2025
0xd152af916b57824e78f3777281e0a4acba2131f6,-0.3,-15.4,-10.1,-23.8,50,32,6,-1.3,1202,8,0,0,160.2,34.8,4.7,,,04-22-2025
0x05ab52134c726fbbd02f398ede33595325491538,0,103894.2,103894.2,103894.2,,4431,0,,0,,,,,0,0,,,04-22-2025
0x19c95faf3bc75aca40823b9917a6fc56ec323409,0,0,18730.4,482444.4,,0,0,,0,,,,,9953.7,2796,13555.7,37.1,04-22-2025
0xad0baa08427176f17e0714309fb7f85c14e359b4,-3532.4,0,-3269.3,7131.3,,2,0,0,2405.2,1,0,0,35.4,232.8,38,1158.9,-6.3,04-22-2025
0xa490233b1e391604af841fac9db606f42861a9e7,0,0,0,26.4,,0,1,,0.1,,,,,0,0,,,04-22-2025
0x754a8747ce0ff5d25b72e2b210f62f855e1b9d20,-419.3,0,-841.1,8282.6,,0,0,0,1295,0,1,0,768.8,0,0,,,04-22-2025
0x5c68797f9a8770a9e00b0c1ecb4f72ab7eaad1f0,0,-265,-265,-265,,3,0,,0,,,,,0,0,,,04-22-2025
0xbd1af97974c03dbf58ecaa34cd870379cffc24d1,-1864.4,2103.9,2667.3,10487.8,,20,13,,93.8,,,,,820.9,-10.7,1300.8,17.1,04-22-2025
0x1a84b6359f6e00a6f8603d2600a47a6eee6f4904,9568.5,0,0,9568.5,,1,0,,12.4,,,,,68,479.9,,,04-22-2025
0x8cb56cfc374cbdc47d2ae6cdbfd8e54e0c7391b8,7453.3,0,0,26544.2,,0,0,,602.9,,,,,587.6,24.8,318.2,12.2,04-22-2025
0x88618fdd19fc22191a30bde5a02c2f99a51c71b4,0,0,92.5,1058,,0,0,,0,,,,,244,5.1,,,04-22-2025
0x6eb09cd8c9e29a62cb923194836fa6bb1412e6cf,0,-38.1,1368.3,15273.6,74.9,1769,1898,-0.1,53.5,345,1,1,121.2,2082,4.3,1111.3,1.6,04-22-2025
0x8412508cc17913691627629d6fcdd5bb58a1e461,0,49,49,49,,21454,0,,0,,,,,0,0,,,04-22-2025
0xa5efade1007c6b68dae387a2f198cbb0de60cba4,-173.6,8233.1,-6257.2,52584.5,22.2,43,43,914.8,4606.1,4,0,0,118.1,194.7,-5.9,1056.9,-60.4,04-22-2025
0xed7b66830188c880356b5ecc5c8f5e0f3297bf72,0,-34.4,-34.4,-34.4,,77,0,,94.4,,,,,0,0,,,04-22-2025
0x1a8901ccd9039490e544860d17dad032b1b0ef90,0,125.9,125.9,134,,0,4,,100.1,,,,,0,0,,,04-22-2025
0x7136cb5b2000c1064047a61f870a82f54c3ce7ea,0,0,0,0,,0,0,,0,,,,,0,0,0.5,0,04-22-2025
0xb1984e9611f92173cd89c6fe7747fe9cdbbb58fb,-228.5,0,0,6155.4,,0,0,,0,,,,,1121.6,-8,81.9,-62.9,04-22-2025
0x2dde67ae84e230c4db81b11d02f6fa2c14aac0f9,-4359.1,0,0,1699.8,100,2,0,0,5532.5,1,0,0,12.4,2893.2,-2.6,450,-10.9,04-22-2025
0xca1ded4735e0dfc85da85aac7cccb99c46cba193,0,0,0,29945.2,,0,0,,0,0,0,0,,133,10.5,4000.5,587,04-22-2025
0x12f57fa2289b0564e70190a5eb4735113af5a3cc,-984.5,-2442.4,-2470.5,-1932.3,,58,110,,380.6,,,,,21.1,-31.5,117.4,-60.1,04-22-2025
0xd5d670c3281d75f07cd28793b193afd1b3b81b40,-741.1,482.6,865.5,15726.2,31.6,36,38,23,3206.3,8,0,0,11,114.1,-9.1,117.9,22.2,04-22-2025
0x61214dd14f0d1c81ae06580d8cba6651982270f8,0,0,-18852.7,-13520.5,,0,0,0,119.6,0,0,0,,46.7,-3.8,274.9,-23.8,04-22-2025
0x3c55710520da084748b882e59d703575e9c18f34,-285,0,30.7,-86.8,,1,2,,40,,,,,0,0,,,04-22-2025
0xfddd97ca6a7d9750602a330236cb5b3520d8c6b5,0,0,0,0,,0,0,,0,,,,,0,0,0.5,0,04-22-2025
0xda52d37e333963750e2cf85f85f0a16054b3ba3e,-8.8,0,2045.6,-13112.7,,1,0,,75.9,,,,,832.8,-2.7,3091.8,-2.5,04-22-2025
0x000000000050e65abd53cd9a4d9b9500e209a3bc,0,0,0,25233.8,,0,0,,0,,,,,2238.3,1075073352.2,841.3,170023.4,04-22-2025
0x56c7c99adaf8ce7c6c67f7e51b8b9279c0d13359,-1.4,1109.4,20117.4,59954.4,66.7,19,9,158.5,9161.9,4,0,0,27.5,771.8,-24.4,2488.4,-43.1,04-22-2025
0xb66d68978d03b580e2f3e6d8f323dbf709bc0f8b,0,0,0,64.8,,0,8,,4.4,,,,,0,0,,,04-22-2025
0xd799ae7e6d46bb23e396667f21fdc56f584bd553,543095.7,0,-9081.6,613795.6,66.7,3,2,0,3.4,4,0,0,110.3,291.5,-36.8,706.1,-21.3,04-22-2025
0xaf9566c95fd4bfadcd7ff5f8a912bc5d358c7781,-14694.8,0,6553.2,37232,,0,0,,55.1,,,,,896.2,2.2,1878.9,-45.6,04-22-2025
0x27872ee8f6cf0f4da4a6eae61924afaa86d48482,0,-329.3,2034.6,1061589.7,71.4,1859,1361,-1.1,59.8,257,0,1,188.7,2508.1,-1.9,227.8,1.7,04-22-2025
0x09a51417b84b0334558725f0959192970ad273a9,-1097.6,3170.8,13403.7,33134,26.1,70,59,122,1071.2,9,0,0,20.9,342.8,-2.1,1533.9,-20.6,04-22-2025
0xcda462a1231aca6dc29a61fd6c431046d8389129,-1032.8,-3503.6,-60442.2,-94475.8,0,9,4,-1167.9,35,1,0,0,42.8,1094.6,-38.6,2977.1,-51.6,04-22-2025
0x47981c6effa4bd3e097752f63bf88135bf2c7080,0.1,-62.5,32.1,443.6,,4,10,,137.7,,,,,0,0,,,04-22-2025
0x96cd460ff41badb324f6d9e9fb11a38b1e7a3bde,37.4,0,0,37.3,,0,0,,59.6,,,,,4.8,7.1,0.3,1.3,04-22-2025
0x9751b9ab94d6c45a7cafec33052a48e22f280a4e,0,0,0,29658.7,,0,0,,0,,,,,0,0,,,04-22-2025
0x8ad24d283546b376f0ad2e2fd0641d249bd62394,-86868.3,0,-8031.3,26100.6,,0,0,,67.4,,,,,311.8,-19.1,3384.8,-83,04-22-2025
0xe20bd5629f068c25492395f0e0ca184efb1d14cd,0,192.4,192.4,192.4,,26,0,,26.1,,,,,6.6,8,,,04-22-2025
0x75158300b942818aa20a71bca5c4026d08f0bd5f,-747.2,-5.9,-2055.1,6031.7,100,3,1,-1.5,3.5,3,1,0,32.1,173.5,-37.3,602.5,125.4,04-22-2025
0x610bd467b4ae176034e61bba5065f1446529c3aa,0,0,0,0,,1,0,,0,,,,,69.4,0,,,04-22-2025
0x0d8e1f18aa3626794189ea850b420d7097ecd317,0,0,-2127.7,1528.6,,0,0,,0,,,,,82.5,-34.7,274,30.6,04-22-2025
0xfde4013a60e79633c3395578c0b8a79ec397888f,0,0,0,979.3,,0,0,,116.7,,,,,0,0,,,04-22-2025
0x0ae9a4b43af7ba4d5300ce34a57afd0c300ed7c7,0,-4.8,8,228.4,,3,5,,11.1,,,,,14.7,0,,,04-22-2025
0x8f02aaa195af69ad25f2b9dd07179385782f4d6a,0,-495.9,564.4,564.4,,43,5,,4.6,,,,,0,0,501.3,8.3,04-22-2025
0xed4476a3c94ee0938aa594c809bbfd59acc653ca,-19118,0,0,548889.8,,0,0,0,4524.9,1,0,0,,154.8,16799.3,1873.7,-86.6,04-22-2025
0xa72fcd72f45631e529810c7910c02306b7477103,0,0,0,65.3,,0,6,,1.5,,,,,0,0,,,04-22-2025
0xb773e137a2791b070e3fa1aae7dc5c81120fefe7,0,-5.7,-5.7,272,,0,1,,0,,,,,41.5,1236597.2,52.6,-17.3,04-22-2025
0x77d1bd8b9e2145a182af910d39530182fc138d0c,21270.6,0,30787.3,145552,,0,0,,68.5,,,,,302.5,-34,667.3,-43,04-22-2025
0xed95eb18ceb1dd890ae8c426f4ce2971ecee28e0,0,10.7,10.7,10.7,,6,0,,0,,,,,5.9,11.1,,,04-22-2025
0xbb6a6a2044b55b80cd0d1676d5c7fdfc1a67ddab,11718.1,0,0,13273.5,,0,0,,13.4,,,,,189.9,550.5,,,04-22-2025
0xd935c08386352c5084437514e61d723417035a3c,-187.3,371.3,988.1,16823.1,,0,1,,0,,,,,0,0,,,04-22-2025
0xd189761413bda757f2a1658b42510f0d9874f98e,0,0,0,-4800.5,,244,0,0,3850.7,229,0,0,115.9,514.2,0,,,04-22-2025
0x6675c100c0e6dc9246b02bb56d91ba0454f3073d,0,-0.3,-0.3,69.8,,2,8,,2,,,,,0,0,,,04-22-2025
0x0dc219305d996dd39ce0e07374b674799b222c31,-1770.7,0,0,13184,,0,0,,0.2,,,,,540.4,-4,838.6,-26,04-22-2025
0x67e201206a80101091c73a0a874313cefa5dcc8c,0,5.3,5.3,5.3,,21,0,,0.6,,,,,2.5,3.9,,,04-22-2025
0xa028abe1c3445c84142b85fbfee8434f6b1e4792,0.7,0.7,8.5,78.5,,12,6,,2.2,,,,,9.1,11.9,,,04-22-2025
0xaa94e03143af6116ac1afedb1bca3abe7fd132e0,0,408,408,408,,16,0,,3,,,,,70.9,-0.6,323.7,23.2,04-22-2025
0x27e02a9aa53c853c9965b3df6e5f5a23fe11a65c,0,0,0,514.5,,0,0,,25718.8,,,,,34.9,24.7,,,04-22-2025
0x4af700f341e7ab6a00265017db0221010a2c13d6,0,11.6,11.6,11.6,,6,0,,0,,,,,0,0,,,04-22-2025
0x23d5c48c73c51668f4eb3f33fb349f8d0cf4c748,0,1399.6,87798.8,1084109.4,26.6,147,150,14.3,63776.6,88,1,0,147,8458.7,1,14430.3,2.2,04-22-2025
0xbe497f34bb9eabfb2008063e22aa4a64fface6d6,-0.6,3103.6,9621.6,9561.7,,7,18,,0,,,,,132.4,3.9,2531,15.9,04-22-2025
0xfc521b5fb44ffa779761dbe069ae80783752e41b,0,0,0,4684.2,,0,0,,17.3,,,,,0,0,,,04-22-2025
0x9a1e06fda37c94fd3e13869461dceff2bb23a712,0,0,0,38.9,,0,0,,56.8,,,,,0,0,,,04-22-2025
0x4c583c80fae899366ecfaae81602bb7985615b93,-24703.7,0,-4343.1,-44637.1,,0,0,,3053,,,,,318.8,-2.3,780,-8.9,04-22-2025
0xda8b9c9ce88443537936c75952936da966c96426,0,341.8,3031.7,20894.1,46.2,14,14,26.3,3136.9,6,0,0,0.4,286.3,6.6,226.8,-13.9,04-22-2025
0x51c2500bc5702b1a0ada62724298666fa8f01ed0,0,85,85,85,,6881,0,,135.2,,,,,0,0,,,04-22-2025
0xe3dd6a40b3d603853e10dcb436f5d0c07c2f25d0,0,0,0,674.8,,0,0,,0,,,,,0,0,,,04-22-2025
0xbe29c53ca255f4767ad31c0628315bdfb08d70f7,0,0,0,0,,0,0,,0,,,,,0,0,0.4,0,04-22-2025
0xd635441edc395ef522e621e108d4cd062ac0e698,0,0,0,1831.1,,0,0,0,0,0,0,0,,168.2,89,720.2,30,04-22-2025
0x0737cb0eea9d8e52bed71e9393c10bd17c61ea26,0,23.6,23.6,23.6,,0,0,,0,,,,,18,3.4,,,04-22-2025
0xafa485ada823a74437f27c980cbd6bc231882a6b,-5907.2,0,0,-37073.8,,0,0,,13377.4,,,,,0,0,,,04-22-2025
0x3a741e29340d634849ea4bcfbb665b8437f179c5,0,-257.3,-3608.9,-1167.4,33.3,3,4,-85.8,2949.8,1,0,0,227.5,334.8,-13,873.8,-7.9,04-22-2025
0x1268b486c83ce459f9e98c04912179b72c3675c5,0,0,0,12773.8,,0,0,,0,,,,,1023.6,0.1,,,04-22-2025
0x15b9ef65a9a7dc048afec6029ec79bc786d5360b,0,54.1,54.1,54.1,,7,0,,0.4,,,,,135.9,16,,,04-22-2025
0xcf224aee47b8e58bb7984d200851d22f7ebc0648,0,0,0,0,,16,0,,1.9,,,,,0,0,,,04-22-2025
0xa2d5f28452929251325a85e72295da336434105d,-247541.9,-49233.6,-34581.4,103896.7,21.4,14,21,-1.5,12070.1,4,0,0,578.6,1353.1,-46.4,5662.7,-34.5,04-22-2025
0xb943e11e83d06b5db39eece6d5e78f345bc1d1e5,-25.7,0,-5807.6,-7389.7,,0,0,,5.2,,,,,74.7,-2.6,2616.8,-65.8,04-22-2025
0xbb362124fa9da485f64701d1276e4a81697422df,-30.4,-5.9,-233.2,-184.5,,1,1,,0,,,,,15.8,-21.4,53.4,-23.7,04-22-2025
0x1b23fed32b329cf2c0ffa66d887a22524ada114f,0,188.3,188.3,188.3,,44992,0,,34.1,,,,,0,0,,,04-22-2025
0xc7b6d471866a965014cdf23e7fd8f544c07318b2,-487.9,0,-187.5,-888,,1,0,,3.5,,,,,476,6.7,149.6,-39.1,04-22-2025
0x896b96dafec49bf3eb87f9a02b694d9ed8d6a5a6,-2622.1,-18.4,-1379.9,-615.5,33.3,2,3,-9.2,1199.5,1,0,0,0,114.2,-8.2,631.9,-43,04-22-2025
0x36294aab9ef06145214c54abe4d1bb848848086d,0,-23.3,34.4,2484.3,57.1,8,7,0,293.6,4,0,0,0.2,103.6,-4,33.3,-14.4,04-22-2025
0x30951c091c52e6be001c3c24e8752a054cfee11b,-49.4,0,427.8,1436.9,,0,0,,0,,,,,2403.7,3.5,1124.8,0.3,04-22-2025
0x57ad3e494f2984f3026a633e1f6bca27c19a0035,-0.9,8896,1064.4,114379.6,66.7,26,26,468.2,8041.9,13,0,0,25.8,964.1,-4.8,1657.1,-20.4,04-22-2025
0x8232e1df3ee8911e2ce0349adde11fc8fbc1f8df,984.7,589.1,4040.3,16175,54.5,24,25,26.8,2685.4,11,0,0,7.8,199.3,2.6,118.8,-51.5,04-22-2025
0xe25875524b59adf5984f29e5723bf8489a689790,-2025.8,3183.4,23429.5,-24493.6,50,18,7,795.9,18023.8,3,0,0,31.9,6875.3,-17.7,3499.6,-88.6,04-22-2025
0xf23f6da0ea611a4f3c861f66b8d3c21be0f8a83f,-2559.5,-4390.3,44105,185494.9,51.5,166,190,-32.5,3288.3,73,3,0,66.2,502,18.6,2344.9,-3.8,04-22-2025
0x19a1d87854ab81c127775aec0a7a4c29550e654e,0,780.9,4137.9,37223.1,,2,2,,8007.8,,,,,6518.9,15.4,1853.2,31.6,04-22-2025
0xface4e097ecdb389c158b559d9daa3e9c0f4e95c,-10381.3,-285.8,-6626.5,257710.4,0,3,13,-71.5,4.7,2,0,1,503.3,1081.6,-17.5,500,-12.4,04-22-2025
0xf75733a3ff9a0194d2dbbcb2d3fe0ea74aa56a68,-240.5,0,0,95302.8,,0,0,,74.9,,,,,1308.6,-8.8,454.7,-69.6,04-22-2025
0x06b76ecee31bac47bb347aabd99638d65c959696,0,90.4,90.4,3.3,,0,1,,0,,,,,16.5,-11.2,,,04-22-2025
0x9b8b3e84019626c1f3d7617cf60979a2b4fb5cd2,-0.4,301.5,758.9,64792.6,40,91,72,20.1,4228.5,12,0,0,214.9,60479.8,-0.8,42281.7,-0.1,04-22-2025
0x7e4dc4c5ff2a2b80c2880444450b1b976387431a,0,0.3,-9.6,-115.2,,0,1,,0,,,,,54.7,-0.5,,,04-22-2025
0x62fccac6cb7a8a72049aa1092910dfaf7a0d61b7,0,0,0,-403.2,,0,0,,0,,,,,619.5,-10.4,,,04-22-2025
0x6c2377aba74775b78e23569465893d62c8f86c65,0,67.4,67.4,3088.6,,0,1,,4868.6,,,,,0,0,,,04-22-2025
0x4e354c9f70cc7a65d7f7464766b339b7adeeece4,36.7,0.3,26.3,95.5,,1,4,,1.1,,,,,0,0,,,04-22-2025
0xed5a5281b74f92eacfe949c2d5097acfd8ac8268,0,0,0,0,,1,0,,0,,,,,0,0,0.1,0,04-22-2025
0xf09d2320fc8289b0244e4161a9461564d8d1d6c9,0,31.4,151.3,213.4,,120,62,,12.5,,,,,92.2,-1.2,116,-16.3,04-22-2025
0x20c7d38283de99e5816c4bc4be3123428e2cfe1a,0,0,0,0,,8,0,,0,,,,,0,0,,,04-22-2025
0xa7cf6c8a632a8956afece4c86ff3025dc1099f75,0,0,0,23236.8,,0,0,,0,,,,,0,0,1839.1,654.7,04-22-2025
0x1aa5c9af8314d94fa361e314ae04705fc52ae319,0,-2397,-3205.2,2087.7,,169,83,,107.2,,,,,3473.9,-0.5,8103,1,04-22-2025
0xfc30a18c658a30dfb14335027b2ae4032657e48c,-0.3,0,0,27218.1,,0,0,,2.7,,,,,20913.6,2,7454.9,3,04-22-2025
0x7cd5faed64c8a1b0adcbbdf8dea34aa045f47cba,0,0,0,0,,5,0,,0,,,,,5.2,0,,,04-22-2025
0x5447df004fc71e33334d698845dcbefb674c98d5,0,0,0,112.4,,0,4,,7,,,,,0,0,,,04-22-2025
0x311cc19f49c19adde976fcc3030dd8779691a78b,0,0,0,14379.5,,0,0,,0.8,,,,,0,0,3120.6,460.8,04-22-2025
0xa280b4603cdb75afd18b55749b09e61622cfd90f,0,0,0,2518.4,,0,0,,0,,,,,0,0,,,04-22-2025
0x451d14f408b37e084ce217e8f86a4ad16aa1ddcd,24.1,93.9,93.9,-418.8,,1,0,,109.4,,,,,0,0,1973.7,-38.9,04-22-2025
0x27c858f704279607126993198fb486c866af8603,0,-3011.8,28067.1,195209.2,45.5,600,436,-26.4,241.1,61,3,0,311.6,24720.8,-4.6,3018.2,20.5,04-22-2025
0x6973cc4bffea5a603b40807f4c31516af36320e3,0,9.3,9.3,440.6,,1,2,,0,,,,,6.5,0.2,,,04-22-2025
0xb99ba99ccbd69a7b0d33fa59d8c71bc49d9587c7,0,0,0,8754,,0,0,,2.5,,,,,373.7,80.7,691.5,21.8,04-22-2025
0x909b79a4f9f504662decc48adfc9ae2d16e09e8d,-12322.3,0,-4321.4,9538,,0,0,,4095.7,,,,,173.8,-6.1,1330.6,-8.2,04-22-2025
0x282cefdc5a07582cad7b1b2649d22c95efee8f48,0,0,0,6069.5,,0,0,,130,,,,,2801.1,1.3,,,04-22-2025
0x482a09d1f8c578646366b91423b025a41f451a9b,0,0,62.1,62.1,,0,0,,606.2,,,,,951.3,421431.7,,,04-22-2025
0x969d46313fcf880bc53346b4656294257641eb67,0,56363.9,64416.1,64416.1,,19,23,,0,,,,,46.2,-1.6,1673,-44,04-22-2025
0x62755263bf433b6361202e13d24d384814cfaa5f,0,0,0,135.5,,0,0,,61.7,,,,,0,19124.9,,,04-22-2025
0x1c7d74c316b4c9aa586f211f2d1ed963398d43d9,0,0,0,0,,0,0,,0,,,,,0,0,0.4,0,04-22-2025
0x198dfd0ef7d68a04c5ce44592f21508f44586139,-0.1,608,1527.5,16629.3,65.5,8698,5908,1.2,4.5,330,3,1,166.2,1867,-0.4,66.6,2.2,04-22-2025
0x72b571829677c7ee5d515f62ba269ce7715c44aa,0,0,18.5,278,,0,4,,12.1,,,,,0,0,,,04-22-2025
0x7fb411167fd5f5bc1984ac218793da2684587932,0,0,0,-95.2,,0,0,,0.2,,,,,1960.3,-0.3,,,04-22-2025
0x10857c1a8d137319033e30853b23226df5581b01,0,0,1209.6,1209.6,,0,0,,9.5,,,,,0,0,113.3,0,04-22-2025
0x075b2aded57f8f997c015852ace28f9a7ead7306,-605.5,-436.6,-9969,28043.5,,0,1,,2897.6,,,,,752.8,-11.7,863.8,2.6,04-22-2025
0x407ded2a0ecedd5a5c69a1418f01cb46a6869ca8,0,0,2389.3,-22915.2,,0,0,,16,,,,,1.3,-2.4,1911.7,-64.8,04-22-2025
0xdc894ce5b8c3f57aa44110e8ab0910a0d717ef40,-10695.8,0,-46530.5,417631.3,,0,0,0,245.7,0,0,0,,1617.8,46.4,4563.7,-14.1,04-22-2025
0xeabf2274151c23c6988b722569292647fc3f642a,0,642.6,10772.2,48735.3,42.9,7,7,91.8,2274.2,3,0,0,3,579.8,9.8,,,04-22-2025
0x1476961460104113c68a603b70e8925f19c1339f,0,0,0,23.6,,0,2,,8.6,,,,,0,0,,,04-22-2025
0x3dddfab67b8a64058b53e1dcaf64ceafb1c68138,0,0,45.4,453.5,,0,0,,3.8,,,,,11.1,-11.1,,,04-22-2025
0xe5568778725029c99fc72844aa89dd8ce8c43d54,0,2.3,11.8,-157.5,,0,0,,10.6,,,,,1.4,-0.1,39.9,16.8,04-22-2025
0xbe624f02f662ebc4ec52204efe12a23f8a4b7835,10858.4,-5954.5,-5589.2,13988.5,0,32,3,-850.6,639.2,5,0,0,185.2,97.3,11.2,1792.3,-7.2,04-22-2025
0x18c0050057f77ac13779fbbb6fcb5815a2f3f089,-2501.6,0,0,2481.6,,0,0,,14.3,,,,,0,0,,,04-22-2025
0x8123b1f8bffb50284f1712acbc01c48f86d97ff8,-11024.1,0,-6021.4,39060.4,,0,0,,8.5,,,,,507.4,-55.5,1900.7,-4,04-22-2025
0xa5f965829f829324dbec9d8ff115aabe2662ee3c,0,-168.6,-168.6,-168.6,,155,0,,1.3,,,,,24.5,-2.7,56.1,0.1,04-22-2025
0xea2061bd22677d35b7bc66ec51a09d3879fbcd38,0,0,0,4601.6,,0,0,,0,,,,,0,0,6534.6,-0.5,04-22-2025
0x8a1aad2bf5828863ad9bfdb20040936ddd380e1b,-737.8,0,0,3781.8,,0,0,,18.9,,,,,1388.8,0.9,596.6,-19.6,04-22-2025
0x78ead970ffd2973242c3731e09d867fb92d66d97,0,0,0,0,,12,0,,0,,,,,0,0,,,04-22-2025
0x2db560c2c2bf877ec2e5bead9d7213619a8ef739,0,29.2,29.2,29.2,,48331,0,,18.1,0,0,0,,0,0,,,04-22-2025
0x85e97ffeb1704cf6072641589429001463259384,0.5,182,153.7,-728.1,,3,5,,1.3,,,,,62.9,5,63.5,63.1,04-22-2025
0xb3f1141f3c213cc9f463aca7a0d40d182814d390,0,5.8,5.8,5.8,,2,0,,0,,,,,6.1,-0.4,,,04-22-2025
0xd3854d2871e418fa2b7ecf6182d4eb6a4f7bb1c3,0,55.4,55.4,55.4,,162,0,,1.5,,,,,17.6,28.7,17,-2.4,04-22-2025
0xd0e9432ed557c0f499bdb9f5e7457d161b28e29e,0,0,2.3,187.5,,0,6,,13.3,,,,,0,0,,,04-22-2025
0xce6342d88daf707f0e4411a831550b4c484e4cc2,0,-281,-281,-281,,0,0,,1276.9,,,,,22.5,0,,,04-22-2025
0x7c1e5bd0b5d251dd66f3ae072d50926f3eabdddb,0,-403.2,-326.3,182922,,184,183,,43.3,,,,,3732.2,150.4,60.5,2.4,04-22-2025
0x1234567800651d71b11baf87551a8a46e7dc307d,0,-737.4,-2186.9,3166.9,67.9,6495,5399,-1.5,49.2,312,5,3,124.3,2932.5,19.3,175.8,-2.5,04-22-2025
0x01850f8ea5ad5ea146932778b6034b99468e5acc,0,0,0,0,,0,0,,0,,,,,0,0,,,04-22-2025
0xdecf031f2668ff8fd6a53087f04ffd7712fcd1e9,0,329.3,329.3,329.3,,8,0,,16.9,,,,,0,0,,,04-22-2025
0x0bee7ea662fb19427fd42ffa0657c352a4ac6ccf,-5.2,0,0,21946.8,,0,0,,0.2,,,,,362.6,13,476.7,-24.5,04-22-2025
0xd379f3d4578de7ac47a5928811b3407ef03f7c49,116.5,188.7,677.5,11941.1,82.3,15349,12531,0.4,3.5,426,3,3,97,2,4.6,569.4,8.3,04-22-2025
0x5d722c505c9a1531b48cadb1fa1efa5c4caacfb6,-23.1,-135.1,349.5,326.3,,71,60,,0,,,,,45.5,-12.1,64.8,-64.7,04-22-2025
0xe96e54f5b8d65bb4e4d850abe8d6da8b964708cc,0,-299.1,-859,1063.7,0,7,5,-49.9,1723.9,2,0,0,169.2,227.5,71.5,292.8,-1.8,04-22-2025
0xcb5dd3b2d9179c32f976aa018fb6bbac4b2b8e22,0,32.8,32.8,32.8,,1,0,,0,,,,,4.4,20.9,,,04-22-2025
0xd8341273a42ab07465d92b8a14a54c2264c68486,0,8.6,8.6,8.6,,10,0,,0,,,,,6.1,2.1,,,04-22-2025
0x1910d1809719ec623872ec241b73f9c0d552daf2,0,19.9,19.9,19.9,,26,0,,0.4,,,,,3.2,-1,3,-6.6,04-22-2025
0xb88877d246df8ada64cdbf43c7f87126dd374d71,-159.1,0,-4683.9,-4843.1,,5,0,,2185,,,,,12.2,0.4,3761.3,-86.8,04-22-2025
0xaacc290a1a4c89f5d7bc29913122f5982916de48,80283.7,-1.3,-26.5,80257.3,,10,1,,2071584.1,,,,,0,0,,,04-22-2025
0x6e9210a7ddb830b3e64255653b8b2e845380be44,0,-1302.3,-596137.2,387950.6,73.9,1708,1856,-3.2,54.3,343,2,1,96.9,2276.6,4.4,499.7,1.1,04-22-2025
0x8ad3d77e9b65584ee2cba00a8cb8c1794456209c,-13.4,425.9,3329.7,15554.6,50,3,4,212.9,1600.2,0,1,0,0.9,88.3,-6.3,462.7,-70.2,04-22-2025
0x0f5c3c433c63975b485e52fc54f46f3df39f72a4,-166.4,0,0,-1045.6,,0,0,,0,,,,,519.5,-8.7,1233.1,-5.7,04-22-2025
0x6a3a1d8ba97bcf1e89ec446634cb6a5a817fcaa2,0,97.6,-117,5.2,100,3,3,32.5,19.4,3,0,0,0.2,28.9,-0.3,,,04-22-2025
0x201704d610736a07f775f12d9ee930ced972ff48,-31.8,0,69.6,22074.5,,0,0,,84.3,,,,,578.8,74.8,506.7,18.3,04-22-2025
0x546864de38481e2f167fb0735af9bc425bd4c8a2,-62.7,0,-34321,-8987.4,,0,0,,1082.7,0,0,0,,494.5,0.2,,,04-22-2025
0x1b0d195d4303a0e376aecf27cbe80bb56ce6e074,-230.4,0,0,2942.1,,0,0,,1983.6,,,,,0,0,,,04-22-2025
0x524adcbe35066e02641675959438f43f4e42933b,0,0,0,-15530.2,,0,0,,27.8,,,,,1369.9,-1.9,791,-67,04-22-2025
0xf2ed8c9deb2dcb47d7007452ea612c361d6ed5f4,-17432,0,260261.8,206730.7,,0,0,0,605.8,0,0,0,,56.6,-4,10710.2,4.4,04-22-2025
0x3bc69846253419514e98b7842bef3df70ef415a7,-14,-64,-132.5,2209,,46,44,,0.8,,,,,118,-6.1,190.4,-16.5,04-22-2025
0x6d58595695c329cf9e8984d3ff6932ee8667cdb6,14965.3,0,1411.6,16376.9,,1,0,,8.7,,,,,127.9,244.1,,,04-22-2025
0x0f6d56a47773e53d30a10e3792cb51d197d38f43,0,-1082.6,-1265.2,73104.8,,3,4,,0,,,,,231.6,-4.5,1249.5,-39.6,04-22-2025
0x73614a24c6576e726b49f3ce815e8568f2315cf3,-287.1,0,620.6,713.6,,0,1,,3.9,,,,,72.1,-3.5,238,-5.5,04-22-2025
0x1e097c10cf4d3a85f65f6d0eff96fe0e4d86c4a1,0,14334.1,14334.1,14334.1,,2848,0,,0,,,,,0,0,,,04-22-2025
0x948c996bff7331fecd363da52470156a73c821b8,0,0,0,37084.4,,0,0,,671.8,,,,,1673.2,-9.2,7122.7,-11.8,04-22-2025
0xb6811032c8dfc230ff1b78431ae65582d40839d3,0,0,-5912.5,-22176.7,,0,0,,364.7,,,,,501.6,-5,4278.7,17.6,04-22-2025
0x03779fa9bffed3f74aa96363a0e53377f0160760,0,90.8,-422.2,18490.5,69.1,7064,6079,0.2,2.5,330,6,5,128.7,626.5,2.2,124.1,2.2,04-22-2025
0x30f995a854c36df7b099fe6b907e1ec18c0641a2,0,0,0,1620.3,,0,0,,0,,,,,0,0,,,04-22-2025
0xb7f204249868c4f7faee34e03cf9f12ecc36720a,0,-629.2,-1035.6,-1279.7,12.5,14,13,-78.7,241.3,1,0,0,0,531.2,-13.6,268.3,33.4,04-22-2025
0xfcfc3f77dd16bfe9aa39fa0e0cf81be2e7c72d4d,-264.1,-10,29.2,179.9,0,3,2,-5,249.6,1,0,0,21,4.2,-5.9,93,-26.1,04-22-2025
0x2c58079f2765f968b1cd51b90873c8b32a1298fb,0,0,6114,8833.6,,0,0,,0.6,0,0,0,,725.5,3.6,3933.3,-24.1,04-22-2025
0xf1e009e7c5633d13b77eece84e179c4a8f70f2e5,0,-71.2,-71.2,-71.2,,5,0,,0,,,,,20.8,-9.7,,,04-22-2025
0xd6d2262d9e9b63b866072c9faa17235c10ee7cd6,0,0,392.9,1398,,0,0,,1,,,,,82.8,6.3,613,-20.7,04-22-2025
0x72a7a4407ccfc0d0fef2603bd08dfd5daffb3704,0,-8003.5,-3029.7,-7443.6,,116,82,,103.6,,,,,5615.2,0.2,8356.5,1.7,04-22-2025
0xd5cc56be69e23dbca2be6c475b771fc36adcbfef,-501.1,-424.7,-10116.8,-24802.7,,3,2,,4.2,,,,,687.4,-20.4,1055.9,2.7,04-22-2025
0x2297d2e8dc151b82ee631b4f680c28b7aae837bf,0,0,0,32264,,0,0,,0,,,,,943.7,-5.3,1223.6,26.9,04-22-2025
0xb2f3834ba3205e38f20bc12ed7d8478093c3bc14,0,0,0,20843,,0,0,,1315.5,,,,,695.9,0.2,,,04-22-2025
0x4c39b6ce047ced67c04afd9d22300d46875c1c0c,0,50.9,50.9,50.9,,22,0,,3.8,,,,,8.5,4.2,1,0,04-22-2025
0xdd3eb4c93cf0c08800ce2e4d90fea61a74b1b5e0,-2.2,-169.5,-17832.2,37363,,3,1,,16.6,,,,,459.7,-6.2,785,-74.9,04-22-2025
0x9226bff2047617f428b26fb574130224e4745634,-564.4,-752.6,-1541.1,1123.3,,61,63,,18.8,,,,,148.8,1.3,1535.7,-15,04-22-2025
0x727c694dd7114ba991cea67fdf4ccdce44ca3891,0,0,0,101948.9,,0,0,,0,,,,,0,0,,,04-22-2025
0x56140d9548a4e1302b5ce38d39dc97db17920947,0,0,0,59.5,,0,0,,0.1,,,,,0,0,,,04-22-2025
0xedad2cdf198d2c0467d07a094ab6b91e1a6fb5bc,-313,0,63.4,-302.9,,0,0,,3.5,,,,,23.8,-1.5,27.7,-11.1,04-22-2025
0x527208011ad597e2b52dd1800d71cbc2dcde99c4,-24.1,1637.2,-3051.9,6673.3,,35,6,,27.9,,,,,82.9,-4.4,464,-7,04-22-2025
0xeabaf20a87b83d67e566ff719effe80ed76f4b7a,0,63.8,323.5,2240.2,50,16,4,,301.4,0,0,0,,3.3,-4.6,225.3,-31.2,04-22-2025
0x83eea5f2b2d09a9f177559524f978f4af02a1dc4,0,22.1,28.9,45937.8,,1,5,,3.3,,,,,410.9,-0.9,7094.7,5.3,04-22-2025
0x0270162e7a9cc9e0433e7bdfcb2efcaa0a3f0285,8428,0,0,9822.4,,0,0,,11.4,,,,,135.1,185.1,,,04-22-2025
0x3d34be910d170377cb2d80f383f3f865e253e56f,2905.2,827.1,2125.3,8621.6,100,5,2,827.1,11.3,1,0,0,379.3,0,0,,,04-22-2025
0xde8a05a2bdcaae68a36bdb4c31f541d11db838b7,0,0,0,123.7,,0,0,,0,,,,,5.8,0.4,404.2,4,04-22-2025
0x5bc3a88609a2da58f687b1ce8a4410ab07bddb23,-3720,0,-17753,-22694.9,,0,0,,400.8,,,,,106926.6,-7.3,8820.5,-15.8,04-22-2025
0x8a9d2949ed27f22c538f66c768b14ade13bab7eb,-217.6,-368.2,-2940.3,14000.9,,6,6,,157.9,,,,,133.7,-33.7,406.4,-15.4,04-22-2025
0x9455801f6dd5f8ab9ab9eb71f97ac6b7771ad06a,-2554.7,-909.7,-909.7,-3464.4,,0,14,,2249.4,,,,,46.7,-2.3,,,04-22-2025
0x06c1da9ef16daf2423f87affc0cd67bc7b4eba58,-12926.1,9392.5,-55290.8,-15246.4,80,6,10,1341.8,49.8,6,0,0,0.9,541.9,-22.8,1714.2,-58.7,04-22-2025
0x08c35a55d2326b406db83d8669000acc1c0fa955,0,-20.1,121.2,283.6,,1,1,,53.8,,,,,13.2,-5,199.6,3.7,04-22-2025
0x847879a798ba47210844d726d94dcaf44e539b42,-851.4,-37.8,599.2,-72.5,25,3,0,-6.3,115.6,3,0,0,13.2,48.7,-44.9,149.4,-30,04-22-2025
0x8014bf1f4d6e5846dd43a16ff5720d2594b4fb77,-9,2974.3,753.4,-1002.6,,44,24,,1618.5,,,,,6864.6,-4.7,7827.5,-3.7,04-22-2025
0x920005a49bacde59bae3b06a9a4805e1b25a37c4,-231.5,0,0,3620.9,,0,0,,58.1,,,,,0,0,,,04-22-2025
0x99c6261a32cf81858eed2ed1c3800c02f8e201fc,7161.4,0,0,7160.6,,0,0,0,131.2,0,0,0,,22.8,-6.2,6813.2,105.7,04-22-2025
0x7dbd5a8149be18fad2e9dba23fb5cf8bf2ce0353,0,0,0,-97.3,,0,0,,0,,,,,300.3,0.2,73.8,61.7,04-22-2025
0x311d40194ff6ad4466fdc2274af1494d400ed328,57.3,-94.2,504.8,3267.6,,49,2,,15.6,,,,,2159.8,-20.3,28.1,-66.3,04-22-2025
0x000000000a0e66cfbd1ad845966d5536b78f5637,0.1,-1526.7,-7265.8,-10682.2,63.6,12881,10288,-3.1,45.4,311,6,4,142.4,8267.4,-1.7,12921.5,6.3,04-22-2025
0xc63773a7f54499c49a37e96214892a99db7b71da,0,5327.5,-1352.1,-10370.1,,181,93,,142.1,,,,,13123.1,0,8053.6,4.4,04-22-2025
0xb4188314f229d4fbb778f967474ba73b7f43a3b1,-1190.8,0,-42964.9,-12984.3,,0,0,,13.8,,,,,31.5,-6.6,923.5,-60.3,04-22-2025
0xc3b71b7e275e346531bc5162e0a47b2a3b18332c,-18.1,0,163101.6,430050.7,,0,0,,30.5,,,,,186.2,-5.9,707.5,-53.7,04-22-2025
0x733e778aa3e8aff4dbf185963e4611a6daa3ec71,9203.7,0,0,9203.7,,1,0,,14.2,,,,,67.1,495,,,04-22-2025
0x7336d3b82144358fb1dd2a68f901baac7b83279f,0,-0.1,2.1,-61.6,,12,0,,0,,,,,36.8,-4.2,4.7,0,04-22-2025
0x28657c62c3fcfd8d07b058916d2e77a7d7c0dd51,0,-218.2,-218.2,-218.2,,10,0,,0,,,,,79.3,-3.2,,,04-22-2025
0xec5128049579162cab7fd367096d21dafeadf170,0,0,0,3033.5,,0,0,,0.1,,,,,102.7,-15.9,,,04-22-2025
0xe32735e7141343fd43287635bb3e6ba796ada73a,0,-143.5,-669.7,2493,,5,2,,44.1,,,,,514.4,-16.1,,,04-22-2025
0xda17d4d746814975a1bac1f1fce13aa2bc196c47,-8,3.1,49.1,306.8,,2,2,,0,,,,,23.9,0.1,3.6,-85.6,04-22-2025
0x9bf5cd004ceab52b4882feea33ce2b966493b380,0,5.3,5.3,5.3,,2433,0,,0,,,,,0,0,,,04-22-2025
0x3d81936910786dcf122fbc187a052570775bcfdc,0,0,0,184949.7,,0,0,,0,,,,,144.4,-4.2,,,04-22-2025
0xa85b99684f7afc8fb3281d9065c8b47021abc0b6,0,-771.5,-771.5,-771.5,,5,0,,0,,,,,0,0,,,04-22-2025
0xbc971c3f477206d086867eb0ff99152d46dfd49b,-842.7,-1232.3,-50850.2,-62773.4,0,2,2,-1232.3,520.3,1,0,0,3.6,5303.2,-10.3,6412,-67.5,04-22-2025
0x87a692885dead08aac8a23aaa81abd0290e82bd1,0,0,0,85.9,,0,0,,0,,,,,0,0,,,04-22-2025
0x945948724b91dbe43c90fb23cd71e18573d68a47,-688.5,-41.8,-41.8,180744.4,,0,1,0,0.6,0,0,0,1664.4,1651.4,-8.5,6826.7,-10.9,04-22-2025
0x05f6c65659c69e80eee34e77a0fae9ac78105f26,0,0,23.9,3369.4,,0,0,,51.2,,,,,746.9,1.4,2784.1,-16.2,04-22-2025
0xbd38930a5813e708e3c92461d82c3ce5e0adc78e,-245.1,5062.9,2454.6,4659,,21,13,,4.7,,,,,816.4,11.1,1879.8,-32.2,04-22-2025
0x000000000e9e87cb030a951f10062810bdc1b117,0,-116.1,8063.3,419322.9,44.5,325,363,-0.6,30.1,162,1,1,96.7,9641.7,-0.1,6138,-0.6,04-22-2025
0x0d9d236e73a566a9aaaa7f685929175cc496881e,0,0,0,0,,0,0,,68.7,,,,,39.9,0,,,04-22-2025
0xe9a60cf596764ed6281990a584a342b2359be81d,-17179.2,0,0,-9374.3,,0,0,,795.1,,,,,0,0,,,04-22-2025
0x4fd7ac0d22d4df4ccbf389774f0c3dc3fcdcc5fa,0,-59.1,-59.1,-59.1,,26,0,,6.2,,,,,10.9,-2.4,,,04-22-2025
0x58be1f0a430c10823c7898354b39008d913fc76e,2.5,26.5,39.6,139.6,,2,10,,1.9,,,,,0,0,,,04-22-2025
0xba8cb9df4e4acdf5eae0cac39568c95b2bf739cc,0.9,1943.4,5365.2,38554.7,44.7,263,278,14.9,3081.3,78,4,6,247.9,12373.5,852.6,355.9,24.7,04-22-2025
0x8cee6ceee1ca3c3486b7d5cf73569700a9788403,0,0,0,0,,4,0,,0,,,,,0,0,,,04-22-2025
0xe21ee865230ed0ec24681ecb7775ece5f25fe106,0,0,0,1871,,0,0,,0,,,,,283.6,9.6,321.3,4.5,04-22-2025
0x9fd8b88e0217b2778a7000a41767dcbae5e9031d,0,0,0,91.6,,0,6,,1.4,,,,,0,0,,,04-22-2025
0xd6794a729cd1c10deabba0ee1e02adeb03c45739,-682.5,-10418.2,57351.3,253402.4,14.3,22,6,-1488.3,81422.1,4,0,0,34.9,431.6,32.2,1434.7,-16.6,04-22-2025
0xe6ba9e1dbab200f36223f333e5f01ac7ae80f8ad,-74.7,-18.9,-26.9,-249.6,25.7,275,32,-1.2,1.1,15,0,0,201.3,0.1,0,18.7,546.5,04-22-2025
0x6209a89ccb0e0e308093728a1b29f0a9380fc819,-402.3,351.7,2992.3,9295.3,75,85,67,44,1111,7,0,0,47.5,2191.1,4.1,2444.9,2.6,04-22-2025
0x18f2c8c091e8c4c71e040b64f49b8e15c7a79048,0,12824.2,94096,-176395.1,63.3,509,387,92.9,83.7,99,4,1,160.5,210.1,1.3,1011.7,2.2,04-22-2025
0xd84b1253a1ff4667755eabdd551e75189945a355,-5.1,0,-15.3,-433.5,,0,0,,0,,,,,44.9,-24.2,285.1,-21.4,04-22-2025
0x9008b85c2566e928a79c591496c1782227b8f994,0,0,0,350,,0,2,,0.6,,,,,0,0,,,04-22-2025
0x274b5a514e5eedff5d7362b7d36f7e6d13375458,0,0,0,11391.1,,0,0,,0,,,,,8206.4,0.2,2288.5,0,04-22-2025
0x87fcba3d617371735d2268c6e3bc5d4879263f11,0,0,0,0,0,97,2,0,0,39,0,0,125.1,5810.9,0,35032.2,0,04-22-2025
0x8ec077dd321f4324327b4e2e434ff505e7407b62,0,0,0,0,,0,0,,73.2,,,,,50.1,0,,,04-22-2025
0xec4f9f0d18a0d33881690f6b9fa99c0e885d48c3,0,100.5,100.5,100.5,,49,0,,0,,,,,62.7,-6.2,,,04-22-2025
0x999999998e67cd1570bae345a608334362283347,0,-1131,-2705.6,2085.7,65.2,6609,5784,-2.3,42.1,315,6,7,138.1,3840.9,0.8,76.2,8.5,04-22-2025
0x4d8584af794aeb207aab592045d2ce12ca4dfd70,-73,0,-14.6,52.5,,1,0,0,0.6,1,0,0,49.4,3.8,243.2,4.1,54.2,04-22-2025
0x5a9ffc597e1a06f806404ce5c53c3336d32f13a0,0,-3.2,2404.5,2404.5,,1,2,,1841.8,,,,,3.7,-2,47.7,-63.6,04-22-2025
0xb512c87858285f2f70606a078f3a9e02a3b332a8,-426.3,0,0,3003.3,,0,0,,96.2,,,,,243.3,210.6,431.8,-99.7,04-22-2025
0x30e0de5d0b8cd8aff81964fe4e31f73de20d03b5,-540.6,0,-39207.2,60599.6,,0,0,,32.4,,,,,759.1,-9.7,1770,-78.3,04-22-2025
0x06eb47f71a20eb6e5ec768db333af065350909a4,0,0,0,5308.2,,0,0,,8,,,,,0,0,,,04-22-2025
0xd4b5b1f5ffce3ddeacdf47704457bd7fbb8be279,0,7,7,7,,5,0,,0,,,,,1.3,8.3,,,04-22-2025
0x0131bfe9060dd8f16877bc0c5b0e9bfd7f6bd11b,0,0,180.3,291.7,,0,2,,8.3,,,,,0,0,,,04-22-2025
0x065997ae8a39fe0adc1e47c55e2644059a2f9be8,-188.1,-46.4,6164.9,5976.8,,0,2,,3.3,,,,,49.5,-8.4,58.4,14.3,04-22-2025
0x5c3a852a9c15cb11619ae8222147afdffdd67503,0,0,0,113562.7,,0,0,,0,,,,,1451.2,169.5,5599.3,60.2,04-22-2025
0x71bcbe95560a4f48226b46d60ce509941e4dc607,0,-0.5,-79.4,-32,,3,2,,243.8,,,,,0,0,,,04-22-2025
0x5bb04379a9d6e9c4190cfc19778cd48521778f67,0,440.6,440.6,434.5,,2,1,,103.6,,,,,2.4,0,,,04-22-2025
0x44444444f91e912d6f6603dfe0c54833f2bdb69c,0,-736,-2422.5,-992.5,70.1,6486,5257,-1.5,41.9,312,8,4,132.8,5391.3,-3.6,6098.7,-0.1,04-22-2025
0x34a1c69f8e119e9721d912d363af2b162c506339,0,0,0,0,,0,0,,0,,,,,0,0,0.3,0,04-22-2025
0x52992d3ee048e8ba06a2a18fe8a0b613ed9f61bb,0,0,0,1,,0,0,,0,,,,,64.9,-16.8,,,04-22-2025
0x1cf55ec1955f2c409fabfcdd80a167be6ab67a88,600.5,-105.9,-61.3,615.6,,10,15,,45.7,,,,,0,0,,,04-22-2025
0xc8a64c5f6cc24d770a1ff20976a4ab4a5051183c,0,0,0,139.4,,0,0,,0,,,,,210.6,5.7,,,04-22-2025
0x9e040ce63530831e3d2de38006405dc6cf8fa1d0,0,0,0,826.8,,0,0,,10.4,,,,,360.9,2.8,,,04-22-2025
0xe025cb50b28e5c15c9c33547492f698bd028f3fc,0,-1240.2,-741.5,-741.5,,48,28,,0,,,,,255.4,-11.5,582.8,3.8,04-22-2025
0x59520e107daaf7547dff5250e48a5281ff762ccd,0,12172.2,-74090.2,-123265.6,,1142,946,,341,,,,,5.2,0.7,99111.3,1.1,04-22-2025
0xdf930fe3e8faeb2a94d5d81073bb3284f39a62ef,0,0,0,1813.6,0,0,41,0,8.1,0,1,0,660.3,0,0,866.3,83.9,04-22-2025
0x77dbb6743e5c17476c81599de85098b01de25909,166.8,0,6217,9153,0,1,1,0,46,2,0,0,49.9,0,0,,,04-22-2025
0x1064ff2800fffef6703921f0bdb1a6ad19a64f4a,7.5,-9.3,-9.3,88.7,,1,3,,1.1,,,,,0,0,,,04-22-2025
0x78f956e340df2275094050b36c73e301f1541d7c,-4986.7,0,0,9021.9,,0,0,,287,,,,,4196.5,30.4,419.1,9.5,04-22-2025
0x3876fb56131bcf701a5347a06bfad564ee141d89,0,70,7298.5,301959.5,50,318,305,0.5,557.9,129,2,2,147.6,267.4,22.7,559.8,-42.3,04-22-2025
0x53a4de87cc2ab668255498908438532d371710f1,0,0,131.7,147.2,,0,0,,0,,,,,261.4,7.7,,,04-22-2025
0xb5a51260c5060b37fca767d2f4afd8320f1be728,0,0,0,517,,0,0,,0.1,,,,,0,0,,,04-22-2025
0x3d476a44828dd4e6c056276bf06d0ab1737cf0d2,-1361.9,2373.5,2373.5,5748.2,,29,2,,2524.8,,,,,1.8,0,1069,-28.5,04-22-2025
0xd05b92838a2724a25c208375da76053f743549eb,0,3434,7276.1,2124,100,16,8,0.6,4626.8,3,0,0,9.4,695.4,-11.7,2669.7,-1.9,04-22-2025
0x387211090c05859ef4bb3be6a7ab8676e32b0bb1,0,-1008.2,-2632,9542.8,57.8,6027,4512,-2,458.4,297,9,1,140.4,18394,-2.7,92.3,-15.9,04-22-2025
0x62910447d6fa3a4fd28ad5d81562c36d1520d745,-30.7,550.1,1909.1,1878.4,,36,27,,0,,,,,380.6,14.3,1119.8,-3.7,04-22-2025
0x87d97448bdc32854c3e48f079cc859d1ec7fc5a0,0,51,51,51,,4,0,,0,,,,,8,8.4,,,04-22-2025
0x1ec994ddab280b28f1fbd28ac3848ff3b6532f64,0,0,-311,216,,0,0,,0,,,,,0,0,,,04-22-2025
0xd6ff0c7138e10cf7784c3c8c8d7d3bafc90ea74c,0,9276,2399.1,9724.6,30.3,721,1677,56.6,464,71,0,0,184.3,28872.9,-1.1,9555.2,-1.1,04-22-2025
0x2335703bbfb5f7d755068f1ccf6a67c2199b8ba7,-617.9,0,178.7,1288.4,,0,0,,0,,,,,50.8,9.6,905.8,61.7,04-22-2025
0x6b908a4cb3b2a08b382a19b731abef7d5255825a,-74.4,-1657.3,-20462.9,68722.4,9.1,52,26,-150.7,1.7,3,0,0,194.1,174.7,-39.3,1065.4,-41.8,04-22-2025
0x6d7aa37f6abd474ecb682bfab7a8d74f578f653e,-0.7,0,0,17,,0,0,,2.7,,,,,0,0,,,04-22-2025
0xd143348c35c6593ad9d418a5b39f78f1d4e05e71,1868.9,0,-30852.1,-117831,,0,0,,2.6,,,,,659.6,-9.4,7956.9,-56.7,04-22-2025
0x840048c9522281b7013a2c54b660e774eccd4451,-159.6,103.8,1031.5,860.9,,16,30,,27.1,,,,,26.3,-11.7,108.9,31.5,04-22-2025
0x2bc2bb0d9cfd033e5d7b2eeb2d476fc6cd176b9f,0,0,0,0,,0,0,,0,,,,,0,0,0.3,0,04-22-2025
0xaddd2952e202dd75fbaf96ad200fe9e5071e7c8a,0,0,0.2,-1233.6,,0,0,,0.3,,,,,0,0,12,-84,04-22-2025
0xd4cb73211ad6d3012f087504faafd4fc5d760c47,0,80.3,80.3,80.3,,37,0,,0,,,,,2.7,3.4,26.2,15.7,04-22-2025
0x7040fb5ce48fc18859251f46482e81923713054f,-9.2,0,0,-9.2,,1,0,,4.2,,,,,0,0,,,04-22-2025
0x3697807b156517bdb9f599a6611fb30c4b88f822,0,0,4219.3,14706.3,0,0,3,0,2448.4,2,0,0,,0,0,566.5,-30.6,04-22-2025
0x641aa1dcfdbf6a2dadb80f086bb61b6627be237e,0,0,0,822.3,,0,0,,0.3,,,,,0,0,,,04-22-2025
0x0fb48ea657dc1fd582765d25b2cd46a80e627a01,-2796.6,6186.1,7545.6,106982.5,14.3,26,13,773.3,7091.8,2,0,0,16.2,725.6,-8.2,2634.6,3.1,04-22-2025
0x05c7f8e7fc0627c1e01cb1bce4f796ee4147c9a9,-7139,0,7767.8,171490.3,,0,0,,6.3,0,0,0,,0,0,1,-46.9,04-22-2025
0xb6839368dd908e860f32146649b4f6869a9bfcba,-955.2,-934.8,-8672.7,-155556.6,0,8,1,-467.4,6.6,1,0,0,577.8,1213.6,-38,3544.2,-22.8,04-22-2025
0x928b8cc10c520e0b92db2bc939b2e99a670070ea,-618.5,-217.9,-14056.8,-19626.5,,6,4,,1503.4,,,,,542.5,-40.7,3330.9,-15.2,04-22-2025
0x0797688b01f7d23fe4f9f2fbb3efd143cad35936,-188.9,-4438.2,-24122,-18916.1,0,35,18,-2.7,9187.6,0,0,0,9.8,14.8,-5.9,420.2,-61.3,04-22-2025
0x557e032c0851b886916a0f69e8e953dbea15b653,-3884,0,-95400.8,-3974.6,,0,0,,0,,,,,752,-41.4,3623,-39,04-22-2025
0xd3dd8a42b364966e286e94061b988a5a1580334b,-0.5,6915,45255.1,347749.5,63.6,326,188,314.3,22507.7,18,0,0,148.1,134026.7,1.3,772823.1,1.4,04-22-2025
0x720475ed2e44f9272511024ac7b552a284402c0f,0,0,0,0,,0,0,,0,,,,,0,0,,,04-22-2025
0xb8a22e8b491e9ae5fe5767ebb64a7347e605de1a,0,0,0,2468.7,,0,0,,0,,,,,272.7,0.9,5433.1,-19.5,04-22-2025
0x7028d95fad29a9a93d3095ca27e7a5eee23a1fc7,-1331.4,-221.6,5948.1,4625.3,,27,29,,772.3,,,,,340.4,-18.6,373.4,-36.8,04-22-2025
0x9421f065c69b78e05d17a87942eaf07f9da35087,0,0,0,0,,12,0,,0,,,,,0,0,,,04-22-2025
0x91b1a21b791e66847df828ad007516669b463fee,0,0,0,0,,9,0,,1.9,,,,,0,0,,,04-22-2025
0xea6933b92ba0577f0cf72e51bd710530310b0ae4,0,0,0,15031.7,,0,0,,0,,,,,760.9,1.3,,,04-22-2025
0x070604d45fc5010b22ec81f41583e1042cfd9d7e,0,-347.4,-396.9,-2403.8,,3,2,,9.5,,,,,122.4,53.8,99.5,-92,04-22-2025
0x66514ebc61864b0ca9005c6f619ee211e2ad4dca,-603.9,691.4,9169.6,8557.8,,7,7,,39.3,,,,,0,0,,,04-22-2025
0xde59a5779960bd7da0c08085519827e8a8d8ae8e,-8.2,0,0,4418.9,,1,0,,2.4,,,,,164.2,18,409.9,-6,04-22-2025
0x1d5a9efb6b09b40f9584dc8d42be166c095f37f8,11.3,-93,1063.6,7564,0,2,3,-13.3,3077.2,0,0,0,0.2,309.8,21.6,582.9,-30.9,04-22-2025
0xbf02e85480addb7cbff4461d09d568daa43dc1a7,148.1,288.9,1477.9,5893.9,,46,14,,2429.9,,,,,93.7,234.3,99.7,95.1,04-22-2025
0x03850e44f62d0c21f9cb55952af81729b3fabda7,-53.6,-3090.3,27664.4,209084.4,14.3,57,45,-441.5,14.1,2,0,0,8.3,578.8,-9.1,3273.4,5.4,04-22-2025
0x39b6bd6570980c7672e50173c200f7b670ee5f68,0,-599.5,-8577,-10744.4,,124,100,,7.2,,,,,66.6,-0.1,1858.5,-13.5,04-22-2025
0x287aacb51961e91fff24b0526232a6e1b50de4d4,0,0,0,7472.8,,0,0,,1.3,,,,,0,0,1456.4,513.1,04-22-2025
0xe828584d6a4cecd0718c4cdb5ef7073b06a29f1e,-269.9,-1454.8,10551.6,38093.9,12.5,68,55,-161.6,2.2,2,0,0,78.9,336.4,-20,807.8,-5,04-22-2025
0x060fae1b9086cef6df4e472ac471d4045070e23f,-924.4,242.5,-9799.3,-10291.8,,14,14,,33.5,,,,,80.7,-16.4,1724.5,3.8,04-22-2025
0x851b4352fa0c5a8b2acddaed1489e121da36d4ee,0,0,0,0,,1,0,,0,,,,,0,0,,,04-22-2025
0x096f0f9fcd387b2070dd4b665379571005c94784,0,-54.2,-54.2,1446.5,,1,2,,7,,,,,0,0,,,04-22-2025
0x4063221a941155dafbc6a5f8f4f6d089a311edd1,0,0,0,4387.8,,0,0,,0,,,,,167,-5.3,514.9,14.8,04-22-2025
0x0c7b04be14a6f31733cb7eaa087744f040f0e937,0,-1163.2,-11745.4,-16126.1,,105,83,,1949.8,,,,,1278.1,-4.7,8262.4,-18.9,04-22-2025
0x832e297f9edb18f082f63f7b245f974ae63d9f77,-30.5,4306.2,40978.8,218671.2,76.9,76,68,331.2,112.7,9,0,0,179.9,2356.8,-7.9,58859.5,13.1,04-22-2025
0xc2bf759ca957b85fb82f2eca7a979bfe779200b0,0,-448.1,2785.3,9771.5,,34,13,,2404.2,,,,,29.7,-12.9,3751.9,-3.9,04-22-2025
0xc78fbbc07e2047fb500d89d1711b5126c0fdac7c,0,30.9,30.9,30.9,,52,0,,0,,,,,53.5,0.3,18.1,0.1,04-22-2025
0x84962e14514565df7453cf2b8ddab96620989438,-36.7,0,290.2,253.5,,6,2,,60.2,,,,,46.6,-10,,,04-22-2025
0x1dcb5c72daeac955ed2e72638e70b102dce2a452,0,0,0,223313.9,,0,0,,296.2,,,,,0,0,,,04-22-2025
0x66e8bce72ad6e1d34252108900056802ca334d13,-0.7,0,0,-171801.4,,0,0,,289.7,,,,,6478.3,-4.2,2481.1,-41.9,04-22-2025
0x8bc3f13d639f43d99c8a1d471fcc73bfd6a7043f,-13465.3,0,-491.9,237581.9,,0,0,,8.4,,,,,909.5,-27.5,1265.1,-3,04-22-2025
0xc1d2dee459c33dda5258f87eecca57729e63c602,0,-1617.4,-1617.4,-1617.4,,44,0,,0,,,,,50,-2,,,04-22-2025
0x3708e9b48da895c18f8505a1220c2003bfa8d446,0,90.7,67.5,-178,57.1,177,16,13,17.9,4,0,0,0.1,3.2,0.1,,,04-22-2025
0xa82cfe1c4baf84e491e8c2622f1b127e1c414557,0.5,-128.3,-1093.4,-699.9,,54,45,,0,,,,,393.3,-3,4342.9,-11.3,04-22-2025
0x1baae49a9bb39966dbb74274d00cabaa01ca1aa0,-10344,-310,19909.1,108201.4,14.3,9,8,-51.7,2542.7,3,0,0,27.6,1065,-1.6,795.9,-28.1,04-22-2025
0x94ac8625b058231ee9b6b1d803a4c200bcc900ae,0,0,0,124.4,,0,0,,16.8,,,,,0,0,,,04-22-2025
0xa87d731c925cf400a5c2704be7531c1701efbc33,0,0,0,8711.4,,0,0,,0,,,,,570.9,-1.8,4256.4,-54.4,04-22-2025
0x629500ff1fb1f5511546bf1cf321a6eada95c172,0,82.9,1001.8,5752.6,,5280,881,,26.6,,,,,18.2,-1.5,23.4,1.3,04-22-2025
0x6798dd5b647c48fedabd38c409e91f72a015b3ac,0,0,-2506.7,14864.2,,0,0,,0,,,,,0,0,702.8,-35.4,04-22-2025
0x55bae666e9156d8f9aa4fea363660e89b850d8ae,0,232,297.4,1218,,20,6,,33.1,,,,,148.2,5.8,161.7,6.8,04-22-2025
0x8a4f3206bc7294d32860c9a08c99c39603874867,0,-12095.5,-89053.2,-22366.8,44.3,2040,2073,-157.1,0,46,0,0,130.1,132387,-0.7,238515,0.7,04-22-2025
0x41a31b955ca7031c31972c37b39c0dcb60780793,-509.4,416,80.9,-602.1,,37,27,,4.1,,,,,70.5,-38.6,253.2,-30.8,04-22-2025
0x5c83e36b3ea32a3cc012addb53318354f989a719,0,0,-2672.5,-2500.6,,0,0,,0,,,,,144.5,-5.1,995.5,-8.2,04-22-2025
0xbc847e8eeaaf48829908ccd021b418a28ec85194,0,0,0,0,,6,0,,0,,,,,7.6,0,,,04-22-2025
0x5e1bbfa7b91b254b16e3d1c1e5cbd0d703f0c34e,0,0,203.7,203.7,,0,0,,0,,,,,0,0,,,04-22-2025
0xd869ea19895e551df2574b781b31f891a3ab6954,0,0,0,0,,6,0,,0,,,,,15.1,0,,,04-22-2025
0xe0f2e17534ed0efa0ed94ab86a7d6f35b70536d1,0,1388.5,61946.7,35846,52.7,444,390,8.6,77.4,128,1,0,162.8,1577.1,-3.8,1946.5,7.8,04-22-2025
0x65d0d74581637a0fc9a2e808962275c7b4d0856b,0,0,17788.4,428783,,0,0,,0,,,,,0,0,,,04-22-2025
0xffeaa2c457f74e28dc150b257954263051a5101c,0,2870.1,-5272.2,-8047,,132,89,,50.5,,,,,9149.9,-0.2,6676.4,5,04-22-2025
0x145fd583a9c7c1b12d75238b1c0709fb57e67c40,-0.3,0,3356.2,3356,,0,1,,59.4,,,,,67.7,3.6,,,04-22-2025
0x4cd72fd0300f809ff9dd6777da694c276af45a2b,0,0,-6030.9,-12904.7,,0,0,,256.7,,,,,0,0,1963.7,26.3,04-22-2025
0x90b4b58a3952855841b11ace94dcd2e2d33dbeb4,0,16,16,16,,11,0,,0,,,,,3.3,6.1,,,04-22-2025
0xc45b67a6050f4f7dbe1f7a07a8f8cbf1ce958b1b,0,19.2,19.2,19.2,,7,0,,0,,,,,7.4,5.3,,,04-22-2025
0xd9e8ad6e84f224927429c7f43fd50ee1888b7d9b,-701.4,0,0,3435.9,,0,0,,0.1,,,,,5051.8,3.1,,,04-22-2025
0x809e42d99aa43c111b2a73e08daad84abe808e6d,0,112.5,112.5,112.5,,1,0,,1.6,,,,,21.7,0.7,109.7,41.4,04-22-2025
0x6ed1a94b59eee6baf1f716404846c336e21f0320,0,0,0,12055.3,,0,0,,0,,,,,610,0.7,1763.2,-0.1,04-22-2025
0x9db478ec4eede47cc836c4b6b004e96a4f3fed2c,0,0,0,67.6,,0,0,,6,,,,,0,0,,,04-22-2025
0x50c636a7a2fef1b4f8a2870c5d9558cb498a5027,62823.1,0,21528.6,108781.5,,0,0,,129.3,,,,,0,0,5876.8,3695.2,04-22-2025
0x4b0187cb292f5da8a650cad1df483835dabf6f9e,0,635.4,-6048.8,-6048.8,,2,4,,1919.8,,,,,0,0,,,04-22-2025
0xb431a8dfacb0c2395fec8b99508394dd603d250f,0,0,-463.7,1965.6,,0,0,,3.5,0,0,0,,325,17.3,191.7,-73.3,04-22-2025
0x698f8414171f4438ab2db94c6ba8508a2a9fcb82,0,-48863.4,-47806.2,369136.6,48.3,367,331,-325.8,586.7,126,3,1,183.6,3399.3,22.2,36773.6,1,04-22-2025
0x22224b8957124626a17468c5b5da5527afcf1ffd,0,820.3,21129.3,4658.7,56,592,396,5.4,9980.7,108,3,2,210.1,1017.7,5.6,126.8,6.4,04-22-2025
0xf637b0fa2dae8f0e3f70cc898a782cdf06b06d7b,-17.2,-15.2,-37.8,-22.6,0,0,1,-5.1,138.1,3,0,0,410.6,4.5,-6.1,18.5,-8.5,04-22-2025
0x33862e4b1de5c153293e4ba1e45c8eedc830ace5,0,0,0,19.4,,0,0,,0,,,,,0,0,,,04-22-2025
0x1887ab4ccf9d670fdd67404a9f78a98b38e04342,-16650.1,0,-30328.2,371991.1,,0,0,0,299.1,0,0,0,,107.6,-14.1,2316.4,-75.2,04-22-2025
0x6f7dec11d9956752b1fb24d40a644cfa64df260b,-34.6,-722.4,-1939.2,-2633.3,,118,79,,5.9,,,,,71.1,-3.2,181,-19.3,04-22-2025
0xc602e423df0ea9b8d1644183a03e2df748c87438,46.9,3.2,107.7,316.1,,2,5,,1.8,,,,,0,0,,,04-22-2025
0xff1c399b13f7af3d2be1745babddec38cdd0d951,11.8,0,129.7,1082.9,,0,0,,3,,,,,229.4,0.1,1225.2,-0.7,04-22-2025
0x357dabd31e0f339419cc2d3f171d2e49dd82d27e,2719.3,76.1,-4209.7,-489.6,,4,4,,77,,,,,156.6,-3.8,499.7,0.6,04-22-2025
0x06833accc167d7d27508832d1538916b075188a8,-4492.3,3483.9,-8949.6,-5493.1,100,2,1,3483.9,25381,1,0,0,0.4,460.3,-14.8,1311.3,-17.8,04-22-2025
0xda7494c5a27b54cce62ca0c58303a5af8ca6df15,0,-74.2,-545.6,15546.2,,9,1,,17.8,,,,,1731.8,-1.1,1284.8,6,04-22-2025
0x6cf4eaed05539d1105e0438dbeadf213a8be3a2c,0,0,0,-810083.3,,0,0,,28.3,,,,,3420.6,-3.3,3275.1,-15.6,04-22-2025
0xc90e27dd0d43252c431d52dd1127b2e5c5b1416d,0,7.8,7.8,7.8,,36,0,,0.1,,,,,5,91674.2,1,-13.2,04-22-2025
0xed245d6f7411eda4160086dc3a39cc915e641d14,0,0,31784.9,899466.7,,0,0,,0,,,,,28.7,2.1,624.7,21.1,04-22-2025
0x046ef67066e8720a6ed108466d62e5167b716c1a,0,154.4,-125.5,2381,69.6,2174,1702,0.4,12.4,242,2,0,174.1,1142.8,-1,39.5,8.5,04-22-2025
0xf7e99d25fb3ef5e4c8dc2162d79510d1961c05c8,0,-8,-8,-8,,94,0,,0.1,,,,,29.1,0.1,,,04-22-2025
0xd7d70e4e8a786d24d754278aefb0f6740a78c0f6,0,-0.2,-0.2,-0.2,,14,0,,0,,,,,,,,,04-22-2025
0x094fafd310d9368606eedbfcda0ee11956761e09,-96,0,3467.9,9820.1,,0,0,,775.4,,,,,0,0,,,04-22-2025
0x82f5ec461079bfa2cf3d7aa92a7f32ead9c0778d,-4080.8,-2113.2,-5745.7,3216.3,,3,4,,3.1,,,,,611.8,1.2,3034.5,-36.6,04-22-2025
0x08aa78988f988b4ed17904827eb9660474e945f2,0,153.5,153.5,153.5,,17,0,,0,,,,,34.9,-0.4,39,44.2,04-22-2025
0x80ee7aa95d4872a1ce90b23c6c482e0c83e46ece,-1.8,0,0,152.4,,0,1,,256,,,,,13.1,-1.8,,,04-22-2025
0x05365843f6150b6baed46866f07b81c6e50a408e,-3186,0,0,4960.3,,0,0,,4887.6,,,,,0,0,,,04-22-2025
0x616adcaa11ccf45c48dc8685a3f281ca720acc5a,-547.4,0,0,-1016.3,,0,0,,56.8,,,,,82.2,-10.2,1121.2,52.2,04-22-2025
0xa1f83b8e56390e86cf8eab9bde54edff75228062,0,13.3,13.3,13.3,,0,0,,0,,,,,48.9,2.7,,,04-22-2025
0x32b61003ea406a61b7dd093111d8a8e60ee920f3,0,492.8,492.8,492.8,,1,0,,0,,,,,0,0,,,04-22-2025
0x2b5d9b282028dfc0d38ce6a6bfea78230c123d4c,0,0,0,0,,3,0,,0,,,,,0,0,84.8,0,04-22-2025
0xbce9e82c31e215fbcbcedba6f513bda31471130e,652.2,0,1238.1,1890.3,,1,0,,12.8,,,,,0,0,1509,2070.8,04-22-2025
0x3a47c237494258e392550589147262531efa855a,0,0,0,0,,51,0,,0.9,,,,,0,0,,,04-22-2025
0x7a85e8e89bcf57eb11f0424dcd0b02953d0c90dc,0,26.6,402.7,648.9,,8,4,,0,,,,,176,8.6,184.7,-44.2,04-22-2025
0xd9a83fbbc3718d751c5d3ba14eaff234b9744976,0,-0.1,-0.1,15687.5,0,0,0,-0.1,0.2,0,0,0,0,562.8,-3.4,1189.8,-15.8,04-22-2025
0x10da745d49ca179d6c4f781b57e2d15abb94cfd6,0,307.9,521.3,1167.8,65.8,7639,2714,,12.1,0,0,0,,49.9,-0.8,60,4.5,04-22-2025
0x676d72d2f7812e77db36606775f973b64b7437f2,0,0,43,279,,0,0,,0,,,,,71.2,1.8,,,04-22-2025
0x9e20667ac33b0a2973b80fc87d5604e23ee05265,-93.4,0,-108.6,-87.7,,0,0,,25.5,,,,,16.9,-14.9,131.6,7.6,04-22-2025
0x88fd576a01728be56c8c3f0c312f07755bc4ca11,351.7,0,24.9,498.7,,1,4,,70.1,,,,,0,0,,,04-22-2025
0x66666f3364cf650699299f08e37b5d5cedae6d29,-714.9,-134.3,-572.6,32440,0,1,2,-134.3,7230.7,0,0,0,0,5143.3,-0.9,662.3,30.5,04-22-2025
0xe449a69abea7b14801126dddbc16aacfc8d7e4f8,0,0,0,129.8,,0,4,,36.4,,,,,0,0,,,04-22-2025
0x3118425e120466280d2268202df5e6ac119c3dea,0,0,0,-30.7,,0,0,,0.4,,,,,42,-0.6,,,04-22-2025
0xa8d99d604bceb93d37bdc420ebb44b7a6346d9fe,-9193.8,0,-1190,3138,,0,0,,87.4,,,,,967.3,9.2,1326.1,3,04-22-2025
0x4d0dd6cad1176707b3bb0f19d83d30b67e8aa69b,0,681.9,527367.1,554165.9,74.9,1785,1855,1.7,58.7,357,3,3,167.7,16712.1,2,450.1,15,04-22-2025
0xa6820755cfeae7f1501d2997a9894ee8f53d6a5d,0,58.3,58.3,58.3,,10,0,,324.2,,,,,13.3,5.3,,,04-22-2025
0xe846df8ed36cebd51af736cda051ec215cf346d3,0,-101.7,-250.9,-88.2,,23,17,,0,,,,,58.1,-34.6,866.2,-8.8,04-22-2025
0x0aeae30227947c452b6f36ff07450bf6978ec1ca,0,0,0,0,,0,0,,79.1,,,,,81.3,0,,,04-22-2025
0xd715f6dabc496c7eb7ff5324cc01419e6fb3f346,0,0,82173.4,201610.1,,0,0,0,0.4,0,0,0,,1603.7,4.4,,,04-22-2025
0xa4324be4ec054d93a0285ef34cfedcd0e27836f5,-4.8,0,2,16.7,,0,0,,0.5,,,,,0.4,-36.4,0.9,458.1,04-22-2025
0x2bf383be5cb59e2a7404a20cb94f6f401b1106a3,0,0,0,0,,0,0,,0.2,,,,,0,0,1.4,-1.1,04-22-2025
0x5ff654dc885a226812761d5546310ecd440f4617,0,0,-179.1,-502.1,,0,0,,56.3,,,,,63,-10.2,115.7,-7.4,04-22-2025
0x44b76ac653128b7fb44657acad881cfb69787ed2,314.6,-64.1,-458.7,7029.8,,0,1,,36.2,,,,,0,0,53.1,7.6,04-22-2025
0xa15a579bc7b49225badde70b50271acfd2314f21,9.5,0,0,96.4,,0,0,,0.6,,,,,30.7,4.2,,,04-22-2025
0x361a2f67712f25a5f1dda8e5887dc18cb8d1d316,0,-1292.3,-265,8068.6,60,63,41,-61.5,261.2,12,0,0,6.2,161.3,-2.4,655.5,10.3,04-22-2025
0x948e36a0af1c6f20f9b3b10673decc31f9adaac1,0,0,0,0,,0,0,,0,,,,,0,0,0.6,0,04-22-2025
0x00e2ac0a7f106ccd1976f6f4d0f27afc160252f8,0,1005.2,-8592.9,20397.4,71.3,7283,6001,2,3.6,345,2,6,116.9,12805.4,8,,,04-22-2025
0xad2d1888243712bdc4b9403688a9112ab47af435,0,0,14.3,176.8,,0,2,,0.1,,,,,2.3,10.1,,,04-22-2025
0xc7a5c65e4662c6497d360f0d3bed477fdecdaa2d,0,-1371.5,-7726.4,-12837.4,,94,81,,2049.5,,,,,2212.5,-4.6,5896.7,-14.2,04-22-2025
0x2d783a0bc52ba5027106d044edb5a1bd12795336,-499.8,0,-824.7,15406.9,,0,0,0,19.9,0,0,0,,159.7,196.7,463,-22.3,04-22-2025
0x7b4e0bf04e50aa224b8a9e3ecac3af977a4bbc64,0,5.3,5.3,5.3,,59,0,,0.4,,,,,19.3,-1.6,1.9,-0.7,04-22-2025
0xa1ec34eaedecc239bd6e4b772a3c82744472de94,-3351.9,-770.6,-2909.1,-7321.3,0,0,2,-385.3,30.5,1,0,0,751.8,80.4,-26,514.2,-17,04-22-2025
0x8d9e146f66c8d732baf5eccd6d37b08a10b7ca95,-228,1729.5,10203.9,47106.1,43.2,59,71,49.4,5445.4,16,0,0,5,426.6,1.5,1426.2,-8,04-22-2025
0x125d96647cca4bb730745e66ad0cf2766c1864df,0,0,20715.4,212824.7,,0,0,,0,,,,,0,0,,,04-22-2025
0x64bcd670fba98b0ee13ce6956cc7f1753d712802,0,0,1489.4,1489.4,,0,1,,0,,,,,0,0,,,04-22-2025
0x323534df5367d54573d6c4197bb22e911fdd4111,0,0,-25926.8,114853.3,,0,0,,101.7,,,,,152.6,-4,3502.6,-60,04-22-2025
0xb5e82f2104cf7bb0027afb90a9314d2f52191627,60.5,0,55.7,246.9,,7,0,,1.4,,,,,0,0,,,04-22-2025
0x5d120b0abe6d10e72b0ac0ea2c91b3a68901d78a,0,0,0,0,,0,0,,0,,,,,0,0,0.2,0,04-22-2025
0x95d514da72a0e5115e539cd04fde7de832b8d1bb,0,0,0,0,,1,0,,0,,,,,0,0,,,04-22-2025
0x62f3075f5d402ccf72d75c9d83177335f828b3e4,-72.8,0,-1.4,101,,1,0,,12.9,,,,,85.7,-11,,,04-22-2025
0x367beed636b3f5dc25d853882edfb98c58d5d2a5,0,-1260.5,-815.5,7662.1,11.1,16,14,-140.1,3640.9,1,0,0,16.7,738.5,6.2,1825,8.4,04-22-2025
0x6d1ab06a0191f6b54a1e7059b4e1d67296110983,0,0,0,215696.6,,0,0,,0,,,,,70,0.7,1023.6,5.6,04-22-2025
0x923565e339d828bc54d46780f08857dcbf65c737,0,0,0,0,,0,0,,0,,,,,0,0,0.2,0,04-22-2025
0x24d8154b09419e37a26673b7092af545918ba3ca,-15.2,0,0,613.9,,0,0,,0,,,,,144,-12.2,,,04-22-2025
0xa5354f6aa19e58d9d375afbaa1d3dd92480dff21,-1621.1,-352.6,-1522.8,-110.2,,10,3,,15.2,,,,,286.2,-1.2,928.4,-46.5,04-22-2025
0x731a77a40951c58a677ee40fd45673946b99706a,0,33.9,33.9,33.9,,1,1,,0,,,,,0,0,,,04-22-2025
0x1bb91ec49b719fa4d3e3fa3cd5726900b10162ec,0,0,-57277.1,-56034.4,,0,0,0,7.7,0,0,0,,90.9,1.5,3470.7,-3.6,04-22-2025
0x761a8de416180bbdd48d71cf2988380b773c2d1e,-532.3,0,7.1,3836.9,,0,0,,0.4,,,,,465.2,-4.6,1070.6,27.9,04-22-2025
0x7d3341c3794106f7b5ec0ad43872312624d7c688,0,0,0,-15031.8,,0,0,,1.2,,,,,5515.9,-3.5,,,04-22-2025
0x10d0ffd341b5a46f556b70896c14771287193b7d,-111,0,0,-80.1,,2,0,,43,,,,,0.9,-4.3,,,04-22-2025
0x259a3aca88cc576e557aa1c2a8c596f697a154fd,0,4087.4,4087.4,4087.4,,156,0,,301.4,,,,,0,0,,,04-22-2025
0xb222218d11a48d7b9cd32ca6e9177f4ecefbfadd,0,0,0,0,,15,0,,0.6,,,,,0,0,,,04-22-2025
0x878f3f87c72feea9de8b72e92229878cd9af3fd7,0,-252.1,2400.2,2400.2,,2,3,,389.5,,,,,94.4,7.1,599.3,-27.2,04-22-2025
0x7f77179d75b89ce210e3132640871198f23c1eb8,-1487.3,0,0,-998.6,,0,0,,42.3,,,,,220.1,-10,696,-28.7,04-22-2025
0x64dc2193e81ddfd2384ab64b9dd655946c7f332f,0,11.5,11.5,11.5,,1467,0,,0,,,,,0,0,,,04-22-2025
0xedcf54a08479d54ca7504ada905d1ddff8d4cc9f,-158.7,0,-2170.8,-816.4,,0,0,,0.9,,,,,5349.6,-9.1,2924.2,-10.1,04-22-2025
0xdaabda444e60a878494eb4fbfe91f8cd6dc99962,92.2,0,0,105.9,,1,1,,7,,,,,0,0,,,04-22-2025
0x3d8f9bf158afa5f7052a06b362d1d5dda90e0c78,0,1211,1211,1211,,15,0,,46.3,,,,,215.8,1.9,,,04-22-2025
0x0000000085d9c5af4b9c40ebe3ab88b95d6fca92,10.1,-82.6,-2301.7,351559,74.4,20367,15643,-0.2,30.1,373,2,1,100.7,2456.3,96.7,182242.2,0.8,04-22-2025
0x88888888bd9f946bc3c55c91e4dc51a8354121fc,0,-237.9,-1895.1,-8068.2,68.5,6673,5517,-0.5,39.9,294,7,3,154.4,5592.1,3.8,179.7,-31,04-22-2025
0x07a793ae3846b7b5e3b7482627677403dd965e94,0,-22.8,-11.7,-2.2,,2,10,,3.8,,,,,0,0,,,04-22-2025
0x35f173a349a6d9c985da90dec168eb63dd8bf458,0,0,0,7251.2,,0,0,,74.7,,,,,50.9,1186.5,,,04-22-2025
0xb59bdfc932f89379e9dca45d47e1fa4a27050741,1171.3,5014.3,317.7,7455.1,,5,12,,9571.1,,,,,25.8,0.9,1267,-75.3,04-22-2025
0xd2cb924f6952261df8a1c407667d7b96c7cf89f5,0,0,0,0,,33,0,,12.1,,,,,0,0,,,04-22-2025
0x42ccb9863980ae232e321393157d44ec116cb4a0,0,-1106.4,826.8,-7419.5,,160,104,,78.3,,,,,3199.4,0,17383.1,0.1,04-22-2025
0x9b12fcd66435993902c168512dee85cccd328479,-1082.4,0,3278,2420.3,,0,0,,141.4,,,,,116.4,-3.2,999.8,-91.4,04-22-2025
0x209211643d61723123627d25407916288c706906,-67.9,0,0,-385.3,,0,0,,3.4,,,,,87.3,-9,2156.1,0.2,04-22-2025
0x6c2b6b2f5cf7b072ed154bf62bf28debe589e742,3122.3,12443.2,-103816.3,71455.3,,1096,948,,361.6,,,,,2.2,1.5,271560.1,0,04-22-2025
0x986391e27aada4783560baa814a2394ca332187a,0,-19276.8,-19276.8,-17327.1,0,0,2,-19276.8,23.3,0,0,0,750.6,11.2,0.5,,,04-22-2025
0x7cced05864a87db647228742683bd75d36e39671,-582.5,1870.9,1652.8,3038.8,,1,2,,5.1,,,,,2.6,-37.5,14.1,-83.6,04-22-2025
0x3c75f10a87df068e0906d94025840e6f317e919c,9195,0,0,9195,,2,0,,14.4,,,,,41.1,1057.3,,,04-22-2025
0xf9e79099883596669ac323378d57e2fc2b88eca2,0,0,0,0,,19,0,,0.4,,,,,1.6,0,,,04-22-2025
0xf03de1cdf13378159db7c11fd54fdfee5bbe534d,319.4,-1450.1,24660.1,62232.3,33.3,6,5,-207.2,2357.3,3,0,0,163,854.8,35.9,3202.1,50.7,04-22-2025
0x36a3b2dbf3c4d144fa370d959542a394ad88ec51,0,0,0,26212.3,,0,0,,0,,,,,540.8,-20.3,4825.1,3.7,04-22-2025
0x6b6f3265c6b0591d77e9ecef72fa872316fdc3a9,0,8106.8,27528.6,44940.1,47.4,35,33,426.7,12911.9,9,0,0,8,888.1,2.5,2743.4,-4.2,04-22-2025
0x12ad1bcc4ae2cd6fada3332ea8a487df9d442254,0,0,0,21485.4,,0,0,,0.6,,,,,0,0,,,04-22-2025
0x160ef3a7b3361d5f08b44f24e125adfbdb991aa2,0,0,0,92926.4,,0,0,,0,,,,,313.2,14.5,347.4,27.6,04-22-2025
0x9011f97ffdea3b8dad00e32dd6381672813de923,0,10.5,10.5,10.5,,1649,0,,0,,,,,0,0,,,04-22-2025
0xa2eee1ebff7071ac1a0af4b779df958b4113f3be,-14679.2,0,-5492.9,396496.7,,0,0,0,19670.8,2,0,0,157.1,82.4,-4.3,1371.5,743.2,04-22-2025
0xbf6d40da32c5e2dbf602d7c1619ede2dab3e60b2,-4321.6,301.8,-27108.3,102387.2,80,14,13,100.6,343.6,3,0,0,61.9,1964.2,-12.4,7042.1,-28.7,04-22-2025
0x31781b4e7fb61756bd0a0ef7850d5e7bf6270fc4,0,378,28160.9,44492.8,37.3,586,633,3.6,336.9,82,1,1,227.1,1402.5,10.8,7727.4,276.6,04-22-2025
0x3eaf2f9bd2ebd18ce7462c9946697406dae5a89a,-118.6,604.7,-2594.7,21637.2,,7,5,,3671.5,,,,,694.6,-1.9,1432.2,-4.3,04-22-2025
0x327b0ac7ad94e25fb90901d86fd305da88b9fdbf,0,0,0,6678.6,,0,0,,3,,,,,0,0,,,04-22-2025
0x4e6809d5dc1cffe765027ae163fae99e3ea41d5e,-4370.3,0,17920.6,19615.3,,6,0,0,26519.2,1,0,0,80.2,1519,3.9,1590.4,687.1,04-22-2025
0xc479f79cb6a847dca0c0565998870258f6705a3e,0,0,0,95.8,,0,0,,79.9,,,,,0,0,,,04-22-2025
0xf4c4b402ed05b74f7f8aced0823340da6583f178,0,16.3,16.3,16.3,,9,0,,0,,,,,27.6,9.7,58.4,-58.2,04-22-2025
0xa2f31cfbc12c2959b669dfce54bb0afa114c28cf,-202.8,-693.8,4340.2,145683.5,0,15,2,-173.4,12605,3,0,0,424.8,305.4,-1.3,920.3,9,04-22-2025
0x5f60f506a0064582e6bf8334f285e691d59620bb,-0.6,94.5,202,205.1,,2,0,,0,,,,,13.5,-14,114.5,46.8,04-22-2025
0x97ffd8783a275ba16b48efb2aea62f8285b83e7a,0,-52.6,-52.6,-52.6,,33,0,,0.9,,,,,777.6,-0.2,31.4,-35.4,04-22-2025
0x0f1496e7bd698dcf5104b7c737a3e1e486a9edcb,0,-521.5,359,-19836.1,,22,4,,295.5,,,,,28.5,-5.5,248.6,0.1,04-22-2025
0x3425cd3881df27be5c03d6879fe15d6dcc78d879,-11.7,0,0,1268.6,,4,1,,5359.6,,,,,118.3,-2.5,,,04-22-2025
0x49855dc07e8bc5ac135fd2421969832136f66e34,0,0,-50.9,30865.8,,0,0,,1657,,,,,1794.1,6.4,,,04-22-2025
0xba17ef376f75b56e319ff4a29b9d5ce2a1eeb306,0,251.3,1226.5,17643.3,82.8,11740,9543,0.5,8.2,423,3,3,64.1,45.7,16.5,143.9,1.3,04-22-2025
0x0eafe53f2f741e71a27778e659c600508a35acde,-197.5,-35,-205.9,-847.8,,7,9,,0.6,,,,,751.9,-8.6,372.3,-19.8,04-22-2025
0x619937a9d5755dbe9bc7bbfcbbb647417cdd2dc3,0,0,42.3,15.1,,0,0,,53.3,,,,,127.2,0,,,04-22-2025
0x36e83bbd6d68336e8c0f37d0bc981c54fd4903ac,0,0,0,0,,6,0,,0,,,,,7.6,0,,,04-22-2025
0x3bdc55d0d880fb25af8cf8d61e94acae514c4498,0,25.5,25.5,25.5,,18,0,,0,,,,,0,0,,,04-22-2025
0x367007439924602146a2f30eece142cb38ea8636,49.2,3.5,9.7,92.6,,3,2,,0.6,,,,,0,0,,,04-22-2025
0x176232e585a33a428887c1a44cb032d3375f35e6,0,1147.4,-6038.5,143481.6,46,648,444,10.6,241.1,63,0,1,102.3,21736.3,5.4,37.5,5.5,04-22-2025
0x83b89d88db866550aeb62dc0725e6d3f308401f5,0,0,0,0,,2,0,,0,,,,,0,0,,,04-22-2025
0x646c482f47654b402c725a812eb7d486a789a7aa,0,0,0,11803.9,,0,0,,0,,,,,3752.5,-2.1,1539.3,-5.3,04-22-2025
0xb1bd9ebf5e84139d21499f0407f4b927167cdd0d,-1.7,-22533.9,-33919.5,-33921.1,,2,4,,31891.8,,,,,0,0,,,04-22-2025
0x2ca1075ab10c64efa6ee271efd76df2cfcb453f0,0,0,0,21503.4,,0,0,,0,,,,,1136.6,2.4,,,04-22-2025
0x1737ab88ed5e78cd4b9a46dac1ce3a28b69dd78a,-0.1,0,0,375.4,,0,0,,5.5,,,,,0,0,,,04-22-2025
0x16616d0ebd46717d8a737e7eab3fe0d98947b2f0,0,0.7,590.9,20820.5,,7,4,,40.9,,,,,4093.7,47.9,664.6,9.6,04-22-2025
0x5685b1e7900ed452eec18e7d0a3b9f2ee27a1116,-4920.4,0,-7992.7,259549.1,,0,0,,384.1,0,0,0,,504.7,-4.2,1930.4,63.8,04-22-2025
0xcea2129d03ed4f6da9a1a7950c22654fdd2df482,-4.7,1001.7,1001.7,997,,1,8,,335.9,,,,,0,0,955.3,116.8,04-22-2025
0x0cbb9722aaa89cbdcbc58af25d32889e677f710a,-5.5,0,-692,247467.5,,0,0,,12.6,,,,,29.4,-6.3,928.5,-56.4,04-22-2025
0x5b6211081130165ef3ce7841fe69f8714d0ecde7,0,-8.4,-9232.8,34259.9,60.6,6026,4121,0,442.6,295,4,11,138.1,33833.5,-0.4,75111.1,-0.3,04-22-2025
0xfef385488a7aa9683e8134cc8ed60b4715617c0c,-9040.7,-28090,170006.5,560440,11.1,37,21,-2553.6,31377.1,4,1,0,94.9,1468.1,-24.2,7595.9,-61.3,04-22-2025
0x7f6872107f3ff862e8227fdb44c82101f50b203a,0,4561.8,7104.4,24516.3,37.5,13,11,570.2,0,3,0,0,0.1,600.9,-8.2,7214,0.4,04-22-2025
0xa4e227aa97a10276b011c7e7b5a5ea5d96ba3b1e,-66,0,3797.5,-74974.3,,0,0,,337.5,,,,,0,0,,,04-22-2025
0x396b2ef1833f2b288017a36e0b690a3d2936e220,0,2337.4,-439647.4,-74338.2,35.6,321,454,14.3,30.1,127,1,0,148,288.9,1.9,8191.6,13.1,04-22-2025
0xcdf85bc77fe4e5f3be35159ea3b413b243a6ab35,0,-343,-2296,-15340.4,,1,2,,0.9,,,,,186.8,16.7,2784.5,54.5,04-22-2025
0x59dccc49df1d3ff08adaf92cce404ba47cb0ae15,0,176.3,176.3,176.3,,184,0,,0,,,,,7.8,0,199.4,0,04-22-2025
0x4cd761f852ce5f12ad11cc5fbcb4be16157d124e,-22.8,-3.5,-17.9,-62.6,,1,3,,1.3,,,,,2.7,0.7,15.5,118.8,04-22-2025
0x01ff8b65072962c0420eceaf4216f9fbda167cf0,0,0,8.2,198.9,,0,0,,0,,,,,35.1,-4.6,62.9,-7.8,04-22-2025
0x25ce3a7a4829fce0de5c8eda698067b102c3c2ae,0,57.8,9444.8,13511.6,50,7,1,14.5,1796.9,3,0,0,36.1,31.1,236.8,432.6,27.3,04-22-2025
0xe414c080aacaba15e517fb3e41dd5ba993edf72a,0,0,0,838.6,,0,0,,0,,,,,0,0,,,04-22-2025
0x54125d7b1372b12b9b76c323efa1467913d0d9f2,-578.6,0,-3510,-4088.6,,0,0,,0,,,,,0,0,3438.7,-46.8,04-22-2025
0x67cd43df7c97dde9e11b62444f871fe4e2ccb854,0,113.3,113.3,390.1,,1,18,,48.1,,,,,0,0,,,04-22-2025
0x914576db7e382250cd3d988d08f275d627d5a4e0,0,-1.3,2329.4,2329.4,,0,9,,0,,,,,0,0,,,04-22-2025
0x00000000009e560932b2d1b4161c7ccd7f5c1fab,62,358326.8,319981.7,667322.7,74.3,24012,22821,716.7,30.1,360,4,0,118.2,33448.3,-3.1,121588.8,0.9,04-22-2025
0x674572fef18e8acc0e907218e3a39897922ff09e,-6835.6,0,0,3910.8,,0,0,,5232.8,,,,,237.3,-3,1779.9,7.6,04-22-2025
0xfefea9427bef554cc572bc4e887a0b9642fd8f4e,-17434.1,1683,-22003.8,-119423.9,66.7,7,11,420.8,13051,2,1,0,199.9,1136.6,-13.6,3262.2,-42.2,04-22-2025
0xa97d0d89e961d14be9b4ac53515b39bd8c8366a1,0,-1440.2,-1582.5,-1582.5,,190,117,,0,,,,,278.1,-2.3,647.9,9.4,04-22-2025
0xf47fbf2060b02edfd97a2946b79f59332b817d03,-2483,0,0,-2915.9,,0,0,,37.4,,,,,79.6,-10.3,1517.9,-34.4,04-22-2025
0x00000000009f30bf58f8cc15772009f1f2f841f6,30,-3153.2,203380.5,539557.5,73.9,22872,20289,-6.3,30.1,371,5,1,101,45118.7,-0.1,248.8,-57,04-22-2025
0xd1ddca510c6fe3a115abad39e04f10cd034af2e1,-6367.2,-3556,23900.9,107140.9,35,39,35,-177.8,8834.5,7,1,0,13,718.3,-10.7,2885.5,-24,04-22-2025
0xf4f3ad3b246fe4e19eeefaef94d4e4304809a324,0,0,0,1311.2,,0,0,,0.6,,,,,0,0,,,04-22-2025
0xa24e10bf2b3ab5278a163f79a6e106df37861dc8,0,13,12.8,220.6,,5,5,,1.2,,,,,57.3,-6.6,28.9,-30.7,04-22-2025
0x27104234a2abbe98a43b535f65f06d19f8af30ec,7.2,-11.7,-11.1,367.8,,1,2,,6.9,,,,,0,0,,,04-22-2025
0xedd7dac785fd3b15a726440cc1be40160e4b54f0,0,39.1,-61.8,-1958.7,48.4,28080,8733,19.5,1.1,1,0,0,120.9,57.9,8.6,12.6,85.8,04-22-2025
0x52e4583a2a82851f351246653a8f699c54640bc8,0,0,0,34368.7,,0,0,,0,,,,,0,0,7579.7,455.5,04-22-2025
0x2e063c45d4ae23525a5e3190721a6538b83075f4,0,-1.9,-1.9,-1.9,,3,0,,9,,,,,10.1,0,,,04-22-2025
0x52e39205994f74ce0e92eef7f8428473b9b8ad33,-3,0,1444.9,29204.5,100,0,0,0,54.2,1,0,0,0.8,596.3,494,1953.3,-12,04-22-2025
0xab5908e7d5565fd7cc93a2bafc1080b2584329aa,-353.6,0,83416.7,77827.7,,0,0,,0,,,,,0,0,323.6,-49.1,04-22-2025
0x1cb2ca247123a8769a554b00ea1149657b710320,0,0,0,0,,13,0,,5.3,,,,,3.1,0,,,04-22-2025
0x52d1e2f9ef2d06ad1c9b63ffdca5f08cbb3245c6,-109.9,-41.2,1346.4,6874,44.4,43,39,-4.6,33.2,4,0,0,8.5,31.4,-13,87.5,-16.7,04-22-2025
0x91d160667fb0499dbf6fb1fb1a3698999fda4f0c,0,0,0,0,,0,0,,0,,,,,7.1,-0.1,,,04-22-2025
0x7dc41d448751fa3e6ba1bd715f6b29a664d6913f,0,0,0,599.3,,0,0,,0,,,,,1263.6,-2.5,445.4,-8,04-22-2025
0xcf1047cfb8be14f0eba3ece357b93b63bac3d08e,0,138,138,138,,2626,0,,0,,,,,0,0,,,04-22-2025
0x06661d4684421a503a34d386eb80d2af6281b38c,0,0,-2841,126322.7,,0,0,,3.6,,,,,2394.8,-1,1345.1,-18.4,04-22-2025
0xc1692d12edbb5af520cd3e78bb9f35fc80557e13,0,0,0,72.4,,0,0,,1.9,,,,,21.6,-0.6,,,04-22-2025
0x84507c6be87a669eb740a8d46a71dcb5c3b1a053,-2666.4,0,0,4439.5,,0,0,,9.9,,,,,1137.9,0,,,04-22-2025
0x8dc63241e4ec55fd87788aa31c8469be9a9e461e,0,2922.1,2930,-1840.8,,140,84,,78.7,,,,,5397.4,-0.8,5473.7,-1.6,04-22-2025
0x8401abf78b098c0742da87ab258d8055fee73806,0.2,-1854.4,-9323,18048.8,16.3,92,71,-185.4,60.1,2,0,0,147.3,239.6,-24.6,780.5,-11.2,04-22-2025
0x03c76b158ca3b5804f402476b66dc263508b9f15,-30,0,0,18481.3,,0,0,,10.9,,,,,40.6,1265.8,,,04-22-2025
0x9c3c5659d9c1af2130f1856e6f849ab7abc2ec2e,0,0,-196,-196,,0,0,,0,,,,,78.3,-5.4,,,04-22-2025
0xe55640bd6f1e2dc91b68c33bdedc1bfa649b271e,0,203.5,203.5,203.5,,18,0,,137.5,0,0,0,,4,0.1,,,04-22-2025
0x14865dae26c3e71642acaf9154a769f064806494,-0.2,787.2,400,20142,70.5,9009,5894,1.6,5.8,345,1,0,156.9,8880.2,0.8,14531.5,35.4,04-22-2025
0xf4eae8665a335b5070f6d226b04529fa67762d6f,-160,-1450.8,-129.1,376.8,50,14,7,-483.6,12.3,2,0,0,1105.3,67.7,-0.1,219.7,-46.9,04-22-2025
0x8d242544316f404a08672f763232fc2d2303450f,0,4.1,4.1,4.1,,3,0,,0.7,,,,,632.4,0.6,,,04-22-2025
0x1bb74e7f32de9446eb453374be529268751f1394,-1067.4,0,838.1,-204.9,,7,0,,17778.6,,,,,136.7,-2.8,205.9,117.4,04-22-2025
0x4e6bb930803359eec3e4e59837cdaa2f605c2b80,0,-18.5,172.3,378.9,,0,1,,71.9,,,,,39.3,6.8,,,04-22-2025
0x80053389a87fac5ec1ed027beff06df792b2d25d,-2014.5,-57.7,1408.3,2471,,19,10,,15024.1,,,,,132.8,-39.7,347.1,-21.4,04-22-2025
0x24b081dbb0f1c8332719864a238635f0d59d3155,-327,111.2,-711.9,791.8,100,0,1,55.6,3061,1,0,0,390,19796.4,-30.2,1243.8,-19,04-22-2025
0x3c370e8507a562199bfdd77985aef8c2550bafce,-106887.5,0,412.2,269745.5,,0,0,,6.6,,,,,14926.2,-68.3,2836.9,3.8,04-22-2025
0x7c4583d3443bb38b4ef32389e4caccc4fd5df390,0,0,86.1,-460.6,,0,0,,11843.2,,,,,0.1,0,,,04-22-2025
0x277b390bd2469cc63f717fa5927d557982b54054,0,639.5,1306.5,6298.4,,27,27,,180.6,,,,,420.3,4.9,,,04-22-2025
0x0d2a18e29350277837d6737ca976c22775a8826b,0,0,0,74846.3,,0,0,,329,,,,,231.6,-7.5,2104.7,-2.2,04-22-2025
0x3935343da0723ba95457f2e4941c3414fb4b454b,-0.1,0,0,841.3,,0,0,,16,,,,,31,-3.7,36.5,-2.1,04-22-2025
0xb98620d9ce2086012687c6657c8def8d7dab9e75,0,27.6,27.6,27.6,,10,0,,15.4,,,,,0,0,,,04-22-2025
0x74239bf6101e5873d0bda26a9d84a52f95bcdbca,0,0,0,0,,0,0,,81.7,,,,,81.9,0,,,04-22-2025
0xf8a07fac5797fdcdd7efd43e17e0afff3627034a,-91.1,-30.2,-310,-185.2,,5,3,,3.7,,,,,342.8,1.1,197.7,-24.6,04-22-2025
0xbbd84365f5b95bfb4420cbb47f645a5514735b3e,0,32.2,32.2,32.2,,4,0,,0,,,,,21.6,2.7,,,04-22-2025
0xd45619c9ca4ee93d05d53c4621e7b209827c6938,-787.9,-4629.6,-5454.9,79315.7,0,20,1,-2314.8,27.3,1,0,0,32.8,15.7,-2.2,781.4,-70.8,04-22-2025
0x3838383877180aedf59276ddd071a26f83fdf6eb,0,-894.3,-4089.2,3444,67.7,6768,5553,-1.8,53.6,320,3,2,143.3,2351.9,-8.1,6476.1,-1.1,04-22-2025
0x65520af16e301b7b46f85f78425ba3391b4b3d03,0,0,18.9,117.6,,0,2,,8.7,,,,,0,0,,,04-22-2025
0x1526c988e07c0d85dee9c99840b87daed47a7e6a,0,113.6,9104.7,-9940.9,,98,79,,48.8,,,,,6929.6,0,7275.2,-2.2,04-22-2025
0x318c6af2d9a007a246f6ddbd8af76b403d46af7b,0,0,0,556.8,,0,0,,0,,,,,2710.1,-1,,,04-22-2025
0x5d86b9a632b7b1c1af5c835b065408604bea7668,0,405.4,2831.9,6876.6,,37,37,,161.6,,,,,517.7,4.7,,,04-22-2025
0x3d75a14180e944fe0447006e4ffbfe8df5bbc33e,0,8.7,8.7,8.7,,68,0,,3,,,,,3.8,-0.3,,,04-22-2025
0x28237510e2a6951e5b070f62a2dbf8b822f1f00f,0,-1710.3,16357.3,11663.2,67.5,881,715,-14.7,413.7,73,2,2,231,995.5,268.9,2184.2,4.3,04-22-2025
0x3ec675e1900dfe9f87ec72ab914e6000e61216b1,0,15302.8,15302.8,15302.8,,4004,0,,0,,,,,0,0,,,04-22-2025
0x02725d48ecb0f7dc9e86da01669288ba3b6b88ac,0,0,-6098,-2210.4,,0,0,,23.3,,,,,2093.9,-3.6,2101.1,1.1,04-22-2025
0x9d9e4e2ca2448cd02ff88e3a957946675f341e0a,-1860.2,0,2804.3,17658.6,,0,0,,0,,,,,412.5,-4.9,1819.3,8.5,04-22-2025
0xc93a3b68ca294b7d51ba60185faf92a95f11d1cb,0,18.5,7.7,7.7,,526,252,,2.5,,,,,16.6,-10.8,16.5,-10.8,04-22-2025
0x42e1fcf92202d171fbd0ae3171dcc3fa7cf83c18,-0.1,5.9,-71,1244.5,48.1,1216,1055,0,13.5,160,16,21,185.4,14.9,20.2,1.9,688.8,04-22-2025
0xbc1d8d15ae11cc5446201abf6bdc75a84c0b7eb6,0,0,3923.8,3923.8,,0,0,,24.1,,,,,0,0,,,04-22-2025
0x249ce5d50fac871132fb4b8717271924a9826185,0,-1030.8,-6658.6,-14225.5,,107,91,,85.6,,,,,7379.6,-0.3,,,04-22-2025
0x000000000000e4761cb1bdd2a2e059d3896df95e,-196.9,-7093.8,-2245.5,633289.3,75.6,23130,23512,-14.2,20.7,346,0,1,129.8,72632,-6.6,1.6,98.4,04-22-2025
0x2fdc6f62747d8195e1fbc09c7470f43725acdb01,0,196.7,5736.8,5736.8,,2,1,,0,,,,,11037.6,0.3,7809.5,1.4,04-22-2025
0x2c3a51592a1586d2a3e26962af7a2e6016d872b7,0,0,0,-170.7,,0,0,,0,,,,,0,0,502.7,-38.4,04-22-2025
0x3a77a19b9618771a6667fdf1983430d92467193a,0,618.1,618.1,618.1,,3032,0,,7.1,,,,,0,0,,,04-22-2025
0xb0a8f65d183335e67c56757c3fe5df8c1d62a80d,-0.1,0,716.7,4642.6,,0,0,,2.1,,,,,781.5,-8.7,608.9,-14.5,04-22-2025
0xd6c2c0bda8aba7811459730225e296b5f91dcbf9,0,0,-61,2509.5,,0,0,0,0,0,0,0,,15.8,-7,,,04-22-2025
0x417498b185abace33cd40964fb615264eed72699,-31.6,0,-236,1239.8,,0,0,0,0.1,0,0,0,,82.4,-9.4,88.3,-47.7,04-22-2025
0xeca6bda7bf56980d0cf12ea949a1e31fc5bc796b,0,1739.3,18656.2,-407914,55.9,532,419,11.4,129.7,126,0,1,79.8,7740.8,6.5,377.1,2.2,04-22-2025
0xffffffff46b8455c48cfffa3af699a6ba0db1b50,0,13,-3147.9,-2997.8,65.1,4816,3866,0,59.6,285,5,4,144.5,2366,89.9,455.2,0.1,04-22-2025
0xbfc76bb86d26d4ff00202e1583e4d8a98211d142,-5986.8,0,-32.6,313861.5,,0,0,,51.1,,,,,279.5,-5.3,462.8,93.9,04-22-2025
0x9ed2af9d4ab71740e4d63fab593be7e8701ea169,-43443.7,25864.8,28732.3,29404.4,,6,4,,7649.6,,,,,1528.2,10.8,6467.6,-12.1,04-22-2025
0xdef4d41c02679dabe4139efca2141e6a519395ca,0,0,8226.3,8226.3,,0,0,,0,,,,,115.7,2.5,,,04-22-2025
0xeecf99d3bf012be5a9e45dee0ba6d1866d9f8930,-3483.9,69.7,11308.9,77912.4,100,0,2,69.7,30.2,1,0,0,1,16810.6,2,39095.4,3.4,04-22-2025
0xf038f141ec42b56ae19f7a59066673eee41aa343,0,2.2,2.2,2.2,,7,0,,0,,,,,0,0,,,04-22-2025
0x0be04b8443085f4ee4c0fe62ed74a9e6c604adda,0,0,0,0,,0,0,,0,,,,,0,0,0.1,0,04-22-2025
0x06e8e7d3b7d431a01c38e013b48b5903387ebb7b,-0.3,0,-543.1,129632.9,,0,0,,128.5,,,,,30.6,-1.1,157,-18.6,04-22-2025
0xfe941c883d26576e7099aec804a36ceef3c1a77f,0,0,0,0,,11,0,,0,,,,,0,0,,,04-22-2025
0x8714c01ef919cb035280aa611986c372089d5f71,84.1,0.8,0.8,96.7,,2,1,,0.4,,,,,0,0,,,04-22-2025
0x75db91ce668e75e098130a18b4ad40460548ef7b,0,194.6,194.6,194.6,,47685,0,,31.4,,,,,0,0,,,04-22-2025
0x7b4ade767d7ff0a2ef2e486e7edd3c99dc7aa540,0,0,0,0,,0,0,,0,,,,,0,0,,,04-22-2025
0xb7f7c17dc9ec9ed2d0c272cfff9b3de9f6ac96a8,-668.9,0,337.1,6687.6,,0,0,,0,,,,,300.8,-7.9,1039.7,-5.5,04-22-2025
0x1240b4386a268787de363d14ee656354d1aba9e0,-3493.6,-4956.5,-4956.5,-8450.1,,12,8,,82.1,,,,,162.8,-7.1,,,04-22-2025
0xaaaf115e225a82491f14d81efd0ad953de6a259c,0,1640.4,1499.1,4169.9,,508,413,,783.7,,,,,25.8,0.1,780,3.1,04-22-2025
0xe50d203b876332a4f51f01aab08b95d675a73808,0,0,0,0,,1,0,,0,,,,,,,,,04-22-2025
0x6b88966fccd6ef1be3f6158e4c1cdc939a187959,0,39.9,39.9,39.9,,46,0,,0.1,,,,,10.7,3.3,,,04-22-2025
0xc6d9ea6c78f4c22d62a52aba41a9e678198e9806,0,0,-3429.8,-1558.2,,0,0,,0,,,,,18.9,-3.8,3598,-42.4,04-22-2025
0xd567fe80c5ebed80757664ce1e43ff916fc87096,-21.8,-34.6,-2028.8,459.1,50,8,9,-4.9,14.7,3,0,0,55.8,106.5,-11.7,451.5,-26,04-22-2025
0x5d0bc43b71874179e671be5b19d4b3e930430fdc,15.2,529.7,1238.6,854.6,42,1670,547,,5.7,0,0,0,,136.8,-0.1,2668.8,0,04-22-2025
0x82e92ee64c4cfb8779a55a30be35d78b80445329,-45.6,40.7,1370.6,8092.4,,22,27,,411.4,,,,,545.5,-0.7,2187.4,7.5,04-22-2025
0x5efcaf1cb1b7ef4a6ab8a38680fe84566cff788c,20.3,32.5,3.7,45.7,,2,1,,21,,,,,56.9,8.6,,,04-22-2025
0x0bdde6377f27ece8b772771bbfd9a7f5cf663a0f,-1602.1,-284,-1385.3,97867.2,28.6,14,13,-40.6,1143.2,3,0,0,0.2,111.3,-28.1,300.6,-3.9,04-22-2025
0xd2d4a66899911719c37e2fc5fac8aed1dfd8da3f,0,266.8,1393,18034.9,78.2,11849,9497,0.5,4.2,402,6,4,53.5,170.6,170.8,186.9,2.8,04-22-2025
0x2855fbee020193d211de7beca52149dbc1555555,0,1189.6,2100.2,4500.1,80,7,6,237.9,2459.4,4,0,0,28.2,1302.6,-1.2,3530.9,-6.5,04-22-2025
0xec6a5154ba367f393c565b3597034540ba00c836,-123148.2,-3665.8,-89959.6,131088.5,0,2,4,-0.1,7175.7,1,0,0,334.8,733.4,5.9,2547.3,-60.8,04-22-2025
0xd079deef721deec75e4e6b745c81c40cd81c58da,0,0,0,6524.6,,0,0,,0,,,,,0,0,,,04-22-2025
0x920775921340ec316f2fbd0e5ce8fa5f437f4ffc,-9,0,11.4,462.1,,0,0,,1.2,,,,,48.2,525870784,3.3,-97.9,04-22-2025
0x61f71d14587cd822ee5eabd4ba4ec0e251deaca1,0,565.5,-4694,-28999.2,,86,83,,86.3,,,,,16873.3,-0.6,9462,-0.2,04-22-2025
0xdce97b99a8f5b9a320515376bdece091d4b76795,-99.9,0,-724.5,-412.2,,1,0,,141.2,,,,,1013.6,1,50.9,-50,04-22-2025
0xba31b1ba2700ae9265678bd1058060afb9ed84f6,610.5,0,0,610.5,,2,0,,13.1,,,,,19.1,367.7,,,04-22-2025
0xc665595d7bc0400ec837d2c1543fc56b646c8da5,-10,0,-101.7,1348.5,,0,0,,0.4,,,,,16,-27.3,670.4,-20.3,04-22-2025
0x6f4191c6e446bda91919bcb3cdebc48b86267551,0,-4170.7,-41429.8,41310,,5,4,,1.2,,,,,491.6,3.6,1978.9,-18.5,04-22-2025
0xa76eb1c5fadfd97e2df2115d8e9fb3feb67729d8,0,0,0,0,,9,0,,0,,,,,0,0,,,04-22-2025
0xeb8a6c64dbae8e37f5a96aec939a6b4b3a39b907,-27.4,0,0,7511.1,,0,0,,11.5,,,,,38.5,541.7,,,04-22-2025
0x7882558e374f7ff82463176d56ec5a269fbf834a,0,0,-30.8,1120.1,,0,1,,0,,,,,23.4,0.3,124.1,-24.8,04-22-2025
0xff9d9700a9e41e261dfa587aa0becf1c2cbe9f90,-4078.5,-1376.1,-1352.1,-28661.2,,9,4,,0,,,,,21.1,3.2,,,04-22-2025
0x88dbba453667f0684d61ba255943c1a650faaf7a,-5444,0,0,-4253.8,,0,0,,113.3,,,,,422.2,0.6,4051.6,-31,04-22-2025
0xe28e17e63b89a8e2763cea7d7cfc479aacaa69c0,0,-1,-1,-1,,2,0,,0,,,,,184.5,0,,,04-22-2025
0x0e6a172dfb83b6caf60f6cb3688bed263f0a62d1,-1283.6,0,0,157196.7,,0,0,,0,,,,,0,0,5586.3,-32,04-22-2025
0x9d7b825d52e095119ebd6c732309a8e842e06981,0,226.8,226.8,226.8,,2586,0,,0,,,,,0,0,,,04-22-2025
0x8b9ceae6e1d915e965904b7dac1b71c094e4393d,1231.7,3619.7,29153,47993.1,47.4,30,37,190.5,2328.2,10,0,0,4.4,497.7,14.5,1169,-6.1,04-22-2025
0x304b6f0c09221ecccb021f11c5f9717f0bba4778,0,0,0,-1678.8,,0,0,,5.5,,,,,3.1,0,,,04-22-2025
0xc0f98d0dad9eda35ca82b6091c39f78356d5bbed,0,0,0,0,,4,0,,0,,,,,0,0,,,04-22-2025
0x38383838d7229999dc5ae0468aa6dab856cf9623,0,-1015.6,-3012.4,4697.9,69.8,6804,5539,-2,47.3,315,7,3,207.3,7709.5,-0.9,220,-0.9,04-22-2025
0xfd63a89ef1805b89527feafd8124dc62a340ffe9,0,-9.2,-9.2,-9.2,,69,0,,0,,,,,10.6,-0.9,,,04-22-2025
0xd330da9109c616ca32a0c1bf77452ec97fdc49f1,0,-1143.4,-97233.7,-22523.2,,7,12,,12.1,,,,,16709.3,-4.6,2510,-25.2,04-22-2025
0xf60fbe5c72503e0900b4897ed91a399b2f8bc1d6,0,-3552.3,-3552.3,-3552.3,,33,0,,0,,,,,447.9,0,,,04-22-2025
0x0a24cab79be655e279ede6e2fa2b6384846b74e2,0,-2.6,-4.6,67.5,,3,0,,2.3,,,,,16.9,-4.4,,,04-22-2025
0x0d5c9c6240cd8d080b3f37865aa04d12cdfd906a,0,-131.2,-131.2,-131.2,,2,0,,291.7,,,,,0,0,577.4,0,04-22-2025
0xb52092a4decd8d845cc8e0388304157e68a2cd02,0,87.3,11980.6,18211,50,5,5,21.8,1278,2,0,0,0,340.3,11.1,336.6,25.1,04-22-2025
0xbf63025d6b675f3efc60944f097ed849ba87626c,0,14080,-45145.6,202222.9,,1165,927,,349.5,,,,,22.1,0.5,117990.8,-0.2,04-22-2025
0xd4c55a256a2608580a33770dac6e60020b5ed458,0,0,0,54.7,,0,0,,0.1,,,,,0,0,,,04-22-2025
0x3adce5943903eaf5367337f9473fc9d0c4d23e98,0,0,2529.2,2529.2,,0,0,,0,,,,,0,0,4399,57.5,04-22-2025
0x86b3902f23331063a7b8609b886208fd181423ed,0,3685.5,3710.7,16046.6,,168,93,,93.9,,,,,6086.2,0,2910.4,-14.9,04-22-2025
0x029248998db043133c72233c8ae56d17580bd1b3,309.6,0,11.9,1219.6,,0,0,,171.2,,,,,139.9,2.1,,,04-22-2025
0xeb1d95db05b2a3970fda3be9b74503d921f5ba57,-2632.3,0,-277,3954.5,,3,0,0,19.2,1,0,0,1672.1,179.8,-0.5,343.6,-68.7,04-22-2025
0x2be15fd4b87bd568f4bda2b9a923f439a38ba322,0,0,0,111964.4,,0,0,,0,,,,,0,0,,,04-22-2025
0xabf79e70a9b2c54040799e7240f191b714f36d01,0,0,0,0,,16,0,,4.5,,,,,0,0,,,04-22-2025
0x5f976ee32df307421cfaa53700ff86f5c29b19a8,1111.5,0,0,66823.5,,0,0,0,42505.6,0,0,0,,2.3,-5.8,32461.5,205.9,04-22-2025
0x32c5fe51626b9a1697ed0d53a181b29d704e2f29,0,0,0,76.5,,0,0,,0.1,,,,,26.8,-11.2,,,04-22-2025
0xc4ec5f5bb2f3a887a86e2c9990b73ec2562febbb,-6993.9,0,-13432.5,-5172.4,,0,0,,214.2,,,,,0,0,5684.9,-42.2,04-22-2025
0x984b8ed18b67592efeafb991099938affa7ed835,-4129.9,0,1219.3,1154.6,,0,0,,13.5,,,,,1069.8,1.4,2554.4,273.2,04-22-2025
0x5a53f4b03d62fa1815d8858ce96cfacdbacf3b36,0,0,0,16,,0,0,,9.1,,,,,0,0,,,04-22-2025
0x2f594771685f9e03f1b7e70a0c43b6f6aca2c4ad,0,0,-3763.8,6558.7,,0,0,,0.6,,,,,535.9,-18.2,2234.6,12.5,04-22-2025
0x214001e867a6c8acb400fd051c4cea5f91ba077d,0,0,0,69.2,,0,0,,0.5,,,,,0,0,,,04-22-2025
0xd434fc1529fc4e7a41eaae9e93800207c62f9fc0,0,-40.5,-40.5,-40.5,,123,0,,51.4,,,,,10.5,0,1625,-3.6,04-22-2025
0xdd9124f4ed3048019cb4e22c18c75c6b7c354cd0,0,-37.9,-252.3,-666.8,48.5,5209,3654,-0.1,92.1,259,5,5,196.1,443.4,3.8,95.4,-27.4,04-22-2025
0xdae37658b1684d7a15e8a1d648fd1dfef471129b,0,0,-8644.8,-97355.3,0,0,2,0,54.6,2,0,0,,438.5,-6.3,740.1,3.9,04-22-2025
0x1575d945ef9223907039aa501abeddade14d6c52,0,0,0,329,,0,4,,1.2,,,,,0,0,,,04-22-2025
0xec0e6739879fc598ee1b210c46753a0e072fdeeb,0,0,6.3,60.8,,0,0,,0,,,,,7.1,6.7,54.2,-2,04-22-2025
0xe974537528432da32a49fc9e8b9dc28828eb5d32,-6.5,-6430.8,48446,154877.1,16.7,22,24,-338.5,6721,4,0,0,20.9,1171.4,-4.9,,,04-22-2025
0x379ef0598df23387f3fd510c202898629419ed3c,0,0,0,2588.1,,0,0,,0,,,,,0,0,860.2,433.7,04-22-2025
0xebb4537061158d246e780d08f2dd9e434b246bab,0,5.9,5.9,5.9,,11,0,,0,,,,,2.7,5,,,04-22-2025
0x8c15937d90de1c7763ce3c0582dd115aee7faadd,0,0,6417.2,102161.3,,0,0,,48.7,0,0,0,,2447.5,9.5,1028.9,61.3,04-22-2025
0x3a67c68c80d6391a11fa7e028f423ffe184231ed,0,0,0,117.8,,0,0,,0.4,,,,,0,0,,,04-22-2025
0x7dbf5f1b63f124b6bb1e800463ddb897fae03463,0,0,0,6040.7,,0,0,,0,,,,,2238.3,4.9,,,04-22-2025
0x9a98c8b4e29989e05fb374ba9370e9143828f6a0,0,143.8,43682.6,38606.7,58.5,456,362,0.8,575.8,153,1,3,115.2,3196.4,5.3,1154,0,04-22-2025
0x0b8bf045249216552a87da6ec1f4f3749a0a3849,-30156,0,0,-183795.4,,0,0,,64.8,,,,,5181.2,-0.9,,,04-22-2025
0x518e8cc70cbb4e24cd5fc9f85f7d745e51b03890,-1511.2,-761.3,-19820.1,-48121.7,,2,5,,41.4,,,,,5972.2,-21,3834.5,-19,04-22-2025
0x3f394b3b5a6ccc343aadc121b86a1784582c07bc,-1,0,0,125.9,,0,0,,0,,,,,6.5,-1.6,75.1,0,04-22-2025
0x1062684bf447d56d308cca7ab35959468fc98ef0,0,0,0,0,,20,0,,9,,,,,0,0,,,04-22-2025
0xe311e391a46414b5ea8855ef5eeb1f7ebc406800,0,-42.1,-42.1,-42.1,,20,0,,2381.4,,,,,15.9,-7.8,,,04-22-2025
0x17e0b96c15575cef97d03aad87d8cb64a3aad2ba,0,1321.6,5999.2,40125.1,,92,66,,304.5,,,,,3760.7,5.9,72.6,3.9,04-22-2025
0x6eb1f49d9cc3b178f30b782e2507f15d3d339af4,-13.5,0,0,-13.5,,0,0,0,26.1,0,0,0,,6.9,-3.3,,,04-22-2025
0xa49ae30429ca71d9794cefeed8deb1f3b87e9117,0,0,0,0,,0,0,,0,,,,,33.3,0,,,04-22-2025
0x17e9eb5b7073e826e38e8cd5cd34b8ddc86ed8f6,-476.5,0,-2848.8,-8847.9,,0,0,,95.2,,,,,48.9,-3.6,497.4,-97.8,04-22-2025
0xda72f50ebfb8ee996d775bc404768bcb7d45793c,-1394,-1418.3,-11873.2,20109,,8,4,,95.7,,,,,618.8,-24.2,1365.4,-31.9,04-22-2025
0x466f1329a449a46cd5a02baa433f17ecafd5e439,0,0,-3408.4,25490,,0,1,,6358.8,,,,,183.4,-9.3,1298.8,-0.2,04-22-2025
0xbd8c28bfce5ccb88311b8394697ba3510d3ea3fd,0,0,0,21.9,,0,2,,2.8,,,,,0,0,,,04-22-2025
0xcc731abed1eb7dfd1ce862a038625f0dbff4497d,0,-183.5,-39100.2,-6430.8,,0,1,,3.9,,,,,338.5,-1.6,3829.7,62.8,04-22-2025
0xcca8709d0a3daeda2b1cfa16607e9c4f4052900d,0,0,0,4819.8,,0,0,,573.5,,,,,0,0,,,04-22-2025
0x6e8e5f999ac323e8bc68ad47c9545ed228895ee7,0,524.2,-1235.9,-24137.9,,144,92,,130.5,,,,,5590.1,-0.2,4085.8,-26.1,04-22-2025
0x797d7b585a71d7218dd018dca020e6d1c9f7d881,0,4315.5,5082.9,27665.9,,154,88,,113.8,,,,,6031.4,0,3375.8,42.7,04-22-2025
0x02d2463f4445ba5a7d9f74551779d30a8f1a48b1,0,600.8,1812.5,18214.8,80,11686,9568,1.2,2.8,418,3,3,66.2,37.1,13,52.9,-0.1,04-22-2025
0x7a8be4cbbca5ae6c0bf852a8240966cfb555656c,0,0,0,0,,1,0,,0,,,,,0,0,,,04-22-2025
0xde8fa9a4dea51e9e56d03a7981d94c1cfe23186d,0,-0.4,-0.4,-0.4,,20,0,,0,,,,,1.3,4.2,,,04-22-2025
0xfd9d49d91aa0adec62a8025c7b923640ef427ad7,-9564.5,636.6,-180.6,3401.4,,6,5,,3328.2,,,,,121,0,471.1,-73.2,04-22-2025
0x1d3b7954cf07fdbfb5f68be460b1e151ffdd65cf,-220.9,0,0,1995.5,,0,0,,21.6,,,,,0,0,214.8,-48.3,04-22-2025
0x1d580ff93ff1ba808751950503035f1ae3614abb,0,0,0,3181,,0,0,,0,,,,,0,0,,,04-22-2025
0x5dd7d793612e7be518ccc747a1da06dab712edff,0,0,0,7711.5,,0,0,,0,,,,,1641.9,29.3,,,04-22-2025
0x0f020ededd830d818c4287ef43523c691fa7adc9,18.7,63.2,63.2,100.7,,3,13,,14,,,,,0,0,,,04-22-2025
0x383a1113cdc8b9be8fede8e65fd7b0dc2dbc1fae,0,-4682.4,-9045.4,26733.2,60.5,5391,3980,-9.4,389.3,297,6,11,106.8,19440.2,3228.8,48.8,48.4,04-22-2025
0xc235004c00015d8712ee727c2f81dbf9f7c9c9b7,0,103.7,147.6,190.2,,6,2,,44.3,,,,,211.2,-5.5,,,04-22-2025
0x8bf38bfae1db9d1b294be161c4c7434cb0afc6d2,0,0,0,796.2,,0,0,,0,,,,,0,0,,,04-22-2025
0xbd837ae1f77647309c77d07e96e11a124681480f,0,0,0,159.8,,0,6,,3.2,,,,,0,0,,,04-22-2025
0xc9c7adb06f1c124268af857a8e12865d8215db5e,0,0,0,0,,6,0,,5.1,,,,,6.3,0,,,04-22-2025
0xdf9c8edada353b5ef1ec55cc24746bc7564604f3,-497.2,0,0,-55535.2,,0,0,,135.8,,,,,3857.7,0.4,3568.6,-0.7,04-22-2025
0xd3997fd88b02bb9f558f8e5d8d8a822e3b082a1b,-1692.7,315,5822.7,6471.4,40.9,92,65,,98.2,0,0,0,,55.5,-35.3,291.8,-46.1,04-22-2025
0xc465f07a5761736a1f0289550eddfc7ecdee93d4,0,13,12.5,12.5,,539,108,,4,,,,,6,-0.1,2.4,1,04-22-2025
0x6e9272ac47501741a55ce216fc7765634f8bb2c6,0,302.1,226.9,376,,6,4,,100.1,,,,,4.4,-7,58.7,227.4,04-22-2025
0x0ce63d8b1780914540c9f3efb4bfeeca1995c7de,-4193.2,867.4,4931,11845.3,52.9,25,32,51,1784.1,8,1,0,12.2,289,10.2,681.1,7.9,04-22-2025
0xedc11ff2052a7f1bd3701d302159e18e3e91670a,-835.7,-4989.6,-29427.4,24006.4,0,18,15,-383.8,852,5,0,0,167.6,373.2,-26.6,1512.1,-28.9,04-22-2025
0x80c049cca6e1275eb5a211d880a8c8f3f7d2e413,0,720.8,8949.3,178037.3,43.2,228,249,6.2,187.5,87,3,3,122.6,426.8,5.3,306.2,17,04-22-2025
0x3754dd1bb26f850adcfc7bd0413f1207205ebdd0,0,0,827.2,26792.7,,0,0,,43.6,,,,,432.2,54.8,9103.9,0.9,04-22-2025
0x3a514938b08068808e7dc21a060a310ade4306c2,0,0,0,301,,0,0,,0,,,,,0,0,,,04-22-2025
0xa50fb177dee335c94ccec2cbe21c98d779aa63de,0,0,0,0,,0,0,,67.6,,,,,14.8,0,,,04-22-2025
0x20b2191dd4cf50775b11b2ea0faaa2f1b7e16d09,-69.5,568.5,-199.8,9374.3,,12,7,,1.9,,,,,1876.8,0.4,377.6,-5.5,04-22-2025
0x6813cec8ae3b7b0f09d2db373711b99a5e0a7349,-52971.6,7744.8,27316.1,258493.7,100,2,2,3872.4,57346.9,1,0,1,1118.4,1084.4,150.5,2718.6,-51.5,04-22-2025
0x003f6498cc5b14349dfd38d458a36e31a45a739e,-0.1,-6534.5,-7224.5,150681.4,51.5,649,447,-64.1,241.1,62,0,1,138.6,35383.1,0.5,12110.9,0,04-22-2025
0x584cbe31eeee45c1593ac3a4f8377c9737606944,153.3,0,25.5,297.9,,5,6,,9.8,,,,,0,0,,,04-22-2025
0xbc308491f855298f85fb9b909dd556c4373efda5,-8379.7,0,-48013.5,-284044,,0,0,,271.1,,,,,3.3,-8,1265.1,-57.1,04-22-2025
0x5d94bcce86e1c87c8f00c8a615e695530ee3770d,14514.8,0,0,14514.8,,0,0,,11.8,,,,,20.4,1537,,,04-22-2025
0x68b40d8ae7e5bde201befea3ef067837b6483f56,0,0.3,112.8,6425.8,,1,0,,571.3,,,,,406.9,2.5,1376.5,1.2,04-22-2025
0xbc79f37d51966081d38c7f7cea114456cdaf7978,0,7.2,7.2,7.2,,10,0,,0.1,,,,,2.2,11.8,2.9,10.8,04-22-2025
0x5baeb8badba23f171e46c19860981128847d1565,-65,16040.9,9972.5,12151.7,,5,6,,30113.1,,,,,106.1,-7.3,68.9,-94.3,04-22-2025
0xea305912e8180622670a322d0314df50ddeb88c6,0,14.3,93.1,4788.2,,14931,10329,,13.8,,,,,318.5,1.1,,,04-22-2025
0x396f0e55fa33513441d556f84a6ea5c6fd7d217b,-133.2,0,2448.4,-18846.6,,0,0,,299,0,0,0,,0,0,,,04-22-2025
0x21541c9aeffd0ff5c80cc82c2867d6493a8e538c,-0.3,0,6.1,164.9,,1,0,,2.8,,,,,46.5,-0.6,16.9,-46.7,04-22-2025
0xf2f83fad23bd34856376db2db6404a2abc844ff5,0,95.8,364.7,621.1,50,55,61,4.4,110.1,11,0,0,0,36.8,-4.5,53.5,6.3,04-22-2025
0xd934a502214e484d88b12d908e75d82f5bc812d6,0,119.6,119.6,119.6,,28,0,,14.8,,,,,9.7,-2.6,,,04-22-2025
0x91a46f31ba2a772a0dd30b479cae025eb2acff7d,0,1803.1,4353.9,356802.4,,6,6,,0,,,,,1839.6,3.1,3085,30.8,04-22-2025
0xd41a3d8bc46606007e7db903eb2835f04ac81ffe,0,0,0,0,,0,0,,0.2,,,,,0,0,,,04-22-2025
0x117ce6f1bc357545cdc5c14edf88c73d6baee886,-0.6,-0.1,-0.1,-3124.5,,0,14,,81.2,,,,,426,-3.7,2284.1,-35.1,04-22-2025
0x1c1a554621c94bf143155c7f5c150eb17c4ee681,0,171,171,171,,2623,0,,0,,,,,0,0,,,04-22-2025
0x0733720604dff52c623cd860a26fe133bcf39449,0,0,0,0,,0,0,,0,,,,,0,0,0.5,0,04-22-2025
0xbed6795d119433c00716e544dff898af849d7377,0,-25.7,-25.7,-25.7,,11,0,,0,,,,,34.4,5.3,179.3,-3.8,04-22-2025
0xd520151e52346c033399da5abb031579d460d023,105579316.9,0,0,105713246.6,,0,0,,0,,,,,907.6,-32.8,1069.7,-27.6,04-22-2025
0x8de30ff77b5947e0fe4a32b8993a2e738c58e1ae,0,-5899.5,-19292.5,-18426.8,,150,64,,19.6,,,,,1068,7623883.4,458,47.5,04-22-2025
0xd4c02c5a2a3c97f4954e6caa48c4a29bbb6be5da,0,39.3,25256.4,44296.3,33.3,10,11,2.2,5826.5,6,0,0,0.1,387.2,-7.9,436.6,10.1,04-22-2025
0x4ead583045655d49988975a6970590eed06c9265,0,0,0,100.7,,0,0,,15.1,,,,,26.1,12.5,2.8,11.4,04-22-2025
0x739681c685754097912aab674a3d98a92e7211fd,22,3.1,40.3,271.1,,0,2,,2.9,,,,,0,0,,,04-22-2025
0x896d37ee4a1022d722304d2fd2f9594b26d16c8c,0,0,50154.3,324853.6,,0,0,,1.5,0,0,0,,868.9,8.3,3579,2.9,04-22-2025
0x746dc1e6e53bea20a939095b8f414ffb63581a3e,0,-71,-203.2,-42.8,,0,1,,0,,,,,0,0,,,04-22-2025
0x78e02c53d2e562e23995226d1dcfeb82b29fa811,0,-1480.7,-5617.3,-3038.5,,9,10,,1.8,,,,,8.6,-2.4,2894.1,26.3,04-22-2025
0x3f1ac8a02823f2cb0c5f48c3fa5c5db628e14321,0,286.8,-371.6,-86.6,,3,2,,0,,,,,7.3,0.2,,,04-22-2025
0x8b93091172ad8dcc7c57acb1d9efb1628c254a82,0,43.6,43.6,43.6,,6,0,,0,,,,,0,0,,,04-22-2025
0xb10cfc2d9b8087a00d0706acbac444c3bbe0e91e,0,-744.2,-694,-1162.4,,308,61,,76.2,,,,,4730.2,-1.6,11284,0.1,04-22-2025
0xb26b0d612a348617d12ef1f736581c181a159eb8,1618.6,0,1580.5,4391.9,,0,0,,224.2,,,,,5.9,624.4,,,04-22-2025
0x74c5566218635ab66d7a60a2bd7a193904cdb9b5,0,0,0,3518.3,,0,0,,57.3,,,,,65.1,-0.1,,,04-22-2025
0x7aca8933c66aebc20b8915c9884f542d791e44ec,-0.4,0,36.8,-985.8,,0,0,,172.2,,,,,4.7,-11.8,67.3,3642,04-22-2025
0x58977ab6ccf0a88db9d5b18d05e7c56530e5d4c4,0,0,0,519.1,,0,0,,2.4,,,,,46,13.1,,,04-22-2025
0xdd8777d3d8ce2f6c2817a04be34805dbe1312225,-20456,164.5,33681.6,94861.5,26.1,49,27,4.1,131.6,23,0,0,338.1,89,-61.4,260.2,-37.1,04-22-2025
0xdca20a8c02aceb89bb63c50f520fe486ca9942d4,0,0,1517,1682.6,,0,0,,0,,,,,22.6,6,77.2,2127.4,04-22-2025
0x5ae9a440e8db2be517e4996f4a47eaff6b974acc,-32.1,-10.3,-15.8,18.4,,1,4,,1.9,,,,,1.1,-1.3,15.6,-54.9,04-22-2025
0x151f57589587da1ddc38cdca618f64486311eecc,-7361.2,91.6,91.6,-7269.6,,37,33,,2822,,,,,0,0,,,04-22-2025
0x22ae309c1527800fa6ab3acc469acd2b175e6489,-0.3,-0.1,1095.7,1095.4,,23,20,,260.3,,,,,0.2,-5.3,0.1,0.6,04-22-2025
0x921d1782b1ef22dd383ef2cbe6c32b9b7cd59884,0,0,0,15720.8,,0,0,,110.2,,,,,0,0,2162.9,386.2,04-22-2025
0xb11c55ccab1067468835bb703433ec7acde16f08,0,0,0,513.8,,0,0,,24.7,,,,,0,0,,,04-22-2025
0x02a8972a49cac25e73afedee176535da4cb7be3e,0,7063.2,7063.2,7063.2,,450,0,,422,0,0,0,,0,0,,,04-22-2025
0xcb874a30ec12ab29eba91e0f397e8eab425f069a,0,0,0,-3716.8,,0,0,,525.2,,,,,0,0,8428.6,-62.7,04-22-2025
0x00bd09a2da44708947927960f2eaa2502ecfd9c5,-445.5,-332.9,-332.9,-918.3,,0,0,,0.6,,,,,16.8,-3.7,,,04-22-2025
0x168f265f56baffaf739bdd9ab035fac2e88ae974,0,2919.9,4747.8,5454.9,76.3,37262,9689,,1,0,0,0,,9.2,2.2,5.7,0.5,04-22-2025
0x99c84bd541e5d5ddd16fc54e0013174a3b8ca9a7,10346.1,0,46.4,10392.5,,2,0,,9.2,,,,,30.6,702.2,,,04-22-2025
0x81e14218539b2908c8f8c111e07f7bf78ad58ab6,0,111.2,329.4,-456.9,,9,9,,0.5,,,,,3711,-0.5,709.4,18.4,04-22-2025
0x2045e0c0b7f7f32d504db63e697f8c8330434242,0,0,116.1,121,,0,0,,0,,,,,26.1,0.8,83.9,20.5,04-22-2025
0x52275c21933d2b28cce362fb0bbd55ed298c5629,-1664.9,-18.9,-126.3,274.3,25,5,3,-4.7,307,1,0,0,0.1,14.5,-10.8,58.7,0.2,04-22-2025
0xc70b281fa74e391bd0a02d495d1d8ebcae02d645,0,23.9,240.4,276.2,,2,5,,18.5,,,,,0,0,,,04-22-2025
0xf74fdeaabfe9fffb2f9c1a94f8dfc3bb55efb873,0,-4921.3,32725.4,-178238.4,47.7,448,385,-33,137.9,117,1,0,192.3,2449.8,-13.5,398.9,2.8,04-22-2025
0xec5dd97faad7af189c6f08f67310ed524f002876,0,0,390.9,4634.2,,0,0,,0,,,,,9.7,1230.4,,,04-22-2025
0x91caa9dd8510641519a800178787400a59cfce2a,-18.2,0,0,862.4,,0,0,,7.9,,,,,270.4,-4.7,645.9,-37.3,04-22-2025
0x16f3f074aa167fffdcee698ae65dd4795b8cf5c7,0,0,-1522.7,3844.8,,0,0,,1.5,,,,,5.1,0,,,04-22-2025
0x29c0ab2c0efa773c05639fbababb8affff3c9217,0,0,0,0,,31,0,,4.6,,,,,0,0,,,04-22-2025
0x148aed611d931e9546870713c2fc1940801990d0,0,0,-22.8,-1050.8,,0,0,,0,,,,,0,0,,,04-22-2025
0x63e4f7ffce71f9acf56df1f85ad184e125e68f08,0,0,0,5365.2,,0,0,,174.4,,,,,393.9,1.1,,,04-22-2025
0x60635b66586e109137f50c10a550d1d1c4fa7aa8,-1.2,308.2,3218,41974,47.4,80,55,15.4,48.5,16,0,0,38.2,115016,-7.6,22697.1,0.5,04-22-2025
0x8ddea1f28b3b0fa9904ce7d25b689c290a544da5,0,0,0,0,,1,0,,0,,,,,0,0,,,04-22-2025
0x19c7eb957b41466cb67c99e5c105943d8cf6eaf5,-309.6,73,-723.3,4897.7,,16,12,,4.2,,,,,205.3,-14.9,2199.9,-32.4,04-22-2025
0x1d53e3968db55bf84130b9e4f09976687cef7679,0,0,18.5,38.2,,0,1,,0.3,,,,,0,0,,,04-22-2025
0xbb87b97cd47033dd47363f692b29298f574cf113,-33.7,0,1135.2,3371.9,,0,0,,32.9,,,,,101.9,14.7,238.3,169.2,04-22-2025
0x935c90384a7b3141cad3695b773a54e0746a3a78,-20962.8,2595.5,-664.6,31748.3,100,9,11,648.9,2618.7,4,0,0,0.5,551.6,-12.2,855,61.7,04-22-2025
0xf577cf92e5eb9a7a0edd35ff25f207521f25cf48,0,-0.1,309.6,400.3,,1,2,,0,,,,,31.9,182.6,21.5,-94.8,04-22-2025
0xc78af5812a94685a5fb120b6029719f972927259,-310.8,-284.4,1636.6,24717,25,15,14,-31.6,18.3,3,0,0,58,142.7,-12.9,3419.4,6,04-22-2025
0x0c349d9b92fbd172bbb5a17a9db0a673a6a10ad3,-1790.8,-47464.7,-25835.5,106210.4,12.5,69,18,-11866.2,43.2,1,0,0,531,2352.2,-50.5,4423.3,-45.1,04-22-2025
0x2aaff04a6c3cdbcc015e02750cbceae70428d9a0,0,0,0,1092.9,,0,0,,0,,,,,140.9,3.9,203.1,18,04-22-2025
0xdd0ba21f42de8e7389dd4469a38644a79a38c4c7,-11203.3,319,-1117,-30963.4,,1,1,,3798.7,,,,,1375.3,-8.4,2235,-62.7,04-22-2025
0xac60a3f6f8b3e90928d2c946b740b14c0ae3dce7,0,0,0,56,,0,0,,1871.8,,,,,0,0,,,04-22-2025
0x95c3aeb5c6bb5b4aacc3da20ea85a855a4b25af6,0,0,0,1166.5,,0,0,,0,,,,,0,0,,,04-22-2025
0xceba5bae1ae0224d2c388ac1adfed14b361b9b00,-0.1,580.2,2085.7,2327.5,,35,34,,0,,,,,4029.4,-5.2,,,04-22-2025
0x1cbdd2e7463d90f034d8e5c223be6b934d3f8e72,0,-42.4,-42.4,-42.4,,1,0,,0,,,,,28.9,-4.3,6.3,0,04-22-2025
0xba059f6ce8c2112d37c87e67fa26560efc420938,-484.9,0,0,-647.4,,1,0,,39.9,,,,,0,0,,,04-22-2025
0x453c48906248faaf162f0f1d7c7aa2e760a2a385,-603.4,0,-91.7,-15074.8,,0,0,,56.4,,,,,129.5,21.9,,,04-22-2025
0x0375e0e8720f9b9b5d869799afa8376a17323c82,0,-7025.7,-3149.9,-3149.9,,8,1,,2251.4,,,,,0,0,,,04-22-2025
0x75800b5516ad83785ad0ec025395fd53f14713ab,625.9,0,0,625.9,,1,0,,14.2,,,,,18.8,373.9,,,04-22-2025
0x8ecb0a01eee0e04c2607fe99a3ef7ab2a027bb81,-11.8,0,6420,49698.8,,0,0,,65.7,0,0,0,,380.9,-19.6,2064.9,14.7,04-22-2025
0x9533ac559b64918ee8828c4be5c9a2dbb0e7afc5,-308.2,0,-505.3,4807.3,,0,0,,0,,,,,37.9,-12.1,39.1,9.4,04-22-2025
0xa9ddd3dfb737aab7b8319458b249c696710f0b02,0,502.1,462.9,477.5,,19,13,,12.3,,,,,104.9,0.8,,,04-22-2025
0x71bfce7985e5734c5e33e7cf5deab8e3d759799a,0,-87.4,-87.4,-87.4,,159,0,,0,,,,,15.1,-6.3,0.4,0,04-22-2025
0xf8d194656580cb83f92d04e44a2751a8b774d9f1,0,82.8,423,1570.4,,27,20,,0,,,,,278.4,0.2,343,-6.4,04-22-2025
0x4b7e7c2d30fadd9eb9cffcf12dd0a73e8cea05ab,0,0,-25818.9,5097.9,,0,0,,6.4,,,,,750.7,-26.1,5306,6,04-22-2025
0x95482b59be11c3ee1b9c54cea3a088889b6ecc4b,-86.3,0,6.8,817.8,,0,0,,1.1,,,,,346.1,1.2,677.9,-10.4,04-22-2025
0x7faccef1934bac7a7341cd9889ddfc4c3d1c26a2,-1721.8,1126.1,2940.4,5531,100,8,3,375.4,8079,3,0,0,58,0,0,573.9,60.8,04-22-2025
0xab104349398f7f2481589284cf3065e38a3f66bc,0,-1100.6,3205.4,-1833,,276,81,,197.7,,,,,1879.1,0.4,12549.6,-2.5,04-22-2025
0x59af4fa059c165c9aa4573bb4d29d97b217126d1,0,0,-20144.8,52681.9,,0,0,,0,,,,,453.5,426.8,943.4,-40.1,04-22-2025
0x1c175a2426ec470379c4dc6dd9c5e74741b8bbf5,0,0,0,28.4,,0,0,,0,,,,,0,0,,,04-22-2025
0x7978c7900b79904b16d6e752ba282f174e38e533,-124.1,103.8,2652.4,2507.9,,1,1,,351.6,,,,,18.3,-5.2,726.5,-58.3,04-22-2025
0x34c5a1235bc231da7b464549a81d3d9ee1fa9c86,11426.8,25961.9,44929.6,73411.5,50,11,4,12980.9,15249.7,2,0,0,32.3,9.3,-2.2,652.7,-15.6,04-22-2025
0xdc5ddd6629a1b8880767eb2d8be79d1810bc746d,-3.3,-114.1,-2094.9,-809.3,57.5,154,95,-2.5,10.7,25,0,0,109.1,1124.5,-0.9,714.2,-2.5,04-22-2025
0x5227eea548eea939d9ba4419b0e03df042ec3220,0,0,0,-1716.4,,0,0,,0,,,,,1724.3,-12.7,,,04-22-2025
0xd77900479ef30963f4b5aa7d752b15795192ee15,-1238.5,0,5917.2,9390.7,,0,0,,878.2,0,0,0,,0,0,,,04-22-2025
0x30b98a5de688c76e336fccd24f3ea207500a91eb,-407.5,-1247.7,-5570.8,32948.8,33.3,78,59,-59.4,15.7,11,0,0,21.9,257.3,-16.3,7325.3,10.9,04-22-2025
0x2fcebba217ff95a0396d8b5f14676310ce0c96bc,0,0,0,3277,,0,0,,0.1,,,,,1635,3.8,3083.2,5.2,04-22-2025
0xf4969e945043c704581bbc8f26bb0fd9f1a1c96f,0,0,54.1,214.4,,0,0,,0,,,,,0,0,,,04-22-2025
0x165a816d695e096bf080165fa6bd48f5d22274b9,0,728,1717.9,19435.8,65,6900,4951,1.5,1.4,313,3,2,186.3,8082.5,-3,346.5,1.8,04-22-2025
0x50e00ae08678ebd16b79b84439defa046f18eb76,0,-2525.7,-28877.9,179822,,20,12,,0,,,,,714,-11,6279.4,-32,04-22-2025
0xfd79d5d61e3f94e634e78c60337c1c5c69cdc165,-376.9,0,0,8680.3,,0,0,,13.6,,,,,0,0,,,04-22-2025
0x84431d2be3b62822f0c74bfd410bfbf1ce664b2f,0,0,0,1771.1,,0,0,,36.6,,,,,0,0,655.6,-7.5,04-22-2025
0x71a67d03cfbb3087f7df1dee804d930168f9a80e,0,0,0,27709.5,,0,0,,46.1,,,,,0,0,,,04-22-2025
0xc6a1bd8df7903ff81662702a2e76a3f38ccaeff1,0,0,-8438.6,159094,,0,0,,37.7,,,,,28,-2,1449.9,2117.6,04-22-2025
0xcfead54e08892e22b999bd739664a90623d73bbf,-15306.9,0,52124.3,77539.4,,0,0,,3612.3,,,,,323.4,-19.1,955.2,-65.8,04-22-2025
0x56a2a149c4a81fa19945553a6412a468e91c59b1,-0.4,18.1,-288.6,3810,,0,0,,975.4,,,,,119.4,-32,337.3,-26.9,04-22-2025
0xb4673d90e6f054c9343fe5b4b566a5159371509e,0,0,0,264819.1,,0,0,,0,,,,,0,0,2092.2,12657.5,04-22-2025
0xb0006e5ab631818a2896f99fa62e2dc9a5280aae,-4.7,157.2,3448,80163.8,100,3,3,78.6,31380.5,2,0,0,4.6,1613.6,-10,3809.9,1.5,04-22-2025
0xbe289ea96d7f038cb3610565c6125894cd41a25b,0,0,0,0,,1,0,,0,,,,,0,0,,,04-22-2025
0x975221b40969a1d328001925faa2a68318374c77,32.2,555.3,653.1,685.3,,181,29,,51.2,,,,,166.2,-0.7,50,1.5,04-22-2025
0xfcf55bca3ef567505d317e4bca24544c999efa19,-2166.1,18608.7,17235.2,148036.5,30,24,49,1860.9,13163,4,1,0,36.5,776.5,-9.7,2050.4,-9.9,04-22-2025
0x76d33a734ca8969ecc15b191395a3d73e906248f,0,-538.1,-6433.1,-10400.9,,3,2,,1.1,,,,,225.4,21.8,3334.1,64.3,04-22-2025
0x2fa3196da0b29a5b4a2ad8ebcbc4c622943ebbae,-18060.7,0,-117749.4,4557.2,,1,0,0,282.7,0,0,0,121.2,1649,-30.6,5293.2,-55.2,04-22-2025
0x2c7bd4d0f5bab5876309fe50cc4cb20c37d94104,-26.1,0,-375.8,2018.4,,0,0,0,0,0,0,0,,70.2,26,87.6,-29.7,04-22-2025
0x5420bbd51807f478d287c1e01b41dc2528a8de34,0,0,0,15,,2,2,,223.6,,,,,0,0,,,04-22-2025
0x54403ec2c1035295e81172e1bf381d01df135f67,-714.2,0,-4460,-2775.2,,0,0,,10.8,0,0,0,,618.5,-1.9,10875.9,14.2,04-22-2025
0x747a53dd4d285bc7bc87c4d2b8c192c6d828ebd4,-64.1,-1725.3,-3740.8,37152.8,,2,23,,0.7,,,,,691.5,-40.8,1244.5,-25.1,04-22-2025
0x58870c4a29d7d270bd0421c5861f4229de77b673,-301.7,6.5,-371,171870.6,100,2,1,0,15.2,1,0,0,63.5,114.1,1.1,50.6,-78.2,04-22-2025
0x1e71b43a0407e3a4f2f7558475977691b5ad3806,0,0,0,0,,3,0,,4.5,,,,,109.9,2.9,,,04-22-2025
0xfd15ef1d3a85091f5a733841aa8778b69f14c9ce,0,0,505.9,1143.8,0,0,2,0,408.2,1,0,0,0.3,197.7,-3.1,462.1,1.8,04-22-2025
0xd7cac698a985c89cb49d99b10a2c9f50a93dd119,-3673.5,0,0,55639,,0,0,,400.9,,,,,3094.9,49.6,2373.7,117.3,04-22-2025
0xfd1c60f451ef2bb46927024463f4f71c29673000,-76.4,352.2,568.7,893.6,,43,39,,18.5,,,,,128.6,10.7,220.6,29.7,04-22-2025
0x1c97de4a57c0d0eb861074fa743b7951b0dcb633,0,33.7,279.9,507.7,,2,15,,52.6,,,,,9.4,-1.6,,,04-22-2025
0x2788343a417f26e3ebb052e43a1117a95730903d,0,0,0,269.5,,0,0,,0,,,,,0,0,,,04-22-2025
0x261051b9b0b2811971cc260f030cc14ffaeef087,0,0,0,241,,0,0,,0,,,,,0,0,,,04-22-2025
0x0314e136b60931c443d352eb083af26c04db3f12,-280.1,0,5072.3,6438.9,,1,0,0,5348.2,0,0,0,0,348,30.9,1040.3,-7.8,04-22-2025
0x1b56a5af102e4acf9cba898734842901245bc93b,-620.1,0,-9489.5,-10117.2,,0,0,,5484.7,,,,,15.9,-1.8,394.2,-48.4,04-22-2025
0xdb6555557509c09f2f0402b180f0dd4c1fb55c45,-354.1,0,433.9,6666.7,,0,0,,0.3,,,,,229.3,13.1,346,326.3,04-22-2025
0x8e6b3c9c72ca592bbab470f761fa869c174e9ea0,-3186.5,1042.8,2033.7,13566.8,61.9,27,27,49.7,2642.5,13,0,0,0.6,418.8,8.6,448.3,-65.9,04-22-2025
0xafa60d438bef298b73a7043f878d5ebbaec6a398,0,7.4,7.4,7.4,,33,0,,1.1,,,,,15.8,-0.6,,,04-22-2025
0x3c5083022114ea14fb3d8d06f5931c629c2bedd6,-140735.6,0,1876,-4265,,0,0,0,1764.6,0,0,0,,1209.3,24.5,2354.4,-54.6,04-22-2025
0x5af5eebb5271aa4a42e71f78c79140d30325185e,-16.2,75.4,133.9,300.4,,43,14,,3.8,,,,,81,-2.5,19.8,-50.9,04-22-2025
0x66e74ae4016eea2cb48090ad117b0060a68d12b6,-619.5,17.3,55.3,-44,100,12,5,17.3,47.3,1,0,0,3139.7,100,-1.3,,,04-22-2025
0xc239bf6376fd06cf5159bad76b5867f5bcbc6c4e,0,0,-5549.2,19773.1,,0,0,,43.3,0,0,0,,290.9,12.5,16016.3,-4.2,04-22-2025
0x108cf55e7dc1ceef9b958eacb369c162495cb7d7,0,27.2,27.2,27.2,,47,0,,20.8,,,,,0,0,100,0.2,04-22-2025
0x69b0a7aa962d676304827304df32957b7aea5db6,0,0,0,508.1,,0,0,,0,,,,,0,0,,,04-22-2025
0x6df36e683a822a133be41fee75173bce97f90fe4,-5690.6,0,-914.4,-6605.1,,4,0,,380.3,,,,,374.3,-14.1,1096.5,-44.5,04-22-2025
0x888888882dd40eac1627df81a0cd91a1789e3942,0,0,0,-3980.7,,0,0,,0,,,,,820.7,-1.1,27.3,7.2,04-22-2025
0x219fd2220e9e44191df338809ece2844bf7df97b,-353.3,165.3,6585.3,16502.9,50,8,8,20.7,0,5,0,0,0.2,88.7,-2.9,396.8,5.3,04-22-2025
0x68e9dac7f8fa2e5f6c823df82c91ac0f132ec7e4,0,0,0,4507.6,,0,0,,23.7,,,,,0,0,,,04-22-2025
0xff93ff154f7132af13fd24a6966fd42720362884,-20.7,0,0,129938.4,,0,0,,13.9,,,,,98.8,-6.6,1324.8,-24.8,04-22-2025
0x485baffc6f7983f9d6711f0285df5963c8ddb775,-4494.7,0,-2385.1,-11457.3,,0,0,,77.1,,,,,216.1,-18.5,1835.2,-40.9,04-22-2025
0xdc6d7b9486bca5fc35b43adb5b7bea032a514ea9,0,0,0,0,,19,0,,5.4,,,,,0,0,,,04-22-2025
0xcb0150aad1043c16611daad32071e7062751f139,0,0,0,677717.8,,0,0,,37.6,0,0,0,,91,-0.7,,,04-22-2025
0x8724f09f06379ad39407bb0feedb21ba3d4ad535,0,-1.2,-1.2,29,,2,4,,3.1,,,,,0.1,-0.2,,,04-22-2025
0xa47c7f4003ceb55dbc78229353ddf0bc8fb39dcc,-420.1,-1055.1,-10202.4,17555.1,31.8,34,39,-44,2173.3,11,0,0,74.9,221.4,-16.2,175.7,-66.9,04-22-2025
0x0475c991adddfeda6705667ee9b54a95bc427fe4,-122.8,616.8,-13726.4,296042.3,40,20,12,56.1,602.9,5,1,1,107.5,221.2,39.3,1628,-55,04-22-2025
0x251bbfdb7685cf914f39338129f62de0f358f241,0,1222.3,-6217.9,356.2,69.2,791,408,20.7,122.2,42,1,1,140.3,6195.5,7652.1,10344.9,-49.9,04-22-2025
0x47cbdcabbb7821feea91a516a506e4be8a3e9165,6190.1,0,738.3,6928.5,,1,0,,12.6,,,,,110.6,351.2,,,04-22-2025
0x21ba71d21fadf7fec62218377acb3b813af9ef17,0,-268.1,-8646,-2818.6,,7,1,,19.1,,,,,326,5.8,1499.7,-4.7,04-22-2025
0xcbfffa1d378fce9873adf3ad8c87e14aa6979f8d,0,1741.2,-4629.5,841.4,100,47,18,348.2,44.9,5,0,0,107.8,0,0,5285.6,3.9,04-22-2025
0x5d09a071d97994eb89f1f5c259b928ed32e64822,0,0,0,-40479.4,,0,0,,0,,,,,3528.1,-0.8,226.3,-85.8,04-22-2025
0x89dfea399ce72975993ffd6cd59fe4fccc4e2240,0,0,0,0,,2,0,,1.2,,,,,47.1,-1.6,131.6,-9.4,04-22-2025
0xe6adf62a01df85423d6b58abbbb4bc060fa44137,0,-18.8,-246.2,-2164.8,49.9,12505,9624,0,3,245,8,5,85.3,114.2,-1.2,70.8,3.2,04-22-2025
0x3206360934cac591edb28d6553ba58ae590b4e38,0,126.1,121.8,121.8,,1,0,,0.6,,,,,0,0,,,04-22-2025
0x474edf0449e265d8208fc982b9873528082b5aff,0,317.9,915.1,5354.3,,5324,982,,31.1,,,,,670.9,0.9,11,1.2,04-22-2025
0x39cafc44b76687f84d2c7438a05275497cf0d316,0,0,5011.2,5011.2,,0,0,,0.2,,,,,116.3,-11.2,2383.9,-8.3,04-22-2025
0x903386ddce498159c8d888e5a7598b344ad0c8a4,0,0,0,-4137.1,,0,0,,0,,,,,113.3,-6.1,,,04-22-2025
0x41c7f5b49ee0f14059fc57ce6143521fd0fec071,0,0,0,181.4,,0,2,,16.6,,,,,0,0,,,04-22-2025
0x8c9bce7d9d7d5a2614f3bbc70398760c59939046,0,0,0,-25.3,,1,3,,1.8,,,,,0,0,,,04-22-2025
0x8e2812c65ef86daf9b78e9aaef6f05811617cf94,0.8,0,0,173.5,,0,0,,5.1,,,,,15.7,-4.4,201.8,388.5,04-22-2025
0x8fa87fa2cfd16941a3f6a64b1e30fe34450537c7,-26.2,0,0,-34.8,,0,0,,13.2,,,,,3.1,-30,69.9,-13.8,04-22-2025
0xafb872b1c050772c058368ff6fd6773bf0fb2624,0,0,0,527.1,,1,0,,0,,,,,0,0,,,04-22-2025
0x2ea21f7ba3b2a46d9aa4d2c390f51435230822fe,0,0,12.2,3468.9,,0,0,,0,,,,,633.3,-4.2,2524.2,-10.7,04-22-2025
0x7b0f94a2706e06f596991815770d2bf84135cc1f,114.9,0,0,28199.1,,0,0,,8.6,,,,,309.1,-2.5,620.4,-47.4,04-22-2025
0x5ee1715b4f6ef50c38bb12599a141d4c9e42538a,0,0,4066.2,4066.2,,1,0,,301.3,,,,,0,0,,,04-22-2025
0x3b389b69aa13b81a2b6cdab6d272b72a84f0b827,0,0,0,0,,1,0,,0,,,,,9.8,0,,,04-22-2025
0xb44d2370b99f668ed0a3df8513b3281e4c9224c2,40.4,1.5,11.6,96.4,,2,1,,2.9,,,,,0,0,,,04-22-2025
0x87ad4eb317b1ef1af7f4d1457c688f9e56591546,93.2,7190,5625.9,60468.9,,0,1,,5.5,,,,,852,649.5,5507.9,307.7,04-22-2025
0x0a81af98ab5b7c3325b6e53586e6826a79334b47,0,0,188.8,505.3,,0,6,,47.7,,,,,0,0,,,04-22-2025
0x3d2e076e15599933c543e795fe7e885b6e13afb8,33.3,2215.6,4359.4,14847,81.8,7,7,201.4,147.1,10,0,0,44.3,734.1,10.2,907.9,-0.5,04-22-2025
0x055a3b37957bfbd3345bed9968e7e8dd56d67066,-25895.4,21353.7,116914.3,1378218.7,52.3,3031,9710,125.6,1824.4,91,3,0,2700.5,150.1,0,444779,1.3,04-22-2025
0x01b12088d110daaf806bef49ae63750cbaa93381,0,-7.8,-7.8,-7.8,,1,1,,0,,,,,0,0,,,04-22-2025
0xa3c3afbd9b8dfa07f0418edc321a1cf7150d68a7,0,0,0,0,,6,0,,0,,,,,0,0,,,04-22-2025
0x18180e017f857b7a6b59435cb50897f5a104f3b7,-0.8,0,0,-7306.3,,0,0,,0,,,,,214,-5.1,,,04-22-2025
0x4efe332303f1ff8681dbc8571cf56f22449f2b56,0,11.5,11.5,11.5,,7,0,,6.8,,,,,4.2,0.5,,,04-22-2025
0x0fb98d658044be1936104e69a7c5d9b8c9235c27,0,-43.3,58,6688.8,67.7,5891,2753,,12.5,0,0,0,,367.2,-2.5,8203.7,-0.5,04-22-2025
0x1f5b46b95983a0e2b8f0aed76329050bfb8acd3a,-10,124.5,286.2,325.4,94.1,35,21,0,145.6,15,0,0,221.4,30,260413668.6,8.6,17.6,04-22-2025
0x2d8b593d123807835c69e8d4438d93217fbc8eb6,0,2121.3,-494,39605.1,63.8,854,678,20.6,200.8,64,1,0,158.1,84.5,-13.4,3223.2,-2,04-22-2025
0xfd223ab03d808b1d19def6d357aa063cbe00b7a2,-1704.9,0,0,39165.1,,0,0,,0,,,,,1290.2,110.6,1260.7,136.8,04-22-2025
0x3f43c0c3e62aa972d0f2dc3fe61e811f02237f7b,0,301,3208,327186.4,52.2,295,362,1.9,566.6,138,0,0,142.1,225.2,2.8,23.8,6.5,04-22-2025
0x3de0d1c2dfdaa548975f507116dcbbb90ead7d28,0,329,329,210961.8,,5,3,,0,,,,,106,-1.1,3084.3,1214.1,04-22-2025
0xb166b5f2bb3690c23c6645a339c0e8ec87231a23,0,0,0,660.4,,0,0,0,1852.4,1,0,0,538.3,0,0,,,04-22-2025
0xd36841a35005324c583e410e6745e8ce3257bc45,0,182.6,182.6,182.6,,2577,0,,0,,,,,0,0,,,04-22-2025
0x2a5f70874969b41f0c44f8da95624c1c264ae580,0,0,0,0,,5,0,,0,,,,,0,0,,,04-22-2025
0xd8ec650c797c3db16ef01ee1dc904a73dba26e99,-0.3,0,0,14442.2,,0,0,,0,,,,,2018.3,-1.2,13561.3,-2.2,04-22-2025
0x648da78dc1815f8d12af20edb8261b3daeccb9a5,0,0,1357.2,-19796.9,,11,0,,5537.8,,,,,0,0,123.5,-55,04-22-2025
0x716bc9ec8d041d2c5a061578849781823753237c,-4.8,0,-0.5,55.2,,0,3,,17.7,,,,,0,0,,,04-22-2025
0xe666c3ee2364ba0f88ce74f71bd2655f5275829c,0,0,0,6661.5,,0,0,,0,,,,,1169.3,5.3,,,04-22-2025
0x7b2ba2e7c6f6661a7de23b74156aa4c81817d17a,-16676.3,0,-7032.3,3571,,0,0,,133.4,,,,,210.5,4.6,1418,138,04-22-2025
0x028f37934f4df9e0793e4edc2a683769a20f70fb,-2.7,0,0,7451.1,,0,0,,74.8,,,,,75.6,2.5,605.1,2.4,04-22-2025
0xbfd2087e2f2d0ed4b5f25c02dd5628ef49e1a43f,-9.5,-148.9,1389.4,2124.9,36.4,36,29,-6.5,0.6,9,0,0,13.6,92.3,-1.5,26.8,-19.2,04-22-2025
0xbf38518682abf6a5e58ffb851d2b9a09eed65f2f,0,-9684.7,-9684.7,-9334.6,,43,31,,125.4,,,,,42.2,-0.5,,,04-22-2025
0x9e306d3f7d53ba74ae9c1839bc636f76436bfeee,0,-5.8,-5.8,-5.8,,6,0,,139.4,,,,,73.9,-0.1,,,04-22-2025
0xc92b266393745809ec1c3814511771df8707da5c,0,0,0,0,,0,0,,0,,,,,0,0,0.4,0,04-22-2025
0x25a6cb91ceab877b71e929ac027dc277372db402,-6850.2,-4211.2,169492.9,138467.5,0,12,11,-4211.2,65712.9,0,0,0,1.9,574.5,-5.6,1981,10,04-22-2025
0x2d97fda5088b7a463f8b0e48ffe54e640b06bafb,-4,-165.6,-46.9,432.5,,6,0,,29,,,,,32.2,8.3,175.5,-33.2,04-22-2025
0x372599df0bc4a8a8f2f576e5643c8504d6248866,0,-2539.6,7797.5,-283804.8,53.4,432,363,-20.5,147.1,99,0,0,126.5,8484.4,6.5,381.5,4.5,04-22-2025
0x902d0bcfa7f32c4fad5089217670da789d13fee0,-49.4,-86,68.6,1008.3,66.7,27,5,-12.3,111.5,6,0,0,139.3,1.2,-3.9,128.8,10.6,04-22-2025
0x9f5f7b714fd3515a74788af686d85e2d67d0b81a,-3248.7,0,-664,-7572.4,,0,0,,237.6,0,0,0,,595.2,-5.7,1471.5,-86.3,04-22-2025
0x7a912bdb8b5cac2216f1590b1b807e6b301f275e,0,108.7,108.7,108.7,,6,0,,15.3,,,,,7.3,18,,,04-22-2025
0x50a2012404b764af02ef594f95e28fc81cb35af0,0,-144.1,-92.3,895.1,55.4,2241,1837,-0.8,2.1,108,2,0,187.9,495.4,5.1,114.8,-1.2,04-22-2025
0x863579fbc457d81ce6f1e282a9b21ae0b1885b5d,0,4097.1,-2686.8,-20978.8,,116,89,,60.8,,,,,5657,1.9,11093.5,3.9,04-22-2025
0xa347fcfd60358d1b2e88a2d1f4c554b12a9e3426,14.7,0,26.3,303.9,,0,0,,2.1,,,,,153.2,3.9,30,0,04-22-2025
0xc0a6b79f4f968c81850a9e8dc0a7078d21795bd1,0,0,-25.4,-25.4,,0,0,,14,,,,,0,0,,,04-22-2025
0x731a35932d035c544961801cfe59505a830d09dc,-11830.4,-91.1,-8109.7,-19918.1,,3,2,,35.8,,,,,516.5,-55.6,2981.9,-12.5,04-22-2025
0x1a73b37f56573aaa15d67d7993f3c89b0c89e44d,0,5.2,5.2,5.2,,4,0,,0,,,,,1.7,18.8,,,04-22-2025
0x05201a43fd41d246bd5254afde764f2c484575ea,0,0,0,-428.2,,0,0,,0,,,,,103,-9.8,256.4,-96.9,04-22-2025
0x5229ac2c1ba373625107debbff3fc03e288ae927,-1.2,0,-14.5,-1288.7,,0,0,,9.2,,,,,121.7,-7.8,39.9,-62.7,04-22-2025
0xc7cff452d53e65069718c1428232436e6ab234a4,0,0,0,0,,0,0,,0,,,,,0,0,0.3,0,04-22-2025
0x21ec3ff4be79917cd0a4d241db79c4ab322ddf49,0,0,0,0,,1,0,,0,,,,,0,0,,,04-22-2025
0x2db89af79454929cd5e9518a0201f23b36fe047b,0,-116.9,-16175.8,-14268.3,22.5,1031,2387,-1.4,68.3,58,0,2,430.6,1467.7,-19.2,,,04-22-2025
0x2c062394f2dcd31f67daa397c234582e43a0ffe4,0,0,-348.6,-19127.4,,0,0,,0,,,,,135.3,-41.8,317.4,3.7,04-22-2025
0xa73072adc6c34859426fcc29bc6ca2cac07c93c3,6646.6,136782.7,341917.3,464459.3,41.2,389,448,6839.1,98.7,13,0,0,952,327405,0,,,04-22-2025
0xdc1afaedbf529d1bb0c65c982308ffd1e7df5570,0,196.2,1337.3,31928.7,,38,28,,15059.7,,,,,28313.6,-0.2,1163.9,-1.8,04-22-2025
0x1ef7b5337ee3f420774430fe073957a5138c11c6,0,0,0,77.1,,0,0,,29.4,,,,,0,0,,,04-22-2025
0x02df10ccb367598ff31b21408b65c30772255c91,0,0,0,0,,1,0,,0,,,,,0,0,,,04-22-2025
0x0023c870d99411a6558584a64579f258e544df41,-6.9,0,256.7,3970.1,,0,0,,0,,,,,67.5,16,69.4,-25.7,04-22-2025
0xb9855d2a8a83747288000bd3d2df944fb94fb5bb,0,-9.7,-215.7,3615.2,,8,10,,37.5,,,,,951.2,-1,201.2,0.9,04-22-2025
0x22a2daac54224492e4a8089c6f1d08b9f3230749,-105,349.1,493.5,1353,,7,2,,48.6,,,,,461.9,-0.4,,,04-22-2025
0x3c12cf90dbfa12c018cff6eeaf9068e7594b4580,-8.2,-102.3,-99.3,-128.5,,21,6,,2.1,,,,,4.8,-5.1,80,-25.7,04-22-2025
0xeeba025415c5eb58fd457b2f873b5ca302e93105,-107,0,0,-272.1,,0,0,,5.1,,,,,0,0,,,04-22-2025
0x4ce88f343917a80560ba6349636c6909f7389262,-1322.7,416.1,1376.3,3528.9,,0,1,,0.6,,,,,117.1,-24.6,1256.4,-20.4,04-22-2025
0x181d6069cef99f0d6c61ccc8ee485fa64797df7b,0,1752.4,-2638.2,-16976.5,50,69,60,-0.6,49.9,9,0,0,76.9,6332.6,1.1,10010.4,2.3,04-22-2025
0x3abb878ec2d06a795fbf2f5c461645347406b441,43.4,0,78.5,194,,2,8,,11.6,,,,,0,0,7.9,-21.1,04-22-2025
0xe03cc7b1f5db73f76cab69c81d5f75fc01f1a2db,-3233.2,-3214.3,-4682.1,32743.8,,0,2,,6,,,,,820.9,611.4,1440,-69.5,04-22-2025
0xa714b8fb70f10a2ad963e7cd2a8bc615fcdc13c9,-201.7,0,0,5,,6,2,,3553.7,,,,,0,0,,,04-22-2025
0xc85d67df45e571d4fb70a3945cf0bb50c7fc7dc8,-4759,0,849.3,4022,,0,0,,83,,,,,888.9,-1.3,598,65.2,04-22-2025
0xa15696e6cc76c709c1608c8247ff2f5e412b24d9,2799.7,3404,6569.8,15295.6,37.2,75,71,60.8,425.8,26,2,0,124.8,334.2,5.4,938.7,18.2,04-22-2025
0x2f62bcae18f83fdf104639ac19d8cb10a9018937,-353.2,260.3,-6329.9,-6683,,26,2,,5.2,,,,,43.7,0.4,342,-48.4,04-22-2025
0xff7736894aec1cffa49fba64606cd338666a0e97,-26,-22.1,-140.4,224.5,,9,7,,113.7,,,,,31.8,-9.3,30.4,-13.6,04-22-2025
0x22805fa13ca355ce95e3c40d63b7aa023e7e05ed,0,0,0,17507.3,,0,0,,0,,,,,2081.5,-4.9,2623.8,-12.9,04-22-2025
0x34803944b07192e35a25cda5265726731dc36b10,-2413.9,0,-273.4,-18321.7,,0,0,,35.3,,,,,586.2,-0.1,4199,-2.4,04-22-2025
0x11f7a5a1c6cc58deed8de366725d8d1538e17c3c,-28.8,0,0,6155.9,,0,0,,0,,,,,708.7,0.4,3102,16.6,04-22-2025
0xd24b0d03d7a880a1ba03558e5de9bbcb32496a12,0,3616,2236,11694.4,75,14,4,904,39514.6,3,0,0,0.5,256.5,8.1,788.9,11.1,04-22-2025
0x40da11054f0a82c21dd87f7e6dfc093700d439a4,0,-1294.6,21266.8,35997.4,44.4,203,166,-16,4872.6,59,1,2,218.4,466.5,67.2,26430.8,23.2,04-22-2025
0xd991fbb8d47002a1fa12aa3c832f45d5463d6f25,0,0,0,61.6,,0,0,,0,,,,,0,0,,,04-22-2025
0xba520dd2eb87e6c53b40a07d73a1d57606829f2e,0,955.5,-5575.6,-11516.2,,145,99,,113.8,,,,,4141,0.1,10712.2,0.1,04-22-2025
0x9bdee1feae7b67e9b0312b5a8c11f943ac573df9,0,105.8,407.4,1201.1,60.1,3094,2571,0.3,1.1,241,7,4,187,143.6,28,63.1,6.2,04-22-2025
0x4cfc2735027379e29443c1e0b8870f2b862f9430,-181.2,1307.7,1334.4,1115.3,50,27,5,326.9,5.4,2,0,0,158,46.8,-2,534.1,-39,04-22-2025
0xb33e153a469c28c2754da94261a51068e94a5321,-0.1,16.3,15704.2,69041.1,36.8,26,24,0.9,7739.5,7,0,0,68.8,682.9,-0.4,1198,19.1,04-22-2025
0x1ead03b8cdab2d4868bd86c5610a5812f32dfc86,0,84.3,-264.7,131533.6,48.4,294,229,1,7.4,57,1,0,190.8,604.1,-12.4,11.2,4.5,04-22-2025
0x79f12b0cf792f18cc3f97eccfd5daa52b3bd8e29,0,0,0,29.3,,4,2,,7.3,,,,,0,0,,,04-22-2025
0x10237b9f7411e7335e401f6a5dfcbc633bb03941,0,-2984.9,-2984.9,-2984.9,,31,0,,92.8,,,,,62.9,-10.8,,,04-22-2025
0xb7aeecba166e2a658f7918c6cb29e8c33ba2deae,0,0,-1937.1,-2326.7,,0,0,,32.1,,,,,0,0,947.3,29.4,04-22-2025
0x6f570a814daa888ac284fba0a04ffdb11aa21a36,0,21.4,71.3,453.6,,15203,12821,,4.5,,,,,1145,1.2,228,0.9,04-22-2025
0x7e49797596c9a3385e61e6704b6ef4cf01703896,0,-402.9,-402.9,-402.9,,18,0,,0,,,,,118.6,-6.3,,,04-22-2025
0x1fdaacbce165c8a78d40de8714d6bd4fe0e34ac5,0,0,0,-1201.5,,0,0,,0,,,,,1872.6,-0.8,8414,-20.5,04-22-2025
0x2320b07f6e15f9cb5f0186e7a66a244a01dc7e0b,0,0,0,-427.6,,0,0,,2.7,,,,,1995.2,-5.8,2794.7,-0.5,04-22-2025
0xc25fcf4df2fd3ce9cf04b1f364562910515ff1af,0,1016.4,-78667.5,99699.6,,1184,1004,,277.3,,,,,7.1,38.9,126140.6,1.5,04-22-2025
0x3d6ed540b5c81f7861168743024dca524414fbb6,0,0,-878.4,8842.1,,0,0,,46.4,,,,,872.5,7.2,,,04-22-2025
0x5160da5dd2f9c74480cfc9df51b8d57f4e4cd37d,12657.1,0,0,12656.8,,0,0,0,69.4,0,0,0,,574.5,27.6,,,04-22-2025
0x105e419826d8f9334197effeec33d6e7cbba7aec,-175.5,0,1360.7,9889.2,,0,0,,30.9,,,,,587.2,13.5,332.6,21.1,04-22-2025
0x0ef13a54617cd5ae82382e413ef0a2ee048035e4,0,7262.4,7262.4,7262.4,,212,0,,301.4,0,0,0,,0,0,,,04-22-2025
0xa2bdd960b464770ae6a5a3ebfb21288e7d4c08bc,0,0,-147,32.4,,0,0,,0,,,,,10,-13,25,-41.4,04-22-2025
0x77ccffab984a9690fc1c30beecb412ee44ce4aaf,0,173.9,173.9,173.9,,107,0,,2.4,,,,,34.8,1.5,,,04-22-2025
0xfd5a6a88136b3db8fe7ee92382001d6d8ba15f8f,-6.7,0,0,52822.6,,0,0,,0.6,,,,,86.9,-33.2,65.4,2.6,04-22-2025
0x2e977448066c54c62fa4c5dcaf902f27181c9747,0,0,0,0,,12,0,,0,,,,,0,0,,,04-22-2025
0x1e47ffc302ee6fe29cba3d16f34efb574ee29f9a,0,0,0,0,,0,0,,24.1,,,,,21.9,-2.4,,,04-22-2025
0x4541e68799d546536fa4c21a3be38b8fbcffa0ce,0,-46.8,-46.8,-46.8,,2,0,,0,,,,,239.6,-14.8,70.1,-6.9,04-22-2025
0xd32c96868c86ecbbb94fc600cdefeba078927665,0,536.8,536.8,536.8,75,36,0,536.8,4.1,1,0,0,0,41.8,2.9,1053.8,0,04-22-2025
0xd4b4cab5cf150f46448a8b312cf4d96521953c5f,0,0,-7238.8,18300.9,,0,0,0,3725.2,0,0,0,,1566.1,-12.9,2236.3,54.4,04-22-2025
0xd1f3637cf27cd5d3a0f4b8d9f6b756d64fdefbde,0,0,-44,-174.1,,0,0,,0.4,,,,,24,34.4,75.4,-30.9,04-22-2025
0xa8679b8583803316212b322e7dd642d54dd16de1,-11390.4,0,0,61277.6,,0,0,,935.5,,,,,0,0,4093.1,10.3,04-22-2025
0x92baa8449f0e1932f7eef4d4fd5b998331b9057a,-26.2,0,0,-26.3,,0,0,,2.3,,,,,9.8,-25.8,69.9,-13.5,04-22-2025
0x0ec6667b5379637a7832c09c4b75006374fd6e88,0,0,0,1109.7,,0,0,,0,,,,,0,0,,,04-22-2025
0x0a0d0a909383def8ad9e0ca8c1d0ddef5b97a477,0,0,0,3389.5,,0,0,,0,,,,,62.6,2,,,04-22-2025
0x0005cd5de4ffcea39babb6145c3e79945c6e36b4,0,0,-186.9,12567.8,,0,0,,43.2,,,,,336.3,4.3,594,-24.9,04-22-2025
0x13d829494e650ce68fbc755fa0844acf767229f1,0,50,50,50,,34,0,,12.4,,,,,12.5,-1.3,,,04-22-2025
0x5bbb8caa50fd423a300f1a859880150981afd6c4,0.1,0,71.4,71.5,,0,0,,7.2,,,,,18.8,3.2,78.8,-9.6,04-22-2025
0xee46be9ad04dbbba9fd4e5f7a1c11ca8fd0ad3a3,0,0,0,0,,0,0,,0,,,,,0,0,0.5,0,04-22-2025
0x06d63637aafd52bdd11d39bf07621f18b68d983e,0,46.9,46.9,46.9,,133,0,,176.9,,,,,10.6,0,496.3,0,04-22-2025
0x7ca9b3566b77fb66157d4f417eb0aec234c4cf14,-3916.4,0,4.2,-3493,,0,0,,0.2,,,,,93.8,-0.1,100.9,4.2,04-22-2025
0x0516e9e739acc14a4613b744f81c5ba9d4adad8c,0,0,0,0,,0,0,,77.7,,,,,99.4,0,,,04-22-2025
0x1067f18377e10823799f4751157c5fa11f12659d,0,-464.3,496.5,2096,,939,578,,393.2,,,,,84110.6,3.4,5369.2,-0.3,04-22-2025
0x99ad466b1a91696d3108e8462b47fa662b8e776c,0,0,0,0,,1,0,,0,,,,,0,0,,,04-22-2025
0xc6f9af5ce58601dbe6bee97671fd3360e041856b,-75.3,0,-71.3,3715.7,,1,2,,0.6,,,,,78.6,21.6,51.2,-26.4,04-22-2025
0x0a509e693fbd10311d8f03f92b1aedee1afe1228,0,32.8,-322.9,5146.3,66.1,2249,1631,0.1,12.3,225,4,2,217.1,3010.7,-1.3,5417.1,3.2,04-22-2025
0xa252d0f1cbef8901bcf6a6412feffaf163f9d047,-3585,-10750.8,-9644.1,-10518.5,,32,1,,55.8,,,,,731.4,-12.2,1897.5,-73,04-22-2025
0x1752a59231b0345c04b523f8a4c850785dcf1802,-393,292,2807.3,9163.4,,43,22,,14.1,,,,,444.2,-7.4,377.8,-4.2,04-22-2025
0xa2fcc740dfaa4504fab6eb3a2a5f3c0e37ce6c05,0,0,0,0,,0,0,,0,,,,,0,0,0.2,0,04-22-2025
0x3d19577724004e495fc0434cf19d5e77978c48f9,0,10.6,1.5,98.2,,2,6,,2008.2,,,,,0,0,10,44.7,04-22-2025
0x594cc410191101ef73f1b058e73e2d35f19b38ee,0,35.9,35.9,35.9,,53,0,,0.3,,,,,8,3.9,,,04-22-2025
0xe96426c6a1d675db2eaf14bff3979288c9ae1dd5,0,0,0,30.2,,0,2,,4.3,,,,,0,0,,,04-22-2025
0x8af52038c802053a6adada17d9271e5b870a9b65,0,2169.9,20000.3,28482.1,91.7,15,16,180.8,0,11,0,0,0.1,464.7,36.7,325.2,41.6,04-22-2025
0xbb915490493d313ae7a381e1c1e4ee15207a77fc,13042.1,0,0,13040.6,,0,0,0,108.5,0,0,0,,537.2,20.2,58.6,-1.3,04-22-2025
0x14362d6843e5b91681cf84b6dc6a2f3a12378886,-3,-118.1,-36.9,27.3,0,8,2,-29.5,0,4,0,0,84.9,2,20.6,67,-32.5,04-22-2025
0xb8f787f7c1914193ee9f0afdb1c907cc4d01e8b0,6930.1,770.5,701,6228.1,100,1,0,770.5,20267.5,1,0,0,13.4,6.8,-2.5,3463,12.7,04-22-2025
0xff47b4f414f7ac6e7e7b49590087cfe00de04248,95719.7,0,0,103871,,0,0,,62.6,,,,,1019.6,-1.7,9109,1914.3,04-22-2025
0xb28ba9c4939b90cf5ccda56fe66972621712bc1b,-132.1,0,-5300.1,-9611.1,,0,0,,0.5,,,,,16.7,-7.6,296,4.6,04-22-2025
0x54771e2e04b49fa2faa033349d9b62bd8c6da165,0,0,0,-36496.5,,0,0,,4.8,,,,,2169.7,-5.1,9994.9,65.2,04-22-2025
0xc94abcbfef0a474a57cfc5c1cce5af03e4ed6e58,-5.5,0,0,-103.3,,0,0,0,0,0,0,0,,32.6,-18.6,34.2,-2.5,04-22-2025
0x4b33f9e3b487df98ad80395cd000f627e10fdb64,-269.1,0,-3510.2,10264.1,,0,0,,5.2,,,,,301.2,-10.4,998.6,-19.3,04-22-2025
0x202c128276311bf9c90e013f262d5ce49750285b,-1637.3,0,-14782.3,78212.8,,0,0,,5.4,,,,,312.3,0.2,1246.9,-95.2,04-22-2025
0xdc04bf1d77e8a644a76f05c1b565858b12511cc1,-277.1,0,0,4247.5,,0,0,,0,,,,,203.5,-0.5,500,-63.2,04-22-2025
0xef600f914288103c191a8cba188f3a1f1a50c368,0,0,-1.4,859.4,,0,0,,0,,,,,0,0,,,04-22-2025
0x2a0963e879b80540b9b0260fe829fcde8c254bf3,-4815,3485.2,4221.7,74949.6,75,29,22,697,263.7,4,0,0,29.3,777,-24.5,5849.4,0.1,04-22-2025
0x8de9ff5db1134617290a49f12d42a888505a5b06,-115.9,0,-19825.7,164353.9,,0,0,0,66,0,0,0,,607.9,46.3,3066.8,-31.1,04-22-2025
0xa001d01371da9a467bd32226cf9d78081a859dfa,-5684.7,0,4412.7,-1272,,22,0,,45.1,,,,,0,0,102.9,-26.9,04-22-2025
0x5101ade19ae1f38d9ef02943b35eeb8d57142cbf,-31365.3,-8214.6,-135522.9,75769.7,0,6,6,7.2,855.1,1,1,0,248.5,4147.4,-64.6,1872.7,-97,04-22-2025
0x996202c6585d5fe9d4abfee8dfe8d7ff1a4fe37b,-25.9,-79.5,-34.7,94.6,,65,14,,1809.9,,,,,133.5,-6.9,207,-9,04-22-2025
0xdfacd56c46b44a68f60c293d5750239b91d3e98d,0,8,8,8,,10,0,,0,,,,,0,0,,,04-22-2025
0xc3c230d2b058e9e733874e66717a589b265db9d0,-10.7,246.3,317.4,556.8,85.7,299,99,35.2,247.3,6,0,0,33.5,795.6,0,82.4,-1.5,04-22-2025
0x296952943acbe27c171483c220802543f4748d1a,0,0,33.9,15699.3,,0,0,,0,,,,,133.6,9.2,939.5,-38.1,04-22-2025
0xca775b47e26c211216cbba5756972a24feb4d542,-17.3,-1.6,-1338.6,6326,,2,1,,244.7,,,,,54.2,-21.3,725.4,53.7,04-22-2025
0x88aa3d3757692556047f3478f991bf40d18e099c,-99.5,0,85.3,182.5,,0,2,,42.2,,,,,21.8,-1.7,,,04-22-2025
0xbc6b91f9389ba409a110933f4d32e63fab045a61,0,0,0,2808,,0,0,,203.9,,,,,0,0,673.4,55.6,04-22-2025
0x1ad100e8be129e5d4c0409eaae0d4c71c2798d7e,-39106,4134.8,47127.4,148142.2,100,0,2,4.1,64797.4,1,0,0,120.6,20.4,-2.5,427.3,-94.8,04-22-2025
0xf5b90321cf35c90f7cbef912390d50c8c4e7c0e0,-110.3,-882.5,-11554.5,31052.6,0,11,3,-441.2,143.8,0,0,0,42.8,2661,-9,5427.9,4.2,04-22-2025
0xc08a2886fb4fa839d6d9e19b3f4bb2bdb2f6ca30,0,-6017.5,-6017.5,-6017.5,,1,0,,4,,,,,1905.8,-1.7,,,04-22-2025
0xa4725a934188e8f40e9f5b13c248c0ad1c866b46,0,290.4,-7776.6,-4369.6,,26,6,,39.1,,,,,99.7,7,2859.7,-9.6,04-22-2025
0x35b942001f4466701a2655a4f9d852766666f1c9,0,0,0,369.2,,0,0,,0,,,,,0,0,,,04-22-2025
0xfe0129809b350936e38c012432bb03e462efb119,0,0,-14404.1,-14404.1,,0,0,,0,,,,,0,0,,,04-22-2025
0x61f33bc7bd91d2524f4998dc59a97fc51d052cc1,0,-3250.4,-3250.4,-3250.4,,5,0,,0,,,,,745.4,-9,,,04-22-2025
0x6c1c11fb83194329237f7cd3cddcd20d8f680dc7,-2270,0,-28287.9,105629.3,,0,0,,74.3,,,,,5.9,-1.7,2196.2,-64.6,04-22-2025
0xdd30e7d9331cd067d718285580adcd67a8b55e8b,-21078.4,0,0,-21078.4,,0,0,,6.7,,,,,0,0,,,04-22-2025
0xcd537f796433f2dd51b7bbaf14198e813a67e8a0,0,0,0,72922.3,,0,0,0,7177.9,0,0,0,,369.5,51.9,7391.8,24,04-22-2025
0x91162dc57968c842689a0c86e29653f898a02b52,-295.6,-200.9,5458.2,7628.1,,2,2,,6610.6,,,,,275.1,31.5,443.6,21.3,04-22-2025
0x06aa3d7a64edcc03c7b2d0f0e939fc07386bbfa4,0,-398,-4348.1,-9278.8,54.8,81,55,-8.5,81.3,28,1,1,278.5,502.7,8283,224.5,72.8,04-22-2025
0x12fe786ab5069a11776f4124b4a66976a765da0c,0,9.7,9.7,9.7,,1465,0,,0,,,,,0,0,,,04-22-2025
0x019605cef7791f0d4d61356bc699c471f2bdca5e,-50640.3,0,-2526.3,126981.3,,2,0,,4132.2,,,,,1024.2,8.8,2062.4,-7.3,04-22-2025
0xdf728374cc1860a05503bbe04b56c382cf2005d9,0,0,0,0,,0,0,,0,,,,,0,0,0.5,0,04-22-2025
0x17503f0754b1f31a6770d48302ef2154e0f7b332,0,-7.4,-188.6,-45.4,,4,3,,0,,,,,102,-2.5,519.7,-1.2,04-22-2025
0x56394cd6c188871ced70f2770f4698f3d60fca47,0,0,0,1225.5,,0,0,,107.6,,,,,0,0,991.4,-12.5,04-22-2025
0x89365a07909a8218069a6838fc7ed491134d03e0,1187.2,0,0,1187.2,,1,0,,15.3,,,,,0,0,,,04-22-2025
0x237d4d58e0b26f9663049e6ec0bea4828614b598,0,0,0,215559.7,,0,0,,0,,,,,16633.6,-0.4,,,04-22-2025
0x0d33cf20b0720fc92c74ec06647dbdfbf72ebe07,-654.7,122.2,720.7,20498.1,,22,28,,0,,,,,18.5,35.8,36,66.3,04-22-2025
0x6b6f7549e2dfb098331987edb29506d54a1d8c71,-28.7,-545.1,-6314.1,-5499.7,11.1,10,9,,169.4,0,0,0,,109.5,14.9,269.4,-27.1,04-22-2025
0xc555fee1781abbc9aeb9d87ed9e97afbdb323e98,0,0,69931.3,491614.4,,0,0,,0,0,0,0,,0,0,,,04-22-2025
0xc71275ee9651beb09a7358b0b57049258add2d40,0,0,10806.3,-25466.9,,0,0,,379.1,,,,,0,0,,,04-22-2025
0xa7221517bf8c58ba574543dd02e550d4af929517,0,-111.1,677.6,317.8,,0,1,,0,,,,,73.6,-6.3,326.2,3.9,04-22-2025
0x5c5a184e75425adfbd3906fe7e4f7b60a6b3e071,-6.3,-3592.6,-4941.3,-9521.2,,77,78,,0,,,,,227.8,13,116.5,69.7,04-22-2025
0x6afd10476d1ae9d81c233de3390ff808a98b649f,0,0,0,1583.7,,0,0,,17.2,,,,,0,0,,,04-22-2025
0xb0bc53ca9b18b8b9022b8e26d07971a1b1a09e7a,0,87.8,6219.4,10831.2,36.8,479,231,0.6,43.1,97,2,2,101.8,256.4,41.9,375.8,15.4,04-22-2025
0x1b7db4f2f3a35e43c603ae0a0f2111c2120fdac0,0,74.5,646003.2,926370.1,52.5,392,365,0.6,601.5,113,0,3,258.4,4830.6,1153.7,251.5,2.8,04-22-2025
0xea83c41e7ab1308a01e6ad832b7f2ff72a7c5c67,-3221.8,0,0,-5387.2,,0,0,,0,,,,,964.4,-53.6,1182.3,-49.2,04-22-2025
0x4793c344a1ac8beb42abc80e486a4c0e1c599bdf,-3261,0,-2080.5,16503.6,50,0,1,0,903.7,2,0,0,0.1,156.6,285.9,439,-41.2,04-22-2025
0xa1e540d9aa31fc6c63821a13ded457e2b3a7203d,-21.6,-7.1,-233,6370.4,,2,1,,47,,,,,85.6,-3.3,214.7,-18.8,04-22-2025
0xcffadc0903f2642c1eddf7d47a59d0852710b722,0,124.6,-114,-1433.7,50.7,19607,9435,124.6,2.4,0,0,0,121.1,33.6,167.1,3.5,-9.4,04-22-2025
0x90e3c4b926abf7a32843dd5b8a5cfa7214023e6a,0,61.8,61.8,61.8,,72,0,,0,0,0,0,,0,0,,,04-22-2025
0x81f50b48a599171a45773e41fba1e1107504645c,-19219.8,3024.1,2348.8,-22584.8,,0,1,,5049.8,,,,,609.9,-14.1,1212.3,-18.2,04-22-2025
0x3262f75f210ab8a8ee93346fc58f29b479780be8,0,-1795.2,-43914.6,-44346.5,,2,8,,2987.9,,,,,124.6,-1,4072.8,4.8,04-22-2025
0x68ec131cac87c05b24b2bd41d9316ecb87ce7de6,0,0,0,0,,1,0,,0,,,,,0,0,,,04-22-2025
0xe57be03c9b68e8d4a05a792549ec71e02ed5847d,0,0,0,287.7,,0,0,,8,,,,,0,0,,,04-22-2025
0x8d320b194280639e78e3cd4ba868f7c80eff3b9c,0,0,902.1,-1502,,0,0,,41.7,,,,,182.8,-8.2,885.8,-24.7,04-22-2025
0x68cf8c6c622ab001b0c55d11a490b1bfa8a7d3e8,0,10.5,12.6,346.4,,3,34,,11.2,,,,,0,0,,,04-22-2025
0xe1acad2832f186a5c74de7795d63fcdce7777777,0,0,376.4,376.4,,0,0,,0,,,,,19,-5.2,125,5.3,04-22-2025
0xb2fa53e15540db8e25a4647fa0e03aa8c578263a,-8.6,0,100451.7,84753.2,,0,0,,93.5,,,,,893.3,34,2556.8,-9.8,04-22-2025
0x089ea4693fa2a2d475c017d961f0ceb603dedc3e,0,0,-21423.2,-40958.8,,0,0,,0,,,,,0,0,4453.9,-93.5,04-22-2025
0x94a7c15c1d4915583408c6b571c7565ba29baf25,0,19.1,158.3,5940.3,61.8,7325,6185,0,2.9,283,0,3,89.1,239.5,3.1,41.4,3,04-22-2025
0x139ed1cbdf71061e35e2e632cd235a83bb96e04d,-38.9,0,-3.6,132.4,,0,0,,0.5,,,,,26,-13.8,40.8,43.6,04-22-2025
0xb95be4bb0f41ab59c3b71688c0d0d6a0c91ce737,-7949.1,0,0,7353.9,,0,0,,14.3,,,,,0,0,17029.7,47.4,04-22-2025
0x41e54c13da0d29784c08fa9cf631ba542f3a15af,0,0,0,0,,9,0,,0,,,,,0,0,,,04-22-2025
0x076f925ea49688290b79cb148f107fd97e2e17c7,190.2,57.6,57.6,247.7,,14,2,,6653.7,,,,,0,0,,,04-22-2025
0x883d0971a1e4c7f721f94d15f870c254b421758c,-24,463.5,-10351.5,-58408.2,80,12,3,92.7,2.3,4,0,0,48.6,269.4,-35,1470.1,-42.6,04-22-2025
0x52a8fdabb258c1e4827623d89d2950f063316b4f,0,0,0,0,,0,0,,0,,,,,0,0,0.6,0,04-22-2025
0xb5a695c008daba880469422f801fef1fdb15a170,0,0,0,2508,,0,0,,0.9,,,,,477.3,-0.7,,,04-22-2025
0x78249d0c386fb00409802ae6ab279fad376b359c,-0.2,0,0,14236.1,,0,0,,0,,,,,257.6,28.2,1811.2,-3.9,04-22-2025
0x769d7ce4d4481a76a7365ac7437c0a23ecaa6a12,0,0,0,0,,8,0,,0,,,,,1.4,0,,,04-22-2025
0x7f2da50f74951dc41150a9a14506fba5cdf743be,0,47.6,47.6,47.6,,38,0,,0,,,,,12.9,0,13.5,-82.4,04-22-2025
0x93749cae31fa0fa6914d37710daa0edefb268b21,-605.5,-3.2,-1049,176,,6,8,,951.9,,,,,51.1,26.7,10.7,-54,04-22-2025
0x2606e8eb588eedffc3f4db59363f4b540bd1b2bd,0,0,0,130.5,,0,5,,0.9,,,,,0,0,,,04-22-2025
0xa158cba5c0848230a98cb2d9fdbfc2854c19c4e2,0,-1447.6,1000.6,10369.5,64.8,900,716,-12.3,253.7,73,2,0,197.7,697.8,-1.1,59825.9,3.1,04-22-2025
0x4641ecbf1dd0e6b393746bbce0a630c4eda042e7,-16491.2,-16537.7,-45669.1,266957,0,0,6,-1.8,61.1,0,0,0,928.6,2131.2,-10.8,7280.8,-47,04-22-2025
0x4bef155c05d26bbbd9cb91a5980570c5b06a5133,0,0,-45653,-27709.5,,0,0,,151.6,,,,,0,0,,,04-22-2025
0x593ba3e134285f954aef2161a37b8bdaa5205891,0,0,0,486.3,,0,0,,0,,,,,439.1,0.2,556.4,39.2,04-22-2025
0x91a5894e06b66a05c5a0c6f99d1334ecc42659c7,-1076.6,15.6,-58,-347,50,3,0,5.2,520.4,2,0,0,211.8,0,0,428.3,-43.6,04-22-2025
0xc1b13a3bff2789b28d9356003325fec6560cfb00,0,2022.5,3250.8,3250.8,,24,6,,0,,,,,296,2.2,2323.2,52.5,04-22-2025
0x83578a2d007a9a1b86295d9276dc66eee49f7ef5,0,357,15411.1,20658.2,,39,28,,0,,,,,857,-3,1954.1,22.2,04-22-2025
0x3ad2498df63238295022e4c1d2a993266d8a339e,-566,0,-3018.8,-2231.9,,0,0,,49.8,,,,,48.4,-2.2,,,04-22-2025
0xa3645601f92587511eebfa5e73998012db6f16bd,0,0,0,-1349.1,,0,0,,0,,,,,620.1,-7.7,376.2,-3.5,04-22-2025
0x5c3267568368bc1e0d8408ed982640fb4accbf0c,0,0,0,3582.9,,0,0,,0.3,,,,,783.9,-3.4,,,04-22-2025
0x79395047a7eecbf59363bc54cb2a2d288bd00abd,0,-445.4,2433.2,-139809.3,,1,2,,0,,,,,662.1,-21.8,6822.9,21.2,04-22-2025
0x169092d6aea8b7c6fe4c8f0e68ee3de8db92fd4c,0.6,-187.1,-8291.7,25065.5,,3,2,,1051.2,,,,,804.4,-8.8,2861.4,-5.8,04-22-2025
0xf273601a1090edd623b6e1b4fa93291de6834e63,0,331.4,326.8,326.8,60,163,135,0,22,3,0,0,28.7,0,0,,,04-22-2025
0xa17e84a218bcb9b301a8006e7ce0c5205856ef12,0,365.3,-647.4,1976.7,,2,6,,6.9,,,,,0,0,1047.2,-54.5,04-22-2025
0x541b1e4d76890363ee2622aea36aacc0b7d7bcd7,0,0,307,22604,,0,0,,43.3,,,,,13665.8,3.9,19553.3,0.7,04-22-2025
0x052412c505c590c59a411ba630c190697a6e07cb,0,200.3,1080.6,8675.7,,2001,1350,,16.5,,,,,1265.8,3.4,,,04-22-2025
0x75e397e6afe8353ddad1a700246c792298e426b0,0,0,-0.5,245.1,,0,2,,3.3,,,,,0,0,,,04-22-2025
0xbacc54c2fa1f177961fee290d982d0ff5acbc152,-45.8,0,-2827.3,8742.9,,0,0,,41.6,,,,,245.5,-1.2,,,04-22-2025
0x84c98e6807bec2cca3b3e86a660c3a896f713a7d,0,0,0,0,,1,0,,0,,,,,0,0,,,04-22-2025
0x1f32c029f53ad09076a724bb2f62a09bd08b65f6,-187.8,0,0,5917.5,,0,0,,0,,,,,41.5,-20.6,61.9,325,04-22-2025
0x9fc02a4b326abd8a1714e5ba0d295f380fdaae7d,-26830.4,0,-18694.6,-68215.8,,0,0,,381.6,,,,,1244.6,-1.6,3063.7,-37.7,04-22-2025
0x48b12a4c454087a5a4dd068eec265779f977b7ce,0,4.3,4.3,4.3,,27,0,,0.6,,,,,2.2,0,,,04-22-2025
0xafc56029a6af2db01c5c284d0bdc953d05d26fba,-5193.3,981.6,-3745.4,17132.7,32.7,102,81,17.8,63.8,18,1,0,39.2,316.3,-2.5,2977.4,13.1,04-22-2025
0x2572c187796ca44c5b00fbbd1c1794291e897342,0,-1527.3,98256.7,314638.2,25.6,62,98,-35.5,23206.5,11,1,0,1.6,1817.9,-1.1,,,04-22-2025
0x7e209daf26cdcd1fadac55d550615f12d072c107,0,-0.9,-0.9,107.1,,1,7,,9,,,,,0,0,,,04-22-2025
0xc2e2a41d5de5bec18150cfabe28ebaebef3f24f5,0,-1,-1,-1,,11,0,,5.7,,,,,4.2,2.7,,,04-22-2025
0x2bff1e252c956da4ab49ac8950f28771c46e635e,-167.4,-2.3,-2311,-2462.8,,0,1,,5.9,,,,,34.1,-24.2,111.1,-4.5,04-22-2025
0x9df4d4e9bd5c6d57f80e97134a999dcbe46f1a44,0,6.8,6.8,6.8,,2037,0,,0,,,,,0,0,,,04-22-2025
0xb44dbef29a105e6b69a857fc9bd2395eb4491137,15.2,-25.9,-24.6,1.4,,30,18,,3.1,,,,,0,0,,,04-22-2025
0x256e584894a93672e2477b24c2b0c7fb7a8d077f,0,0,0,0,,14,0,,1.6,,,,,0,0,,,04-22-2025
0xb49fd482e705e9212c4bc25a1d9b46d28d1d8236,0,0,0,0,,0,0,,0,,,,,0,0,0,0,04-22-2025
0x950b4a639cb0c618beac1c8eaf4423455340bb71,-0.1,2563,17126.1,69917.7,68.8,28,26,160.2,1670.4,9,2,0,9.7,397.1,5.7,1051.1,11.8,04-22-2025
0xa068dfd1c4ff6e39f5dd979cddab2e6ffb79d928,-10.8,0,0,4533.3,,0,0,,0,,,,,1582.9,38.3,631.6,9.3,04-22-2025
0xfe1ac083a3ec4de6689079fbd0856b3dc91641ae,-26.2,0,0,-23.9,,0,0,,2876.5,,,,,41.8,-11.8,69.9,-14.1,04-22-2025
0xb075cc6a1c02125e8f19c05f6c963e2a4c6bd9d4,34.3,0,0,18272.7,,0,0,,13.3,,,,,0,0,15578.9,873.7,04-22-2025
0x0d5a6c0815c1330e877e3d38d9151e86356dcdc7,0,0,-44179.1,-49721.4,,0,0,,0,,,,,92.5,-0.6,2898.9,67.9,04-22-2025
0x9c9c88dfe298b50e9414c2c65dbf2c471c434a4b,-532.4,2.1,-42.6,-309.5,100,4,1,0.5,1.5,2,1,0,520.9,7.5,-17.9,9.3,-8.3,04-22-2025
0xec79e32f655d2bb2dd12dcf9cab004da8a74c888,-2763.7,21668.4,21668.4,27753.2,,37,24,,3004,,,,,773.4,-4.7,200,-67.6,04-22-2025
0xa21ebd358f83aec3690a855e9e9420311fc18c01,0,22.1,22.1,22.1,,7485,0,,0,,,,,0,0,,,04-22-2025
0x196c20c5cd1558b2287ef56fdf333f065b16d606,-0.1,-516.1,3363.5,3363.5,,8,0,,42.4,,,,,0,0,,,04-22-2025
0xd5c0ace4f648377e292ce246fb4f5ea1a388af57,0,0,0,-5,,0,0,,1,,,,,3.8,-3.7,,,04-22-2025
0x8f2ec4a2cd1bb685477deb7f5bbdcec5ffb33456,0,0,-1791.7,2229.8,,0,0,,0,,,,,171.4,-3.5,415.7,6.8,04-22-2025
0x1119c4ce8f56d96a51b5a38260fede037c7126f5,0,0,0,11018.5,,0,0,,13406.9,,,,,915.9,0,1091.6,-24.4,04-22-2025
0xe31681632f975095a517d72f36990f7e47d0ea1d,159.9,0,0,-326.9,,0,0,,65.5,,,,,26.8,26.9,,,04-22-2025
0x1bc3928772cde99c0c2cf7bf3ac2d808ff969d39,0,0,0,-4618.1,,0,0,,18.6,,,,,1118.3,-3.2,3129.7,1,04-22-2025
0xa9cfc6da852967ba831a88f3e26a57c9ff1a496d,0,-176.4,-176.4,-176.4,,70,0,,0,,,,,30,-3.2,,,04-22-2025
0x3741928a3f95f7399b735c7caa6cdce88f58b887,0,0,0,0,,873,0,,9.3,,,,,2.5,0,,,04-22-2025
0xaa65348eabb9d3250aaad8e1e1a14f8d68776359,0,0,0,0,,4,0,,0,,,,,,,,,04-22-2025
0xf4c21a1cb819e5f7abe6defde3d118d8f3d61fa7,0.1,1635.7,12556.7,75744.9,0.6,3398,4670,3.3,30593.4,190,1,1,618.9,0.2,0,0,0,04-22-2025
0xd0cda9e6d73dee33e100df7769405cebef6a2d74,0,145.3,145.3,145.3,,79,0,,0,,,,,17.3,1.3,342.5,117.1,04-22-2025
0xbf209a06add42987bc566b8158b0dabfc957a109,0,0,0,1468,,0,0,,0,,,,,88.2,-15.9,599.7,-13.7,04-22-2025
0xf44450d2ccde05ea8de605d7ff8d79043ea5e0c2,-243.8,44.5,118,99.4,66.7,20,15,22.3,84.6,2,0,0,99.3,33.1,-19.7,5.5,-44.7,04-22-2025
0xe0e8283884309cc936e8536312e50cd16b0888db,0,0,0,469.5,,0,0,,4.9,,,,,0,0,,,04-22-2025
0x1c4e4e72f6b25a8c95164d98030074a3bdf9fe5c,361.7,2852.7,3872.9,34474.9,57.9,39,35,150.1,363.8,9,2,1,105.3,240.9,87.3,579.5,39.6,04-22-2025
0xc4eb510843d0bba19e032785ca27adb1e9e4d704,-469,-21.5,173.9,-252.8,,2,4,,6.6,,,,,33.3,-24.9,88.2,0.4,04-22-2025
0x6e1dd540e3647adaa9d5a204622c62199a8b223d,293.4,0,0,323.9,,1,11,,4.2,,,,,0,0,,,04-22-2025
0x3f48367f81394306f1c1e53292595536c52c3007,0,19.2,19.2,19.2,,0,0,,20.9,,,,,13.5,1.7,50,-20.8,04-22-2025
0x648cf794f1f16be6f33bd608aab0c7d444a60f70,-298,-121.2,-85.1,-1038.7,,2,2,,196,,,,,50.2,-7.2,117.7,-13.6,04-22-2025
0xb89e673566282d33de997b97b3d8cd670f9fbd4e,-24045.1,-1197.9,30764,59947.3,,0,1,,2437.5,,,,,98.8,-2.1,2230,170.6,04-22-2025
0x8d3c111020dafc00a27d0e153ce1b1576625374d,0,-85.3,4627.2,9983.7,58.6,6802,4594,-0.2,459.2,292,7,7,142.6,22120.2,19.3,,,04-22-2025
0x35e4535b8fb48eb815429104d74b3792d0e730db,-1294.7,424.4,-1309.5,18155.1,46.7,41,42,13.7,16.2,16,0,0,20.4,761,3.3,1848.8,3.4,04-22-2025
0xa76bf4216e87388377001f11759cccd30d991f9e,0,0,2352.9,5640.9,,0,0,,0,,,,,251.4,9.4,390.6,-50.7,04-22-2025
0xb405eac328fe23947111f300f7311c12a2662cb0,-4369.3,0,24104,41622.8,,0,1,,3488.3,,,,,0,0,4981.7,-65.8,04-22-2025
0x5d12317ae0b704c72625d334b909b9b9d41843a1,0,-558.5,-7.7,-7.7,,99,75,,0,,,,,528.8,-10,2520.7,-6.7,04-22-2025
0xa5541d58a6c170b8ed9c0217829918c5713b74d5,0,0,-15953.8,162999.9,,0,0,,44.5,,,,,78.6,-1.8,2175.7,-24.4,04-22-2025
0x67899d94a97f5da005cc340bff195daa9293ee2f,1486.7,17.2,17.2,1628.1,,1,2,,140,,,,,2.5,0,,,04-22-2025
0xc9ecc168107de4837c90f5222510490879b6f32b,0,-633.4,-633.4,4847.7,,2,0,,80.3,,,,,37,-2.3,87.5,3855.7,04-22-2025
0x69059e20d21f2c95d0e012bf7a89a0cf1dc46c00,0,0,16.4,158,,0,6,,27.9,,,,,0,0,,,04-22-2025
0x7924a05b4008feb5795200fd211c0f1915493efc,0,0,0,0,,0,0,,0,,,,,0,0,263.5,0,04-22-2025
0xe48e0261567e367fce71b6ff4db4137f03a28aa1,-1517.6,34083.7,34083.7,37447.2,100,0,8,34083.7,0,1,0,0,0.1,9.4,-4.4,266.3,-77.1,04-22-2025
0x1239fd62ccce6a2e7a69e05ba37273cb52e3eedd,-811.1,0,0,95760.1,,0,0,,395.2,,,,,5076.4,-3.3,34244,54.2,04-22-2025
0xafad33c6c4b85cc53904fb6c9cf35a7d29a677df,-0.4,0,3441.6,8842.6,,0,0,,0,,,,,2660.9,7.3,351.4,-2.8,04-22-2025
0x12cacfe8481d9433ba61d76b01866065ba804f3f,-797.6,0,0,8140.8,,0,0,,5.7,,,,,0,0,,,04-22-2025
0xf25054507ac92c740cd3cb1027110558d2fe0346,-1.1,1713.6,4950.7,126515,100,36,28,190.4,3649.3,9,0,0,50.6,29208.1,2.5,4466.1,17.8,04-22-2025
0xa7705ae2ba9a54964e3453cb5e8e3b61969f65e0,11993.3,0,0,11992,,0,0,0,140.5,0,0,0,,9.1,-0.2,3226.4,93.6,04-22-2025
0x7839868ec6693b6d5ac87fd6316b6fdaea9bd77a,0,-580.7,4665.9,113532.8,72.2,36,33,-38.7,216.7,11,0,0,232.5,18235.2,24.2,1315.5,4.1,04-22-2025
0xb629b854fb4992501e5295f80ae179616780eb16,-32.3,0,18,563.9,,0,0,,5.9,,,,,0,0,24.7,-79,04-22-2025
0xd41d72fd5cea118bc73a8ae0c496961a486fcd93,0,0,0,312.1,,0,0,,0.1,,,,,0,0,,,04-22-2025
0xbd46cbeea357548b37a58d93bf46b8325d69b066,48217.4,0,0,47912.2,,0,0,,0.5,,,,,0,0,756.4,4383.4,04-22-2025
0x330124892cb1dd1222763da7a5bd3927d19b6093,-563.3,-2114,101424.6,107706.1,,4,3,,18.8,,,,,116,-1.6,520.6,-19.6,04-22-2025
0xb96a786acab1a8387ebdf1c0f6e41d7d76d3b72c,0,0,0,-2742.7,,0,0,,0,,,,,900.6,-10,,,04-22-2025
0x469ca95e88c9258475a9dd89cb92d061bf442067,-2400.9,0,-3843,13426.6,,0,0,,7.2,,,,,905.5,-20.2,2578,-6.2,04-22-2025
0x0fac2412a54d1f68d54e6da32631310a8097be01,-184.3,0,686,7573.3,100,0,0,0,266.9,1,0,0,0.2,11.4,-4.2,257.2,48.3,04-22-2025
0x91d76d071851416a5e9c08a8d15d90065f97da29,-176.2,0,-1360.5,-575.9,,0,0,,5.5,,,,,154.4,-14.6,188.7,-10.3,04-22-2025
0xa852ab28e13cf66d47e334408d1dda62e481b529,1.9,-20.6,143.8,558.4,,6,10,,3,,,,,0,0,,,04-22-2025
0x627ed31dee2de2508326fca88535d176ca18ac46,-560.9,0,-4247.6,-4643.7,,2,1,,1825.9,,,,,7.8,-9.4,316.1,-24.2,04-22-2025
0x595a0e922a524079d49e8abb7a7a30a6854d2c49,-5.5,0,-269.5,199.6,,0,0,,152.5,,,,,13.2,-20.5,541.7,-4.1,04-22-2025
0xf1e1476f7e1251cb6ed406425ddbfe0ed6353841,0,359.6,359.6,359.6,,20555,0,,0,0,0,0,,0,0,,,04-22-2025
0xf0907cea1e552846666ca41cadcf8f62ab92da7c,-17.1,-58.2,256.8,255.9,,6,34,,3.5,,,,,0,0,,,04-22-2025
0x05c880f26ea995ab65293a0cc7f178c9a835d334,0,200.3,200.3,200.3,,47737,0,,30.6,,,,,0,0,,,04-22-2025
0x2986e7c7694b073fe8e17714fa8a65e3cf31da26,0,-4057.1,-43829.7,-29879.2,,13,2,,0,,,,,2.1,-3.1,1347.5,-26.8,04-22-2025
0xfd7c7ecba482dabf535faab93206990b3190d72c,0,-361.8,2992.2,5330.4,,14,9,,0,,,,,219.2,-5.9,946.4,196.5,04-22-2025
0x7a7c23edc27ea145fe96581bcc46dc43df4436fb,0,0,32.7,147.9,,0,1,,14,,,,,0,0,,,04-22-2025
0x6e288b3e82bee422c1451190e438ac0d81aedbe0,-23.6,0,0,3247.9,,0,0,,12.5,,,,,0,0,2550.5,127.3,04-22-2025
0x6122cfaf946d68d354b3f4dabac07457905f43e5,0,29.5,29.5,29.5,,3,0,,0.1,,,,,970.9,-0.5,6526.8,-1.2,04-22-2025
0x8831920ab6d76c34d02365fb87318dd657797aa6,-10700.7,0,0,-189.1,,0,0,,37.7,,,,,1830.2,0.6,505,-100,04-22-2025
0x6a82bdcc19b728ab08599e4ce228a6abeb880359,0,0,487.7,4597.3,,0,0,,9.2,,,,,142.7,-10.4,996.1,-7.9,04-22-2025
0xae3e983a2544d69a3722ad1307d26a7920d37ef0,-810,-25.6,10592.6,9782.7,,2,1,,15.4,,,,,126.2,-8.8,319.7,-52.2,04-22-2025
0x08a76042393c8f21e8a205d673a281431624a231,-5521.3,0,5993.1,-7395.4,,0,0,,16.4,,,,,0,0,,,04-22-2025
0xd9d782be9a9151a0062a53ead7f742a1375a8bc3,0,1432.1,-32117.2,653889.5,100,2,2,0.9,9.5,1,0,0,121.5,2693.3,-41,4923,891.4,04-22-2025
0xefaef3b0aa1447c91b41aa57245df45e75f0a0f6,0,7.9,7.9,7.9,,11,0,,35.6,,,,,8.1,0.5,,,04-22-2025
0x0ddddcfed42a483eda01694b07de91463fda5cb5,-26865.6,0,0,-21765.2,,0,0,,25.2,,,,,2644.3,4.6,,,04-22-2025
0xab6ae1f003793d0f8ca01e617227d81acd51bfa0,13364.6,0,0,13364.6,,0,0,,7.4,,,,,27.9,1890.1,,,04-22-2025
0x47da4bf374f7edcd2d5b71c3dbcf0c8b250b76fe,0,0,0,-2.5,,0,0,,0.6,,,,,0,0,56.5,-88.6,04-22-2025
0x32bab53a9ed78a555cfdd550a243d369e811e6d2,0,0,0,0,,17,0,,0,,,,,341.2,-0.4,,,04-22-2025
0x4566058b498a0dc1e949c1305629dc9613be404a,0,-311.1,28675.7,88794.4,,14243,10813,,327.5,,,,,13791.7,39.7,,,04-22-2025
0x1823b5c394a3bdd564e8761b9a39e0441b4c0c86,0,0,-151.1,-1965.4,,0,0,,25,,,,,0,0,,,04-22-2025
0xb98c832e6707bd35ab613a474e572482a0ce3f6f,-514.8,3732.9,13418.8,18187.9,37.5,12,18,933.2,1802.8,1,0,0,138,289.4,-2.7,502.3,33.8,04-22-2025
0x89d3afde089399534afdb7ad2d05138315ef45ff,-11720.1,417.6,299.8,-2131.4,,0,1,,187.8,,,,,5826.5,-7.8,936.9,-48.7,04-22-2025
0x00000015adfb19c6e4c1beeb7a92783b079f1130,-2.2,0,0,8110.9,,0,0,,0,,,,,874.6,24,2251.2,-1.3,04-22-2025
0xa397990a8e00b72fa85d43ea97a99f255b00493c,0,0,0,1165.1,,0,0,,0.2,,,,,0,0,,,04-22-2025
0xf4a352758ea099db6cf61d5edf6c40197b5c8352,0,6.6,6.6,6.6,,13,0,,0,,,,,2.3,-7.4,,,04-22-2025
0x5de6b5e08a83ebb9b4c0e6e2d4bba1af0be885be,0,0,486.6,486.6,,0,0,,71.9,,,,,38.5,2069.5,,,04-22-2025
0x66dc258ccf2700d7bf7f3d30fbbe31250d632665,101.1,0,0,101.1,,0,0,,70.7,,,,,39.4,909.4,,,04-22-2025
0xd99379ca36c4d5dfdc510374bcb36cd32ecc221d,-4699.1,0,-13098.7,205500.9,,0,0,,1172.9,,,,,89.3,-1.7,8448.3,13556,04-22-2025
0x5b41e30c7083c21c49fef4529b3983904b8f95a0,0,0,12038.8,24274.2,,0,0,,14543,,,,,1096,-3.5,2600.3,75.3,04-22-2025
0x6c4ade62ce5b59bf8dffef35d6c349bd42b3b4bd,0,0,0,0,,0,0,,0,,,,,0,0,0.2,0,04-22-2025
0xe70c81d7ae7c30ce074f0e597c63a03a01765833,-1089.5,0,15587.8,24761.1,,0,0,,43,,,,,0,0,1451.9,-26.1,04-22-2025
0xea6475fb53b4fc1c65f88aee0f8ec1df4149c478,0,0,0,0,,75,0,,5.6,,,,,0,0,,,04-22-2025
0x86c803a605926453bd5df6e086c086226cd3aada,-55.7,187.9,-4458.1,-5442.5,,14,13,,21.5,,,,,1024.5,-8.9,1025.1,-32.8,04-22-2025
0x9cca79640123b31c3c178e99f8e1ee2ed42715ad,0,0,10961,-52399.1,,0,0,,0,0,0,0,,1334,16.8,8491.3,163.7,04-22-2025
0x75ca1fd27d9493625a8f777e43530072fb1de51f,0,0,-3478,17571,,0,0,,0,,,,,435.4,5,3298.7,-85.7,04-22-2025
0x3111b76de32b62f11756ad92a2ea2757aa495fdb,966.4,18.7,294.5,1459,,1,2,,17.8,,,,,1.5,1,,,04-22-2025
0x37503eb64c7db3183deb9a1b7a9076bb30820cd3,0,14.8,32.6,56.3,,129,5,,1.2,,,,,6.5,5.7,2,-94.1,04-22-2025
0xbf3ca0d5413013e5c889ac03ce4e1fbf774245cc,0,458.7,2714.7,6672.5,,40,40,,241.1,,,,,410,3.9,,,04-22-2025
0xa5d1081c6085c4a571278790b23dc3c83df8a79f,-330.2,0,0,-550.2,,0,0,,4.2,,,,,82,0.7,143.5,-57.2,04-22-2025
0x2051420d56ee4701b32a84344d21d20728cb5e48,-16666.2,779.4,-35652,8950,,9,3,,69,,,,,537.1,-66.2,1902.9,-64.4,04-22-2025
0x73890d5a5298ce75b6e9df315961651b3feeb209,0,0,0,0,,1,0,,0,,,,,112.3,0,,,04-22-2025
0xd310b41316311f3655de5781ca11a49b327c9c55,0,0,-22.2,-22.2,,0,0,,0.3,,,,,4.2,-4.8,,,04-22-2025
0x68e195687c041cba055c948d6b7cda2311537367,108687.9,32079.8,14137.7,469148.2,19,48,50,1527.6,63481.1,6,0,0,270.9,2082,-30.7,19228.9,-21.2,04-22-2025
0x301be2e17ad75afeab0279316bd210f7ca300410,8829.9,0,0,8829.9,,0,0,,527.8,,,,,41.7,5140.2,,,04-22-2025
0x0ba48b0aea8f86423254b787461ca35c2496f2d0,0,0,0,488023.7,,0,0,,13711.4,,,,,8882.3,0.1,,,04-22-2025
0x29806ed7bc5904e81e7d6255f8718991c7db07de,-122680.9,0,3928,-99019.1,,0,0,,13.8,,,,,1766.5,-5.1,,,04-22-2025
0xf357e8097331e9804ef6134817f4d2b89fcd4f15,0,382.8,1506.8,6293.1,,5208,736,,28.3,,,,,262.2,2.5,15.8,0.3,04-22-2025
0xbba7672bac6660eb941d29c89cc68d0bb650c658,0,-84.8,-84.8,-84.8,,23,0,,173.7,,,,,8.1,-6.1,,,04-22-2025
0xa0ad11aa4aedb3e4a352519b3721d28cc6302a9b,0,-5.2,82.6,466.8,,1,11,,20.9,,,,,0,0,,,04-22-2025
0x979159f671779a9be573c8a1217ddbe9990e24f9,0,-49.3,-788.9,-1103.4,73.4,15989,10236,-0.1,622,350,4,1,150.2,10.8,0.5,616.6,-2.2,04-22-2025
0x9a296d5aab5bee81dcd6dbaa01c1dcb149be7a05,-3536.6,1088.2,1189.4,10689.9,,4,3,,10996.1,,,,,4.5,-4.2,,,04-22-2025
0xd99a71ea8ad320b76350d762b6e674ab52c5ac35,1025.9,0,0,1025.9,,1,0,,16.2,,,,,0,0,,,04-22-2025
0x81f30f27b594b8cd9a5b272979f04ae455b9648e,0,306.1,4097.8,120362,47.5,773,539,2.9,241.1,58,2,1,186,37846.8,299.4,1402,40.7,04-22-2025
0x3bac2822b0425ddf90319b90e9a678256e5988f2,-4157.7,1693.2,7292.3,9761.7,100,7,3,846.6,29800.7,1,0,0,205.7,221.1,8.9,1045.7,-2.9,04-22-2025
0x50cf236744c0615d102ada4dd7adbe4f797c063a,0,0,0,96.7,,0,0,,10.7,,,,,0,0,,,04-22-2025
0x30fbc9a47f7cd55f588c04fbd334d7cc13ba29bc,0,0,0,8127.1,,0,0,,68.1,,,,,0,0,,,04-22-2025
0x60c37cddbe37868566e02ef733c92a3b1338884f,708.8,-2132.5,-19.9,688.9,,35,28,,36.2,,,,,295.7,47.9,656.6,4.1,04-22-2025
0x95bd1a5163c3a57e3dc33068727167cffa9faba1,-1.3,7.4,11.9,1029.1,,7,19,,48.4,,,,,0,0,,,04-22-2025
0x8c1d01ace77c85bfba08ea3d1a05fb8006b3d8e6,0,0,-99.7,19236.6,,2,0,0,18260.3,2,0,0,145.1,114.5,39.8,1977.4,2.7,04-22-2025
0x66e65e14374693d9ac7aff0f9b8a042e56d572f1,322.6,0,0,317411.1,,0,0,,0,,,,,2491.9,-10.4,9182.3,190.2,04-22-2025
0x783fd3154b90ca418c58409a4ba100443de133c0,0,608.8,2058.8,17342.2,79.1,13783,11565,1.2,2.9,408,2,3,80.2,53.7,13.8,10.1,6.2,04-22-2025
0xc5a7353b90e536880c10ad72bab4e272881e9898,-168,-45.5,-161.5,1066.8,,8,0,,5.2,,,,,93.3,-27.2,1339.9,-29.3,04-22-2025
0x5ac2ec30abe7fe569fb7942e8b5b837861b102c6,0,0,0,84.3,,0,0,,1.2,,,,,2.8,8.4,0,382.5,04-22-2025
0x3c547192a5f3342e89414fe52919de93112a629a,0,0,0,76.6,,0,0,,0,,,,,0,0,,,04-22-2025
0xec4b48a367da82c15fae8f70ef118c7640694b28,0,0,-796.8,3447.6,,0,0,,0,,,,,0,0,,,04-22-2025
0x5dd269a14674ff26aaf14370c86fbabf7170fd43,-381.2,495,1502.3,2239.1,,13,5,,126.9,,,,,23.7,20.6,374.7,-19.8,04-22-2025
0x2180a94a25daf9d24c18f2f46265d91c1eb1c0ed,0,-6.8,-6.8,-6.8,,62,0,,0,,,,,0,0,,,04-22-2025
0x6c60b5ddb471bdd76ba4caa0438238700b76db4e,11280.4,0,0,11279.7,,0,0,0,213.8,0,0,0,,11.7,-0.2,2968.8,95,04-22-2025
0x9bbc3d693f325ac9d61f4987552d8e309f660c53,0,0,2346.7,9611.9,,0,0,,0,,,,,1080.3,0.4,1478.7,2.9,04-22-2025
0xc7b95f83bcc7f64181996840e9888829723f33f2,-2077.5,0,0,179688.4,,0,0,,47.6,,,,,1726,-9.8,970.1,18.9,04-22-2025
0xdbf749e3c6c146ae8e5e25ba55b8cb51d21bb97a,0,0,0,0,,7,0,,0,,,,,0,0,,,04-22-2025
0x4b13227caeb1173fcdfb5c3317bd9c365914a896,0,0,0,9655.2,,0,0,,5,,,,,0,0,1737,555.9,04-22-2025
0x99cdfcb54106b11dfe05cd37569d1baeb8b0431c,0,0,-25859.8,-25192.7,,0,0,,141,,,,,34.6,-1.2,4711.4,-28.1,04-22-2025
0x38c6dae58c47e9417f7f0ca4a807fda84b9fb6c2,-30.9,0,0,125.1,,0,0,,2.8,,,,,0,0,,,04-22-2025
0x76db435338d065e59bda72cc0761b84d13fdc18a,0,0,0,9575.9,,0,0,,0,,,,,461.2,-2.5,49.4,656,04-22-2025
0xb976d3d076a5ad9fc3b9ee2a6499526701b939c3,-1682.9,-6.4,41851.8,60172.4,31.8,168,137,0,2661.7,32,2,0,29.3,385.3,-6.2,3167.2,-1.3,04-22-2025
0xcfbf932c24a0d3418b81a05e7546ae6d9fb7bd47,-10.4,-288.4,-96.8,1275.5,,3,3,,13.7,,,,,9.5,2.2,142.4,-5.8,04-22-2025
0xb7f643abcde8a955565fefc0a340ec04545f14b0,-0.2,0,0,664473.1,,0,0,,0,,,,,7582.4,2.9,16615.6,3.7,04-22-2025
0x2f1a11c044db89308cb0cae216920f25bfc3503c,-1013,0,-378.2,-470.7,,0,0,,1025.8,,,,,53.1,-0.7,468.1,54.6,04-22-2025
0xcb4c50f2534499e950f6deb7fc1b6bf87b614697,-1628.2,-29.5,1723,3100.4,,3,0,,4773,,,,,167.8,-26.7,362.7,-52.1,04-22-2025
0xd8247b52a0b8d2eb084e4e492310b6149595a74b,338.7,0,1877.9,2216.6,,0,0,,13.8,,,,,201.7,436.9,,,04-22-2025
0x66ace8c5043c544133889da42cec495673966f22,0,-7,-7,-7,,6,0,,0,,,,,15,-7.4,14.3,0.1,04-22-2025
0xab25865d46fced12ce193f8471ce8b0b9502e997,0,0,-12635,108113.2,,0,0,,0,,,,,10.4,-2.3,538.8,3399.2,04-22-2025
0xaf62405e2041d296390e40a768ea54d6a0202f90,0,5.5,5.5,-36.7,,1,1,,0.5,,,,,0,0,,,04-22-2025
0x5d487071d778e407fa6ff5994d5c11494d3afaa1,-30.5,0,-120.4,23118,,0,0,,22724,,,,,195.9,11.2,1407.6,-48.3,04-22-2025
0xe763da20e25103da8e6afa84b6297f87de557419,0,0,0,140.6,,0,0,,0.4,,,,,0,0,,,04-22-2025
0xa80a47a53327f72785023d72a9dbb34dd9e4da00,0,-6444.6,-2468.5,-333109,54,450,360,-50.3,143.3,93,0,0,169,11502.6,5.2,2021.8,30,04-22-2025
0xb64760295761f310ba460bb0bf0b017014175826,-210.5,-110.5,-438.6,3219.9,,3,3,,23.8,,,,,172.6,-7.6,457.8,-20.3,04-22-2025
0x1c12abdb414c0efbfc9f37c6a080f8e05da3eead,0,-3507.5,-3507.5,-3507.5,,2,0,,14.6,,,,,0,0,,,04-22-2025
0x8877ad0e9e276a5aceb8c3a2bdaf097fcdf3e8d1,0,0,0,126851,,0,0,,777.1,,,,,0,0,,,04-22-2025
0xf0bf9fdf72a8894d3790ba80f6606a7165d3a212,-378.3,67,-538.1,-1890.4,,27,11,,21.3,,,,,370,0.6,,,04-22-2025
0xb5780392eb99b1d10551f860cc0ec6698a854f10,13917.7,0,0,13917.7,,0,0,,7.8,,,,,11.4,1675.9,,,04-22-2025
0x1216d1a7682a996baf5b7e3c405e42eed7b0f4a7,-9353.8,-7956.3,8801.4,-187145.4,0,0,5,-1989.1,439.5,0,0,0,675.3,2065.4,-18.1,2923.1,-50.7,04-22-2025
0xc53361b916045057e592b1210238fb699836a1ba,12053.7,0,0,12052.1,,0,0,0,176.8,0,0,0,,496.7,20.5,19.8,-0.8,04-22-2025
0x5bbb8caa50fd423a300f1a859880150981afd6c4,0.3,0,0,71.7,,0,0,0,7.1,0,0,0,,25.1,4.3,78.8,-10.8,05-02-2025
0x56f22d1a5aa8885daa6feb1fa8163da179ac0636,0,-226.7,-505.4,-1093.3,82.6,3873,3526,0,11.7,226,1,0,118.4,13136.5,0.1,2713.8,-1.9,05-02-2025
0x6c0a9a21a0ee075f7d499e88bbd4e201077544c9,0,0,-1298.3,-1723.2,,0,0,,0.6,,,,,92.4,22,380.8,11.3,05-02-2025
0x28d60906af52a303a64d7c15568e154e11351081,0,0,0,0,,0,0,,0,,,,,0,0,,,05-02-2025
0x37540d056fec2e9a38b75afffd5fc2692709c476,3397.8,714.5,714.5,4112.3,100,113,116,0.4,532.1,0,1,0,727.7,108.6,20.2,,,05-02-2025
0xaad5a85b54ae93d9c6b46f862c284acdf213171c,-285.7,2162.7,4729.7,33829.9,76,60,63,83.2,1352.5,19,0,0,2,489.7,5.8,,,05-02-2025
0x1064bc5406bc61951cb62829e71eb966a012799e,-423.4,95.3,1877.5,10606.9,75,3,4,23.8,407.8,3,0,0,99.7,237.5,13.8,294.7,-26.3,05-02-2025
0x70a474a99e768aa27beb7dd56846586c3a0a933a,0,0,1898.6,1898.6,,0,5,,205,,,,,0,0,2040.4,-23.3,05-02-2025
0x800a1f614571642d9094f9d47645ca7639554315,0,-48.5,-98,-586.5,0,657,2,0,739.7,0,0,0,78.9,52.1,0,83.5,0,05-02-2025
0x1334ed9a6bdca0b4f55acafd1da668cff7e78930,0,0,672.8,672.8,,0,0,,0,,,,,0,0,,,05-02-2025
0xe79262612081cf9375256003c730dd01da20ee43,0,-2873.8,-2873.8,-2873.8,,0,0,,88.8,,,,,0,0,,,05-02-2025
0x28f1138acf3f352b8faf8a384297cc88f4df752e,0,36.6,36.6,36.6,,5,1,,0,,,,,,,405.9,9,05-02-2025
0xe8db861cda212a7ba3ff04a4e311ddb1f89220f4,0,55.2,82.4,82.4,100,2,2,27.6,247.2,2,0,0,0.1,103.2,0.1,,,05-02-2025
0xf5c3997e7565c070e0977efa8d61b484ec28f2c3,-15.2,0,0,-15.2,,17,0,,0.4,,,,,56.7,-63.6,85.6,-75,05-02-2025
0xad866e2d1e756b3adce33148d894a8b1d330878d,-37.7,84.9,141,-1062.7,100,9,5,0,400.8,3,0,0,1.3,93.4,-7.7,228.8,4.4,05-02-2025
0xbbf366d50f376af25b92c356f284b0aaf405869a,-260.9,17312.2,16149.8,84849.6,43.8,35,37,1082,10942.6,5,1,0,96.6,545.4,9.7,467.2,0.4,05-02-2025
0x5860ff355e6c7c70cd9854d7d0833a9f29f5bccc,0,0,0,0,,0,0,,0,,,,,0,0,,,05-02-2025
0x2a77dc82d7c5569b6711a9a787296a88a137f839,42739.6,0,0,548848.6,,0,0,,323.1,,,,,0,0,,,05-02-2025
0xdc150ffc00e2a233372daf97fdadcda85ca50a5e,0.1,1207.4,1259.3,1332,,2,8,,9.1,,,,,165.8,31.8,139.9,29.1,05-02-2025
0x9d9319be2402c1378bf6f8c661da826b8cce61a4,-1994.3,551.5,11762.9,7048.3,18.2,30,22,50.1,4064.7,0,1,0,82.7,409.8,-7.1,1303.1,36.9,05-02-2025
0x0e3cd1a5c48ced90573e2f9c07f3f06e3db56479,0,-32.8,-32.8,-32.8,,2,0,,1.2,,,,,0,0,,,05-02-2025
0x0a23a2e65bac5040c4f19a9c23eddb31dd2836e5,0,906.6,906.6,906.6,,19,0,,62.8,,,,,0.1,0,54.5,21.6,05-02-2025
0xecb25cbd29f5a4be2f05dc4899592d8910426f77,0,-1274.4,-1274.4,-1274.4,,44,0,,23.2,,,,,12.1,-11.9,37,-25.6,05-02-2025
0x51279f6c19d68e29e8ec1ad326f320cdf2294a68,0,83.4,83.4,83.4,,2,0,,12,,,,,0,0,,,05-02-2025
0x55395f9f8f82c9aa665abbd24ed270deeff04575,0,0,6,318472.2,,0,0,,0,,,,,65.7,-5.6,1931.2,159.7,05-02-2025
0xff37e1b4a01541251db78490a0f8f64bfac9d290,0,0,0,0,,0,0,,0,,,,,0,0,,,05-02-2025
0x319b216844efbcbd92b9e345828dc709e721f49e,0,-68.4,-68.4,-68.4,,6,0,,3.4,,,,,10.2,-0.1,,,05-02-2025
0x56f563aecffa53835adb794a1cfa4aad1ade7981,-116.6,0,0,-116.6,,34,0,,0,,,,,67.8,-69.7,71.1,0,05-02-2025
0x999999998e67cd1570bae345a608334362283347,0,-162.8,-949.1,2082.6,69.7,5078,4970,-0.3,38.9,302,6,2,64.7,4411.3,-14.3,182.9,-6.2,05-02-2025
0xde2435c0a1f9380804452926f2c7c4725622da26,0,0,0,0,,1,0,,0,,,,,7,0,,,05-02-2025
0xf258cf3dd0021ebaa1c6565c5e70d261db3c6d09,-740.2,919.8,-11916.7,-9885.6,43.8,417,230,57.5,5172.8,6,0,0,7.4,1626.1,-12.5,9028.5,0.8,05-02-2025
0xb69592c51ceda46878eecbdb69a256a28a531fe1,-250.5,-794.4,-5253.7,-23138.7,37.5,18,12,-53,2.7,10,0,0,229.3,407.1,-10.7,486.2,-23.8,05-02-2025
0xab1ef6a2bd769dce3da9cd96e8f16f00f50ee6e6,-256.9,23.3,-259.5,-1599.7,100,8,2,23.3,5.6,1,0,0,,32.4,-28.9,302.7,-77.2,05-02-2025
0x84d1e3c66e4d0f6cfdeef475ebf99ff04ad56d63,0,6944.2,6944.2,7751.6,100,1,2,3.7,0,0,1,0,22,163.3,1,1888,158.8,05-02-2025
0x85c692f4df170aaf1d8b9f4c13ff67b0da041515,369.6,1667.6,1667.6,2037.2,100,134,121,0.9,0,1,0,0,177.9,0.4,-0.1,,,05-02-2025
0xc99bcda0db68577185625850fab2f736a90fa535,0,1743.1,1743.1,1743.1,,31,0,,58.8,,,,,8.3,-4.1,169.9,-66,05-02-2025
0xc1aaa9fd9cf50a23522a8e9ff14d86fe3f074714,0,265.7,265.7,265.7,,2,0,,8.3,,,,,0,0,,,05-02-2025
0x3e877a486bc6ca9395c31b820d9fa46fa40b5d50,0,-2332.9,-2332.9,-2332.9,,39,0,,0,,,,,2749.7,-1.2,,,05-02-2025
0x907994f1f686c504048247c919e13f8501243150,-284.8,-649.8,-649.8,2752.6,,0,1,,41,,,,,32.5,-8.9,4681,24.6,05-02-2025
0xd0e559a262e33c3878d6a599942b78ca6d044b1b,-1615.3,-16.3,1963.7,348.4,,18,16,,2602.2,,,,,181.1,35.2,239.1,-66,05-02-2025
0xcddb3969625e10339d69dd1a4564df6770f0680f,0,195.9,195.9,195.9,,1061,0,,12.1,,,,,0,0,,,05-02-2025
0x23357da026563f192c6b28b6c0cd34996d1de9cc,0,0,-7.6,-102.9,,0,0,,2.4,,,,,10.9,-0.1,0.5,-26.1,05-02-2025
0x51f7c5c81f782c07a7ca27999845b7b4808e2d79,-25.3,19.5,21.6,356.4,,17,15,,86,,,,,7.1,0.6,10.3,16.7,05-02-2025
0x3583d789c85d9a10312d4d982c5bd43d22d0763c,0,3.9,3.9,3.9,,1,0,,0,,,,,0,0,,,05-02-2025
0x5e5ad52813ed921d14c4e58f40b35c2f0dfecf82,0,0,0,0,,0,0,,3.7,,,,,0,0,,,05-02-2025
0x535aba1169228235d59e4e25156d9ed826cc93a5,-157.2,0,-47.2,-277.8,,0,0,,0.2,,,,,88.6,13.3,79,-9.4,05-02-2025
0x03a50c84a768009688b27719260ee7a0b9fb9891,0,0,0,0,,1,0,,0,,,,,0,0,,,05-02-2025
0x58a6356f49d2dcf6ade9501e68146f74269c7fd0,-5855.1,-70.4,7427.2,-28128.2,,4,1,,579.4,,,,,117.3,-10.8,423.8,-64.9,05-02-2025
0xf594d4b3f491c20d0e771f1c849bd0cfd41cf711,0,0,0,0,,4,0,,0,,,,,12.5,0,,,05-02-2025
0xc04737784fd29b5751a539cae8c64a3cb7f56b5c,0,100.2,100.2,100.2,,1,0,,0,,,,,0,0,,,05-02-2025
0x760145b4613fcd307dfd8bebcd99912ebb8d12a3,0,-1239.1,2066,1103.8,,0,2,,56.9,,,,,577,-9.3,,,05-02-2025
0xd58958cfebf2bd6d76cdfdb13fe4e8ff08952377,0,7188,-18030.1,95497.5,40,1029,1487,0,418,126,0,0,194,59155.7,1.1,15347.2,-4.5,05-02-2025
0x7130e13a2bf8212c9d2698d61ff53875d6c6a269,0,0,0,3283.4,,0,0,,0.3,,,,,0,0,1004.4,98.1,05-02-2025
0x7021ec3428dd1ac3c757935ba594824ac3fa48b2,0,3.5,3.5,3.5,,3,4,,0,,,,,,,,,05-02-2025
0xbc52f4a38fb7c6f18924e2b0545bd868ba7fa306,0,9.6,9.6,9.6,,4,3,,0,,,,,,,,,05-02-2025
0xa4725a934188e8f40e9f5b13c248c0ad1c866b46,0,173.3,-483.7,-4196.3,,8,4,,17.3,,,,,366.7,14,2859.7,-9.6,05-02-2025
0x08646d050d5aac9d3283f03e1d6e43fbfb68e994,-94.7,-40.6,-219.9,609.3,25,3,5,-10.2,57.3,1,0,0,46.2,57.5,-2.1,664.6,-10,05-02-2025
0x6b06b6ae370cac90c1d5ca9dec501c1c177f71b4,-3392.6,330.2,330.2,-3414.7,42.9,36,38,0,6.4,5,0,0,7.9,5.5,0,2440.1,-12.5,05-02-2025
0x68bb7d06f462116387e00ebf702f94092923f054,-1298.2,361.4,-572.3,36262,100,3,2,120.5,942.1,3,0,0,261.7,154.2,-19.6,368.8,-65.5,05-02-2025
0xcd9d73e78882d27cb6f93323de42dd8e4b770fd8,-18236.5,-53.5,3072.8,26511.8,42.9,13,7,-6.7,8441.7,4,0,0,73.7,426.5,-8.1,1498.5,-39,05-02-2025
0xbf72279508b51283f0743abd393ce15cbdac57f9,0,2.1,2.1,2.1,100,4,2,0,0,1,0,0,149.1,,,,,05-02-2025
0xe6d1062a67aaf0d0ad9912a615e141f9902254db,0,0,209,1446.8,,0,0,,52.7,,,,,207.5,12.2,498.2,-2.2,05-02-2025
0x00005d3f0239d0ec04aff36811c716ad3d9c4250,426.3,113.9,-0.7,1826.7,0,3738,2430,113.9,265.1,0,0,0,1367.3,9.8,35.4,8.8,2118.6,05-02-2025
0x836c52f013b4c03d8e562eb81f556834a09a6e5f,-1573.3,0,0,-1573.3,,0,0,,14.6,,,,,132.9,-8.2,,,05-02-2025
0x355470ccdd1d76d61260e7b9a11241fcda9876bd,-18.8,0,0,-18.8,,17,0,,0.4,,,,,57.4,-64.3,82.1,-66.7,05-02-2025
0x270136680c6098b7b469bad6a4e7b93997b5ed36,0,0,0,0,,1,0,,164.9,,,,,0,0,,,05-02-2025
0x2bd8d88778290b49da4b613a54821049989cf5ac,-0.2,0,0,36059.1,,0,0,0,10.7,0,0,0,,700.6,2.9,685.2,-21.3,05-02-2025
0xd425078ff650583f105a1a008e38428a5a13be14,0,12249.8,23836.2,165565.2,72,24757,20293,24.5,353.4,364,2,1,96.3,12156.4,-0.8,10728.1,-7.1,05-02-2025
0xe0d5a3c84331e2ca321ce00b9d5d28ed6637b7d1,0,-14.7,-14.7,-14.7,,14,0,,10.3,0,0,0,,0,0,,,05-02-2025
0x722bcae94ecabc68128cc081178ebed90f6b7622,-9503.3,-842.2,20564.6,69054.2,30,13,11,-76.6,9398,4,0,0,29.4,1045.6,29.6,2208.8,90.4,05-02-2025
0xaf9fbe51da1b7c945af1e45d0cca97a33c9ab4a9,-109.8,0,0,-109.8,,24,0,,0.4,,,,,80.3,-89.7,80.4,-42.9,05-02-2025
0xb1160657907f058458d64d6c270a3f75c3dd7750,0,3496.7,3054.9,3523.4,100,12,6,0.4,0,3,0,0,60.4,47.7,1500.6,2083.2,9.7,05-02-2025
0x2de080cd4933e448b2b872563c4b37a9c5603d86,-29940.5,6052.9,21928.1,2910.9,33.3,36,7,168.1,12909.3,31,0,1,65.7,136.3,153.7,137.8,-94.9,05-02-2025
0x30d6c56ca064326a2d13825afd0c605246243c46,0,320.3,501.2,501.2,,33,34,,217.5,,,,,38.1,-0.9,122.1,-10.2,05-02-2025
0x6ff0d82761ea9b7c1b83f89094e282fe3c3f95c5,0,-62.9,-62.9,-62.9,,2,0,,1.8,,,,,3.1,-4.1,118.4,59.2,05-02-2025
0x2f296001470d11b96d9a5ae0cfad6a0e590ace7e,-67.1,-654.9,-605.3,-262,,7,9,,6,,,,,79.6,-7,666.3,-28.9,05-02-2025
0xfbb27179386c783ba5db3066b3e26811664a6fac,0,0,0,0,,0,0,,0,,,,,0,0,,,05-02-2025
0x7034f627e0c64405d979b894e7bf4abb86575f1b,0,0,0,0,,0,0,,4.3,,,,,0,0,,,05-02-2025
0x90a642f69abecc9a28250ff1ef86f20079155047,0,0,0,3200.4,,0,0,,0,,,,,141.8,5.2,,,05-02-2025
0xf93ee49ef71259eda8c868edac7c4947b5f6b1be,0,0,0,0,,0,0,,0,,,,,0,0,,,05-02-2025
0xda99261e6802283c20cae2d2c1a77a9bf8d2f576,0,597.4,2798,20648,42.9,14,17,42.7,374.2,5,1,0,0.3,205.1,10,176.5,-70.7,05-02-2025
0x4726f7d016a0afc57195b6c9570d8c51ca143f26,0,469.4,2278.8,16278.9,60,7,11,93.9,4057.5,3,0,0,0.7,348.2,10.4,1047.1,49.8,05-02-2025
0xe5ff9f5e46d539bc156aa55f550f71aa5535f55d,0,0,0,0,,0,0,,0,,,,,0,0,,,05-02-2025
0x84018df21133d128ebe8ece12b4495d2cfa2bdb0,-3.2,1598.4,7233.3,7025,,20,13,,10.5,,,,,188.5,5.4,1532.7,26.3,05-02-2025
0x1c2098c53c173de0a0a1167ba8dcbd30ce43a58e,0,4.4,4.4,4.4,,20,0,,0,,,,,0,0,,,05-02-2025
0x4e23dad72ae4a54a344534610f3b794450ca5a4c,0,0,0,0,,17,4,,14.2,,,,,0,0,6,54.2,05-02-2025
0x95d897c7ed5bc66acedcaebeaf8847df52c2005c,0,2468.6,2468.6,2468.6,100,3,3,1.4,0,0,0,1,143.8,0,0,,,05-02-2025
0xfa1e7a23ecc6207ed0a45802d6c335d87c8e16ce,0,0,0,0,,0,0,,3,,,,,0,0,,,05-02-2025
0x2320af8570875334b5a50d2ccb93e050d47e497c,-0.4,0,0,18841.5,,0,0,0,0,0,0,0,,203.7,-25.1,977,-36.1,05-02-2025
0x5d94cc378492aa38575665e660665fcedaa1d165,0,0,0,0,,0,0,,43.5,,,,,0,0,,,05-02-2025
0xba401243edc3028afc91a35921c8a8e635eb231b,0,-1116.1,-1116.1,-1116.1,,59,2,,555.9,,,,,0,0,,,05-02-2025
0xfcacc18c6f8a5b3b0e4e37bd3131d7dfabe3b2a8,0,0,0,0,,0,0,,72.6,,,,,0,0,1678.8,-6.4,05-02-2025
0xaeae96e7b8f539c120e55546b0d30ee6492447a4,0,0,0,0,,0,0,,0,,,,,0,0,,,05-02-2025
0xa743c5feba6c513e07a0fb86aa57c4e589ff0925,-0.3,-5.1,-495.3,-151.2,,118,70,,283.8,,,,,177.1,-8.2,653.8,-0.5,05-02-2025
0xc88171aba9a155ec3013a1b1993439d25c433ec4,0,0,0,0,,0,0,,0,,,,,0,0,,,05-02-2025
0xd799ae7e6d46bb23e396667f21fdc56f584bd553,542466.3,2383.8,883.7,615350.1,14.3,8,10,340.5,244.3,0,0,1,94.8,299.1,-14.9,868.6,-37.2,05-02-2025
0xd198b00e6a8a12367610df12a170f1d59551b8bc,0,1551.4,1551.4,1551.4,100,3,2,0.9,0.3,1,0,0,37.1,0,0,,,05-02-2025
0x64df3766e1590980dad1781bd17bfb368a62ee2b,0,210.5,1354.7,1906.3,,0,4,,0,,,,,172.2,1.7,113.4,-4.2,05-02-2025
0x54fdd97e000d29f34ba9933bc3ac20069def4d68,-183.5,-541.2,-1101.9,-1285.4,,66,42,,60.3,,,,,91,-6.4,,,05-02-2025
0x8655c1dd86f6acf7551fcc8a948fb5f83417ddff,0,0,0,0,,2,0,,0,,,,,0,0,,,05-02-2025
0xb30bd75ef750ffb44729ee42268324c1f0b4c5bc,-5.8,-22.1,-1010.5,-6371.7,,105,63,,0,,,,,1399.5,-5,97.3,-0.5,05-02-2025
0x0f87be749f5bfadb89f1763eb1cd9e223bf5ea63,-63.8,-26.8,-26.8,-152.2,,6,3,,11.9,,,,,5.3,-19.3,79.3,-25.4,05-02-2025
0x9dd5e3d436992ac1257d6d2b4d591d3369feaee1,0,0,0,0,,1,0,,300.8,,,,,0,0,,,05-02-2025
0x327407168108e7d019683610c2d12fac6af4b281,0,7755.1,7755.1,7755.1,,6,0,,10.1,,,,,0,0,,,05-02-2025
0x21d4308a871cb55c12cf8dd36eec793321e28bef,0,-617.2,-617.2,-617.2,,30,0,,0,,,,,653.9,-1.2,,,05-02-2025
0x072837cd776be6853fcf45f1da601418f4d401f9,-55.2,-3,-44.9,-100.1,0,3,1,,2,0,0,0,,6.7,-18.2,5,-19.2,05-02-2025
0xdc421512b45fda32811593490112b7b3e32f6c4d,-0.1,26.5,52.1,210.8,,52,52,,136.3,,,,,142.4,1.2,90.8,6.5,05-02-2025
0xe408c525f4f2a61204b5191e2e859b1958abc5da,0,0,0,0,,0,0,,0,,,,,0,0,,,05-02-2025
0x8dc9230dd2814fb353a26b8cd73a0c0dd5a40686,44.8,-418.5,-418.5,-373.7,22.7,35,29,0,236.5,4,0,1,11.1,205.4,6.4,495.3,-8.4,05-02-2025
0x0f517573b5a1d52eed94fff752891fbaa5c9fac1,-70.5,104.5,-108.9,-1042.6,,53,42,,6,,,,,52.1,-7.3,145.7,-7.8,05-02-2025
0x3358334fb7895e8c8352b456b83d8882d291bb06,0,0,0,0,,1,0,,5.9,,,,,114.7,5680.7,,,05-02-2025
0x152097e9f4346e6af9f51718cb0f3ac965baaa31,64.1,3697.3,3697.3,3761.5,,239,216,,23.3,,,,,116.3,62,99.9,5.5,05-02-2025
0xe9b135d848679839c4b71ea20f511ea504649972,0,0,0,0,,0,0,,0,,,,,0,0,,,05-02-2025
0x477d057ee378168d33d62eca943c0247e8b04139,27074.1,11783.9,16153.6,-2515.2,100,34,12,3928,510.5,2,0,0,90.6,21872.1,0.4,4,0,05-02-2025
0xdd488cc1ee19a27352745fd927013cd579832c6c,0,3850.3,3850.3,3850.3,,6,0,,65.6,,,,,125.4,11,470,-33.2,05-02-2025
0x064635e9ad8c770df4430180f0983ac0c59fc3fc,-11.6,0,0,373995.8,,0,0,,118.6,,,,,412.2,-1.8,,,05-02-2025
0x02c45d4ca893e87c12ab1d6c9c9c9e7be663576e,-28.1,317.4,410.2,1193.2,,0,0,0,0,0,0,0,,533.6,7.7,860.6,2.6,05-02-2025
0x41a5548196a371050b7388ede2683f32576f9997,-84.5,0,0,366712.7,,0,0,,190.9,,,,,0,0,,,05-02-2025
0x179abaca0bf7d74ecde2367ca09ee921622dcd3b,0,282.1,4602.4,533009.4,48.7,358,293,3.6,16.4,60,1,0,326.1,44472,4.2,33.9,-2.1,05-02-2025
0x6bb2e646f0c0bb107320fb3a6f9fe26bd5cafee9,0,-495.6,14.7,14.7,,73,48,,1.2,,,,,369.6,-4.5,3974.1,-2.2,05-02-2025
0x2143b1bda6ece7b09fdf5852b95dc31d9a929c9d,-65.7,-3.3,-162,-363.7,,108,66,,3.2,,,,,37.5,-7.8,514.2,-17.6,05-02-2025
0x60686cb8de8d940b74004715ac1f4c6bbe6ec081,-893.3,4384.7,7476.1,24213.3,,103,67,,186.9,,,,,155.1,11.1,289.4,-3.6,05-02-2025
0xa7a35555fc1514b1eb329f5a6be0c2dc6d84f32c,0,0,0,223612,,0,0,,0,,,,,0,0,,,05-02-2025
0x2aa6ae522e72b93861d8ac46a9143a64565b97c6,0,-324.6,-432.6,-432.6,14.3,22,19,0,326.8,2,0,0,0,127.4,-14.8,,,05-02-2025
0x892a7dcc1b00d64c648f557d3810443e20ad9a6b,0,-307.2,-307.2,-307.2,,1,0,,0.8,,,,,226.4,-3.2,497,-24.3,05-02-2025
0x76ae54c424a7fe037b3d0c963dd30ece10be371a,0,3951.8,3951.8,3951.8,100,8,6,2.2,0,0,0,1,143.7,0,0,,,05-02-2025
0x4a9af99fdc75effaadbbaef2504b7a2bb531e53c,0,0,1116.2,1116.2,,0,0,,0,,,,,250,29,,,05-02-2025
0x0f77a2c699cae6d3b9d542aa860b8b2efdcdaa70,0,0,-0.2,65.4,,0,0,0,0,0,0,0,,74,5.5,,,05-02-2025
0xe13e4c5f7465be4be66c6aad5f1e592b1e940a10,0,0,0,0,,0,0,,246.7,,,,,0,0,,,05-02-2025
0x34c4ed214f30aa9034c363db293f9b38dc0e6390,0,-295.3,1742.7,3094.6,19.6,102,90,-5.2,361.9,12,0,0,0.2,236.9,-4.6,,,05-02-2025
0xfc8fdd2e6863379921e0d476a55d9f8414a176e4,0,0,76.8,76.8,,0,0,,0,,,,,381.1,-5.3,,,05-02-2025
0xe5ec8fd5be19f31d73c38bcc127a1f93d61103a4,0,856,1606.9,20107,100,2,4,428,4547.1,2,0,0,0,606.2,25.6,541.8,47.1,05-02-2025
0x78df191ea222d08e29b8b024f3809bd5e9f8db01,0,822.3,822.3,822.3,,80,0,,1829.6,,,,,64.2,-2.4,783.5,-22,05-02-2025
0x57d2892666faa346ed6563b45beda5b32a7eebcd,-7.6,-180.8,-1525.2,1536387.8,75.7,4326,3954,-0.4,58.6,409,1,4,207.8,48.7,4.4,243.1,1.2,05-02-2025
0x5beb1975e79df699380e25b28f27c7dc152c1e35,0,110.2,784.9,124471.6,,50,29,,37.8,,,,,4241.5,3.1,389.7,96.7,05-02-2025
0x6a6333688909c0f67f709e99fb193c3af266bcd5,0,6.2,6.2,6.2,,2,0,,0,,,,,0,0,,,05-02-2025
0x358e266969491648f86e9b6600089f0d5d1f8242,0,3463,3463,3463,100,4,4,1.9,0,0,0,1,143.8,0,0,,,05-02-2025
0x94c4bfca6c335d2c97a65b53a999b9f480b7ed26,0,0,0,270855.9,,0,0,,704.7,0,0,0,,291.9,641.7,1363.1,-26,05-02-2025
0xcdbe7eb92b45ace8733859af89ac01b948988dc3,-1,-205.7,4318.9,7199.5,,1,1,,0,,,,,1742.3,4.5,676.1,0.4,05-02-2025
0x30ba0341d44094460c98a47d7ac3f0ac1b750cff,0,0,0,91989.7,,0,0,,0.2,0,0,0,,863,13.4,1339.1,-80.1,05-02-2025
0x9d5c62c1216ea2860469d4f96feba09b39c7d398,0,0.7,0.7,0.7,,3,0,,0,,,,,0,0,34.1,1.9,05-02-2025
0x98194d070a16ed4b1e3c1e447a8c988afc4d0894,3332.5,0,0,36186.7,,0,0,,32.2,,,,,69.1,22.7,1462.8,268.6,05-02-2025
0x0a34a47567713b5f69533d3c18d2c9e35a6d5b76,0,0,0,0,,0,0,,60.3,,,,,0,0,,,05-02-2025
0x8026540f9c8400564af92d9a110054158236a33e,0,74.4,74.4,74.4,,4,0,,1854.8,,,,,0,0,,,05-02-2025
0xdcd47109b9af416c300a5db7669aea2ff4adb3a8,20.3,124.2,124.2,144.6,,3,1,,4698,,,,,0,0,,,05-02-2025
0x5af01559b6589a3c5e412fe9a32b8f38e64866cd,0,3623.1,3623.1,3623.1,100,4,4,2,0,0,0,1,143.8,0,0,,,05-02-2025
0x5d728ebf6caef90357e2a535afdefd82e009bf1a,0,0,513.1,-1785.6,,0,0,,35,,,,,90.5,10.2,,,05-02-2025
0x3b4f72a71345807033a6f2fd963cc34d822c2fd2,-23.7,-9.4,404.4,397.5,12,26,26,-0.4,389,2,2,0,5.9,8.4,-13.6,12.8,333.4,05-02-2025
0xcc416709af368bd3e7d517a9c236798b01afd565,0,0,0,0,,8,0,,0,,,,,0.2,0,14.3,0,05-02-2025
0xe0e80a21662028891a57d1b1ff34850cdc224dd6,-65.2,0,0,-65.2,,20,0,,0.4,,,,,81.9,-84.1,68.7,0,05-02-2025
0xe8a40f1d3e0ffdfca1ff3e2b6b3b8ae080b39132,0,681.5,-43219.3,-280306.8,58.1,468,426,7.1,330.9,73,1,1,229.9,15918,7.4,441.9,30.2,05-02-2025
0xd4178147f9db097490d56159675e35e8ee997624,315.4,151.9,177.6,802,100,0,6,76,5.7,1,1,0,506.9,0,0,,,05-02-2025
0xf6f0d8b70832a599aeaaf146b632aabc30993f52,0,0,0,0,,0,0,,0,,,,,0,0,,,05-02-2025
0x57d4fcc98aa34a2fef853384b5536a3e9bb59620,-20.8,0,0,-20.8,,17,0,,0.4,,,,,56.2,-57.1,87.8,-66.7,05-02-2025
0xe94ef93232263a2162843071aec92c8e336bc572,555.8,2781.3,2781.3,3337,100,202,199,1.5,39,1,0,0,177.9,0.9,0.6,,,05-02-2025
0x9f73167cdf7d6485cfc9492de0e873bdb2912763,0,369.9,44.8,44.8,,29,9,,20.3,,,,,640.5,-5.5,,,05-02-2025
0x14ead4207f7408d398871278e0ed1794543069ab,0.1,168.6,41.1,-2309.8,100,1,7,168.6,3.7,0,0,1,,0,0,,,05-02-2025
0x860112929fb069b2b6a243a766f91df9a92d4323,0,5150.7,5053.8,5053.8,59.3,1883,1818,0.1,1293.7,15,0,0,22.5,569,0.4,1237.1,-4.3,05-02-2025
0x3f3d47595e8f83e782daebc10d634db4829589f8,0,-19743.5,-18431.7,-108686.3,46.8,414,495,-97.3,573.6,163,1,3,172.8,154.3,4,6207.4,1.7,05-02-2025
0x2f1ad453ede9f5b3027d6ef15bb07d46341a81de,0,1663.4,1663.4,1663.4,100,2,4,0.9,0,1,0,0,143.6,0,0,,,05-02-2025
0xd4fa2e99f7ea02f3bc6d4d32030715954ca5f199,0,0,0,8254.4,,0,0,,0,,,,,952.1,0.3,25450.3,62,05-02-2025
0x8c8966b989852dd27be6fdd4fa7594a246dc03b3,0,0,0,359.2,,0,0,,0,,,,,24.1,17,24.2,14.8,05-02-2025
0x4c4f4932288894df72d1477bb1bb7d06efb281ad,0,0,0,0,,1,0,,0,,,,,13,20.4,,,05-02-2025
0x4fda65d0f3587f601f5cc57a5f179cb9dd140f67,-1613.7,0,0,1095445.4,,0,0,0,5.8,0,0,0,,189.7,-10.9,2243.9,-17.9,05-02-2025
0xf4fe4b5c1c8215602e95e32f65918ce6617b9888,0,-740.2,-507.1,-507.1,,2,1,,0,,,,,502.4,-7.4,1382.9,1.7,05-02-2025
0x193df58a95d44f0d11fe54ad831b77cfa0185349,988.3,0,0,988.3,,7,0,,0.4,,,,,49.4,9.2,,,05-02-2025
0x70917def6cacc29909c38b8bc0fb77869fba13be,-157.2,5197.4,3333.7,4166.7,,5,4,,0,,,,,0,0,1315.7,-11.9,05-02-2025
0x3f0c7ab3d8a32b544be0b533a691c2296613d7e8,0,62,62,62,100,2,2,31,587,2,0,0,0.3,184.1,3.7,577,0.2,05-02-2025
0x17b6975690ad54c3332fd32052489b86e47d54bf,0,0,0,-12139.3,,0,0,0,28.9,0,0,0,,1065.2,-9.2,2648.7,0.1,05-02-2025
0x043965061ae4b6bf9c2383014cb53289df01057a,0,0,10.4,10.4,,0,0,,0,,,,,0,0,,,05-02-2025
0x1aec4dccfcf7f442fa6696643f2e39b6443ea0ed,-2071,-354.3,-1040.6,-3111.6,,3,2,,0.3,,,,,90.4,-2.3,1075.7,-46.5,05-02-2025
0xeffbb5d2deda0d5838955950a2dee44d9d081bb1,0,0,0,0,,0,0,,0,,,,,0,0,,,05-02-2025
0x72f51fe344908ba333a5f9bf2e7d811ec401f4fa,-474.4,-339.6,-532.5,-1523.8,,4,8,,5.5,,,,,0,0,5844.1,-9.1,05-02-2025
0xcd70b06abd5d1f2634a46c72181ae16d3b377e9a,-106.3,189.3,189.3,83,100,0,1,0.1,363.1,1,0,0,1508.1,20.8,-10.5,,,05-02-2025
0x2422eb5bd5d13a9f468ee082c45da9e03a13647d,-68.9,-771.1,-19866.4,-14855.2,,3,6,,139,,,,,47.9,3.8,,,05-02-2025
0x63d03f232ab3026be1408040ad7b55f4db980edc,0,0,0,0,,0,0,,0,,,,,0,0,,,05-02-2025
0xc780fe7aa9dc9b3d14ffa18db04c05c6902f0c81,-329.4,-803.7,360.7,27167.8,25,10,6,-160.7,2893.1,2,0,0,3.9,442.4,-11.3,792.7,-9.9,05-02-2025
0xbdba56dac0c99fa9a020045d9ccc774ed2489558,0,0,0,-23079.4,,0,0,,60.4,,,,,0,0,6035.1,-16.5,05-02-2025
0x0255e3d41c93d6b0784f19cda99c98eb304cc343,240.1,-13.3,-424.7,7363.6,,36,23,,82.3,,,,,85.2,-7.4,232.8,12.9,05-02-2025
0x2eb393fbac8aaa16047d4242033a25486e14f345,31.5,4509.1,44870,19616.2,28.9,396,335,32,504.7,76,0,0,292.8,115.7,2.1,,,05-02-2025
0xea9120f0cb7ff853c4adc58fc73387dbb06979cd,0,0,0,0,,0,0,,0,,,,,0,0,214.3,1,05-02-2025
0xe40d607c86c3dab3867c37a26596862f901cf0fa,0,0,0,0,,0,0,,0,,,,,0,0,,,05-02-2025
0x71db83915f7fdafa8a14843605d689a1fafaab9c,0,99,99,99,100,4,6,0.1,59.2,1,0,0,26.6,47.4,1.1,,,05-02-2025
0x34a0df8d110a5725bb4d5f44e149260d10b27574,0,0,0,0,,1,0,,0,,,,,0,0,,,05-02-2025
0x64aea42b593c884bd170064b3abdf83b930ebf88,-11.3,0,0,-11.3,,1,0,0,6.9,1,0,0,0.4,218.9,-20.2,,,05-02-2025
0xe180221eaf0b4bf31ea93406314397fd9da5841a,0,1442.7,1442.7,1442.7,100,1,1,0.8,0,1,0,0,143.5,0,0,,,05-02-2025
0xac49f65b332a168925df1f7530373d77ab40378b,0,531.7,531.7,531.7,,13,0,,0,,,,,178.9,-2.5,208.1,-29.5,05-02-2025
0x6a33222a4b454ad6e0ffede4af5216e45deeac04,0,0,0,0,,0,0,,61.5,,,,,0,0,,,05-02-2025
0x578853e308cb3cf4737e5944cca04ae00e666ce8,0,-387.7,6132.3,49639.9,23.1,15,13,-29.8,5183.1,3,0,0,0,851.6,6.7,2371.4,-5.2,05-02-2025
0x6e2d1d8f3bdd267330907c47bce2c4988d0d2aae,0,13,13,13,,1,0,0,4.4,1,0,0,7,49.8,7.1,,,05-02-2025
0x8bd14da4570916c9a90e20d9ab01bdf5223157da,0,193.2,193.2,193.2,,800,0,,42,,,,,0,0,37.5,3.9,05-02-2025
0x454da771fee0cd25e9f86ad91c8d2e72589cf9d8,0,124.3,-615.1,-615.1,66.7,5,4,0,8.2,2,0,0,112.2,292.1,-3,311.9,-8.9,05-02-2025
0xe39dea6388a4316357e24954771cb4a87c8b819a,0,0,0,0,,0,0,,4.5,,,,,0,0,,,05-02-2025
0xad6879dee2fc111701acd85f94ba0069e1cf552b,-11.8,7,7,-4.9,,32,5,,3,,,,,0.9,0,6.3,-24.7,05-02-2025
0x0b0b8568b4696207f75f00f92bd005f853a36818,0,0,0,3283.5,,0,0,,10.5,,,,,516.7,73.5,,,05-02-2025
0x8dde276230e9358fb7acf9de955f16d15971a1ec,0,0,0,0,0,2622,1,0,92.5,166,0,0,37.4,37838,0,5554.5,0,05-02-2025
0xc13bc7d1a76655a322484b100c70cdd713123442,0,0,0,0,,1,0,,0,,,,,0,0,,,05-02-2025
0xeefc476b0b32db28a085b6ab1223a6726556f43c,0,0,0,0,,0,0,,0,,,,,0,0,,,05-02-2025
0x0e07f19f217034fd11b1f2e6ea849a2567d0f2de,0,771.9,17909.1,17920,100,8,1,386,62.2,2,0,0,23.8,0,0,,,05-02-2025
0x3f50385569b61473e4d4ca8c6bbad75cad4def9d,-260.1,0,0,-260.1,,5,0,,0.4,,,,,59.1,-73.5,62.2,-100,05-02-2025
0x294c25630449b419b0a00c01602c9cc94f8e51a8,0,33.2,33.2,33.2,,11,0,,674.3,,,,,51.7,1.2,,,05-02-2025
0xfc775902b7f349b1b61ce2370baeb92fe93a7370,-43.7,0,0,-43.7,,22,0,,80.5,,,,,81.2,-77.8,75.9,0,05-02-2025
0x7578e6f40ab9b3b9943f690a8a20c69e60695562,0,346.9,346.9,346.9,,76,0,,3.4,,,,,21.9,12.8,21.1,2.4,05-02-2025
0x3b18bdd2f173ba9ae8fbee9bed57fa16a13f58d7,0,134.4,134.4,134.4,66.7,4,9,0,1036.1,2,0,0,0,210.6,19.8,,,05-02-2025
0x2eb4d5f646d3d2afdd44534734da906068a5a008,162.8,3954.3,2014.7,8226.4,39.3,73,56,136.4,228.5,12,1,0,24.8,223.6,12.8,1685.9,8.8,05-02-2025
0xd7cf8e7d1afcf001ded39d5f38014a3c57ce59df,0,0,0,0,,0,0,,0,,,,,0,0,,,05-02-2025
0x33ca0c57530688f69d23606aae6cf5960340009a,-3459,1044.5,-3709.3,-1897,50,15,14,74.6,532.6,7,0,0,38.9,158.3,-34.2,388.5,-11.8,05-02-2025
0xea2e3f3dbf3e75eb7b4df7973f30385910bb1f52,54.8,-2298.7,-3349,-3885.4,,145,222,,73.5,,,,,0,0,,,05-02-2025
0xf63471164602adf26b9441f4c87b15f872d83509,0,0,0,0,,1,0,,0,,,,,,,,,05-02-2025
0x10fda6fe5f5624923b6016c07b09f71927929917,-1204.5,0,0,259500.7,,0,0,,83.1,,,,,771.6,-3.2,2108,-5.8,05-02-2025
0x90537037b534eb4f4558b02214046df99bb06e00,0,0,0,0,,0,0,,0,,,,,0,0,,,05-02-2025
0x72278f0634ab85a2d4c4718b7a689ca036a9f4d3,0,0,0,-2939.1,,0,0,,0,,,,,0,0,,,05-02-2025
0x0000aa9b225c282e91905be72b4f5f98c9e667ae,0,10.2,10.2,10.2,,29,0,,0,,,,,0,0,,,05-02-2025
0xd21a2ecf2fba84cf58faec8bc248e62398380f5b,0,-1181.9,-93700.6,-90352.5,20,25,20,-84.4,7.8,8,0,0,82.6,113.8,-0.4,3489.1,0.3,05-02-2025
0x8083912346c1eb0ddeca3d572866395eec888888,-341.9,280,703.7,24894.7,40,8,9,56,684.4,2,0,0,0.9,466,-10.1,1935.1,0.5,05-02-2025
0xf684a62235db6a01403ec20f090dd8240776998b,0,1296.8,-441.8,47093.9,58.3,33,25,129.7,296.9,9,0,0,101.9,33.9,-1.1,139.6,-50,05-02-2025
0x1c3f2dd7f25c1175b19478585e58189afc6ceca1,0,173.5,173.5,173.5,,52,48,,2784.2,,,,,294.8,-3.8,1147.5,35.4,05-02-2025
0x07db74cc6771b887f2548c1894beb8eebe999c82,0,0,0,0,,1,0,,0,,,,,,,,,05-02-2025
0xd63240d8bb0e3696e282ef2eecdf80d4451086cf,0,0,0,0,,0,0,,0,,,,,0,0,,,05-02-2025
0xb28ee19abc0c020f126587211694399ea614980c,-1.4,794.6,65.3,63.9,,21,2,,6.2,,,,,491.8,-10.7,,,05-02-2025
0x456967492983b2034dd783db2ec9a11dc5432d9b,-1421.6,-145.1,-228.5,-1938.7,,17,8,,2,,,,,27.4,-1.8,443.4,-36.7,05-02-2025
0x4285640b6db5cb7cd55c360b68776a71908c4b32,0,0,0,0,,2959,0,,120.6,,,,,20933.4,0,14307.5,0,05-02-2025
0x4f715a4dba47a1fb7641070d4f1690a50d1b0fdb,0,1351.6,1351.6,1351.6,,71,0,,1638.8,,,,,0.9,-1.8,80,-39.8,05-02-2025
0x9a61c82c6b91282811e5f9135c078e696ac0a093,-103.7,-182.4,43.8,475.6,,60,32,,6.1,,,,,121.3,-5,479.5,1.5,05-02-2025
0xe114e9863a507f8ff18d21ca8dde03cfdcfa3f13,0,0,0,0,,0,0,,0,,,,,0,0,,,05-02-2025
0xcb7daa3db24040896d5373a9cef1d4730bb0c781,206.9,0,0,206.9,,0,0,,64.5,,,,,,,861.3,24,05-02-2025
0xad01c20d5886137e056775af56915de824c8fce5,-141.6,0,0,-213.9,,0,0,0,0.6,2,0,0,,0,0,,,05-02-2025
0xde58fa86424fb5ab3b102375deca2dd4443545af,-1639.5,-1225.1,-3302.2,2050.9,38.5,12,18,0,977.8,3,1,2,349.9,298.6,-1.3,292.4,-34.2,05-02-2025
0x0612c2ea4d486dd38bb639a4f6d44bbc784e3f3f,-897.4,189.5,10610.8,11109.1,30,25,19,0,1280,2,0,0,8.2,425.1,-1.9,3267,-4.8,05-02-2025
0xeec861c8a18acb9de9fd3f8f322e70e3139c8f11,0,0,0,0,,0,0,,0,,,,,0,0,,,05-02-2025
0x7866cc49ab0b5425685dc22d1491cea87f4b8e3a,0.7,48.2,274,-832.5,,2,6,,13,,,,,0,0,,,05-02-2025
0x5ccf63648a2812e74908f3c33b8d627a722f8e32,0,0,331.1,331.1,,0,0,,0,,,,,0,0,,,05-02-2025
0x288976aa40495046f0f7108a69cd330faf4308f7,5916.1,0,0,5916.1,,0,0,,40.4,,,,,0,0,,,05-02-2025
0x40032ce0654c76e116440ba4d6e4514ea814d2c6,0,0,0,0,,0,0,,0,,,,,0,0,,,05-02-2025
0xbd317ed9fe1a6ae950c08e2bd14d945e8fd08e3e,0,0,0,0,,0,0,,0,,,,,0,0,,,05-02-2025
0x141e9bd29458da78747a0288028ba2384ceb8308,0,52,52,52,,8,0,,4.2,,,,,90.9,1.1,,,05-02-2025
0xe73e38953569f9586aabdbb33548bb6acef95106,0,-1299.2,-7303.8,-2290.7,33.3,48,45,0,1901.6,18,0,0,209.9,2087.9,-4,2896.4,1,05-02-2025
0x14ce9e2b12c90d61c3b86cd74ba723b81eb8bdcc,119.5,635.3,670.9,790.3,,2,3,,2667.9,,,,,0,0,,,05-02-2025
0x1267cd8c8608820fd8f70e451d210f2d06b80995,0,27.4,-17,-17,,2,2,,0.6,,,,,0,0,226.8,22.1,05-02-2025
0x4ce88f343917a80560ba6349636c6909f7389262,-1355.5,0,57,3496.2,,0,0,,0.6,,,,,117.1,-25,1256.4,-20.4,05-02-2025
0xfa3381a4945fd8857782cdc39994f54aadb3290d,0,0,0,0,,0,0,,0,,,,,0,0,,,05-02-2025
0x7fb81a4b4aeac306352c19b86617bb310793599f,0,0,-1.9,-0.2,,0,0,,0,,,,,1.9,1.6,1.7,1.2,05-02-2025
0x70730f2353c9ad936e622916267d5050a4330aa3,0,1403,1384.5,1384.5,,90,40,,0,,,,,142.3,1.5,2437.4,11,05-02-2025
0x067f164028bf9b7af23558d3309fafca21acdcbc,-1033.7,0,-880.8,3478.6,,0,0,,82,,,,,137.3,5366,2499.9,2,05-02-2025
0x21ab876fb36dc6f262082f2d967ea5aa8561136e,0,0,0,0,45.5,16,0,0,0,1,0,0,139.5,0,0,,,05-02-2025
0x707bcc55c2f12d15089f0402e512e26c34a477d7,-43.6,249,601.9,10096.1,37.9,114,95,4.3,16.5,23,0,0,16.7,83.1,-9.6,75.3,26.9,05-02-2025
0xd0b68d2290a689a3b89acd9f0c48c4d24b5c2a7c,0,47.8,47.8,47.8,,25,0,,617.8,,,,,0.5,-0.8,8.7,0,05-02-2025
0xbad45ce876c629741cc085208e77dd5c26348d79,-3,4.7,35.5,111,100,3,3,0,0.5,1,0,0,,44.2,1.2,166.4,-15.8,05-02-2025
0x48591d8d7f0cacd7e9c068712a2903cb151e6f82,0,-4.1,-4.1,-4.1,,7,0,,1.9,,,,,0.1,0,,,05-02-2025
0x1a9838862e53b777cb6b3180d7e40ff37a91b765,0,-158.9,-158.9,-158.9,,16,15,,634.8,,,,,208.9,-8.7,617.5,-19.6,05-02-2025
0x631c606d7c4d8fc4ecb6e2378bbbacca7068457c,0,332.4,332.4,332.4,,23,0,,0,,,,,53.4,17.5,,,05-02-2025
0xf462e35f85fe48d43487a6126448f43c7473ed7d,0,-1399.6,-1399.6,-1399.6,,63,0,,30.7,,,,,0,0,,,05-02-2025
0xbbb450ea32d37191a4ddb352cf9a63b426283aad,0,0,0,0,,8,0,,0,,,,,0.1,0,,,05-02-2025
0xf8ed9560fba7446d9d639197f815398e15102c1e,0,0,0,0,,0,0,,0,,,,,0,0,,,05-02-2025
0x274e792f89da061319f1295a6eb3ca12cba2d61e,0,1942.5,15709.8,40496.4,81.2,4,4,121.4,1513.1,12,1,0,1.2,226.9,31.9,,,05-02-2025
0x22cab3c04eaf205b6d95914f5ab2714863b47994,0,0,614,5238.9,,0,0,,0,,,,,435.1,0.6,999.2,5.5,05-02-2025
0x8f3f860734b32432b40c7502306f9183ff3ee38f,0,0,0,0,,0,0,,60.3,,,,,0,0,,,05-02-2025
0xc09e37637687e9556f99515e1882e470f6899e36,0,211.9,211.9,1194.1,,6,6,,454.4,,,,,9.2,7.1,664.8,0,05-02-2025
0x1a767ca9db9d2c6eafed3682b9db662725e70e69,-20222,-1271,35121.5,393855.6,42.9,23,21,-90.8,34813.4,6,0,0,43.9,3954.7,10.4,3800.5,46.7,05-02-2025
0x3a5de7ba44cb591fd89fd9938bd61589320e590b,0,677.5,677.5,677.5,,7,0,,0,,,,,138.9,19.1,16.4,313.6,05-02-2025
0x1f67e0fbaa3b380669ab8fcf777308351c826b62,184.5,1557.1,1557.1,1741.6,100,130,127,0.9,0,1,0,0,177.9,0.5,1.8,,,05-02-2025
0xdedc33db4d1ccb90bcf928ee719129a150e69a8c,0,-41.7,-41.7,-41.7,,1,0,,32.2,,,,,15.2,-5.4,,,05-02-2025
0x68b2e2c5b98d5f895bb5e46848321eace7342c54,-3535.2,12553.6,12553.6,9018.4,100,116,95,6.8,238.4,1,0,0,163.2,0,0,,,05-02-2025
0xe2d985559f559bc7f5075e8c2b528b47a08d4139,26945.7,0,0,26945.7,,0,0,0,18.3,0,0,0,,51.7,5787.1,,,05-02-2025
0x44c7509f70a46006246d74a4c66e21a5c56831c1,0,0,0,0,,1,0,,0,,,,,157.1,8348.7,,,05-02-2025
0xdc06381b02b6de9b1129709d8d5418dfd0817f4f,0,0,0,368565.5,,0,0,0,0,0,0,0,,200,2879.4,,,05-02-2025
0x0dae9f959a78e5783891969d948ade6d3898b4a9,-90679.9,377571.6,1492583.3,7548291.8,100,3001,1841,29.3,6487.4,0,1,0,96.3,62069.4,-13.2,122634.9,-3.3,05-02-2025
0x081ad7accb5a6490b3c143d46850b24fcbd98ac2,0,0,-673.6,-673.6,,12,0,,10.8,,,,,243.7,-11.7,,,05-02-2025
0xfc882025e5b49b599a99c1f88e7a954707085fa9,0,0,0,0,,0,0,,0,,,,,0,0,,,05-02-2025
0xe50974a1fa8d9e25e46a999d843dc1063e330adc,0,0,0,0,,0,0,,0,,,,,0,0,,,05-02-2025
0xbe739c19ae8f28fa06915b290358b97586cb861e,0,-49,-49,-49,,2,0,,60.2,,,,,5,-9.3,0,-0.5,05-02-2025
0xe0c337d35b636c1a088e0dc1dd0c3fe731008406,0,0,0,0,,0,0,,0,,,,,0,0,,,05-02-2025
0xa0471112df11d026559d32a65e3a63a253d1940f,0,-3267.8,2990.5,41230.7,58.5,15329,10740,-6.5,377.5,301,8,4,107.6,4230.5,-2.3,1346.8,92.9,05-02-2025
0x6ecf3a06dbf9117e4c96be273f3626053be193c5,-57.6,7214.5,5894.5,-18598.1,53.2,147,133,150.3,357.4,26,0,0,3,837.1,0.2,2473.1,53.5,05-02-2025
0x253d654416d1bf04d2432abba66fb30b636d921f,0,610.8,610.8,610.8,,0,0,,2531.9,,,,,0,0,,,05-02-2025
0x27d0180360e05c4a49f1806a28f4497f36422b5f,0,-283.7,824.7,824.7,,9,10,,0.6,,,,,59.8,-3.5,706.5,11.1,05-02-2025
0x038d566bcaf39182873858aad84c68c6e9837f79,-151.9,246.1,912.5,5472.9,71.4,8,9,30.8,432.4,5,1,0,6.7,226.8,9,183.1,-42.8,05-02-2025
0x27f0124daf12366a236d248fdd5fc7823415a55b,0,12.1,24.2,24.2,45.5,24,30,1.1,48.3,5,0,1,44.7,45.5,1.6,99.5,-9,05-02-2025
0x053d9be08b5882e3163ea699127f063035730526,-1361.1,-1833,-2430.2,-3791.3,,9,3,,11.2,,,,,464.4,-12.5,,,05-02-2025
0x81f30f27b594b8cd9a5b272979f04ae455b9648e,0,-573.9,9233.7,124903,50.4,967,868,-4.2,210.5,78,2,0,148.3,2553.4,0,189.2,5.1,05-02-2025
0xe986d744dbfefde33d152be5271975d8531bfe65,0,22,363.9,363.9,,3,1,,1.2,,,,,32.5,20.1,106,-7,05-02-2025
0x59490be5d3c09c916afa3639fa5d7dd27f1f5c7a,0,0,0,0,,15,0,,0,,,,,21.3,0,69.5,0,05-02-2025
0x27872ee8f6cf0f4da4a6eae61924afaa86d48482,-2.7,34281.6,33461.7,1094901.7,75.1,3157,3140,68.6,54.3,397,2,5,132.2,38.4,0.4,1096.9,5.3,05-02-2025
0x1371c52aafa858ca285866cf4a3fe36a47779f1b,-363,1166.5,1650.1,2431.1,50,24,20,0.1,102.9,4,0,0,147.5,188.1,-7.5,813.9,-5.5,05-02-2025
0x7e20972f144763ba3f50a153b0110e5405a547bc,0,-974.5,-974.5,-974.5,,86,0,,178.4,,,,,1.6,0,,,05-02-2025
0xa57d12c08ec973c9bf24ad81f4cad7d34e029363,-0.9,0,75.2,3845.3,,0,0,,0,,,,,127.4,1.8,1099.2,15.3,05-02-2025
0x7266ae2f3b3cb92740443ccecbed58fca82afaca,0,0,0,44447.2,,0,0,0,0,0,0,0,,0,0,2900,1532.7,05-02-2025
0x63592054cb5fe83873a63e8130afe0285fb756fd,0,-194,4.4,4.4,,7,6,,6.8,,,,,32.8,-2.2,540.4,-19.2,05-02-2025
0xd889a7723e3d42c8bbd4e40430300112bfb66b8a,-120.1,1090.4,3569.7,7514.8,48.8,191,195,25.4,201.1,22,0,0,12.7,648.5,-5.5,1935.9,3,05-02-2025
0x39fa540a64ab0eaabc11864b9a0e142c6c519ba2,0,0,0,9814.4,,0,0,,0,,,,,230.9,-2.8,,,05-02-2025
0xfa28dc82fcbcbf51ef18126341dee640e9d614e9,0,0,0,0,,0,0,,4.7,,,,,0,0,,,05-02-2025
0x203bc5d7ab1fbdc2174439da79fa539f1b3c9c1c,3.4,0,0,12978.2,,0,0,0,5.5,0,0,0,,0,0,3900,81.8,05-02-2025
0x4324a6c47eb73c7e86427e6dec93b138035a5e47,-7.4,0,0,-7.4,,18,0,,0.4,,,,,50.5,-30,70.5,0,05-02-2025
0x6d82db9d9693af117bbb9f4252f18bf7e4dc6705,-1502.5,1563.9,4561.5,13184.3,,29,39,,2651.4,,,,,694.1,6.7,1627,-4.5,05-02-2025
0xafc56029a6af2db01c5c284d0bdc953d05d26fba,-1721.6,419.4,-4082.2,20074.5,37.1,71,56,11,1916.4,17,0,0,25.7,283.4,-7.9,1819.3,2.2,05-02-2025
0x61e6c1237b34606252347bc83d4fe56a0fec757f,-1302.1,0,1650.3,-1929,,0,0,,1,,,,,292.4,4.7,700.3,-2,05-02-2025
0xfda6e238e69d6d0dbdde649019d4ea87214684b6,0,-27.9,-27.9,-27.9,,10,0,,45.5,,,,,9.8,-28.3,48.1,-13.4,05-02-2025
0xf888dfb1389f54df9e821ad87d8314757c071a3f,0,0,0,0,,0,0,,0,,,,,0,0,,,05-02-2025
0xf78f09f39a61e67e1cf5d26d9ce578288b34c5bf,-69.1,447.9,-111.6,-7073.4,40,54,18,40.7,13.2,4,0,1,112.8,260.7,-5.2,618.5,24.2,05-02-2025
0x187fc7f1321c161bdfb835f2ef676148fe26b8c6,0,65,65,65,,8,3,,141.5,,,,,29.9,0.5,358.4,35.1,05-02-2025
0x4f3392f8b2cb740d0dfe718883670468438ea428,0,-16.9,-16.9,-16.9,,1,0,,23,,,,,28.4,-9,69.2,-29.7,05-02-2025
0x3ab73e95d7df4a795565361e231c64a246ee6505,0,-394.1,3134.4,8722.4,33.3,75,60,-8.6,0,17,0,0,2.4,369,4.1,,,05-02-2025
0xe034fe7c3c5c146a7470b530cde1aa8333b2e407,0,0,0,0,,0,0,,57,,,,,0,0,,,05-02-2025
0x88396b0ec169d8848aca42b54459e09df0a1ef04,0,-8.4,-8.4,-8.4,,1,0,,0,,,,,0,0,,,05-02-2025
0xdeec506c594b0fb49dde2232e548bcdfbce65987,0,0,0,0,,0,0,,0,,,,,0,0,,,05-02-2025
0xd868b0c06da63da1b73dc90da32dea12a6e6f029,0,0,0,0,,0,0,,0,,,,,0,0,,,05-02-2025
0xab00d2edf220696990f9d9f009b119210e2e5915,0,0,1146.6,3863.8,,0,0,,0,,,,,581.7,9.8,1381.4,5.1,05-02-2025
0xf941132a0912e22f4f291827af5e6a2c020973d9,0,0,0,0,,0,0,,0,,,,,0,0,,,05-02-2025
0xe1a4bb4de7c027e6e155803da5e9298fac338e72,0,-908.4,-908.4,-908.4,,1,0,,0,,,,,0,0,,,05-02-2025
0x47eda6fc1a9aa1a287e1dce0ba967159a526cf85,105.2,91.5,91.5,-366.5,,13,5,,10.8,,,,,0,0,,,05-02-2025
0xff4ba33626086fcb2bf0451f274ce12d5f96cff4,0,0,0,0,,0,0,,0,,,,,0,0,,,05-02-2025
0xf64b34a056c930257e723b3504808b7f30e96b46,0,0,0,0,,1,0,,0,,,,,0,0,,,05-02-2025
0x625a7955d4cd99a4236bd883bf3441f2fa1df010,-5.2,0,-0.9,-34.3,,1,0,0,16.8,0,0,0,66.1,2.6,-37.9,4.4,-13.1,05-02-2025
0xefa88dffe52457d23415aead10e710168e129cc5,-10.7,0,2627.2,2616.5,,0,0,,7.2,,,,,0,0,21488.8,15.7,05-02-2025
0x98af06f399017ef4c07b98f82619e0a70f0066e8,0,0,-705.1,-705.1,,0,0,,0,,,,,362.2,0,904.2,8.5,05-02-2025
0x7c40c792f376d2921854faa4c52985b906aae2f3,0,228827.8,97276.5,-321952.3,68.3,8016,5544,-2.2,482.3,36,0,0,27.2,187011.5,2.4,,,05-02-2025
0xf27c50b1f35b8a8b37dd43a1e731a2cdd7327657,0,0,0,0,,0,0,,0,,,,,0,0,,,05-02-2025
0x4f1ab19c6c8befedcdcf7627a3e08bc86480e79c,-0.1,0,413,413,,0,0,,9.8,,,,,0,0,362.1,-15.3,05-02-2025
0xea016433afe82fe1aa693feec5185aa1aceff67c,0,0,0,0,,0,0,,0,,,,,0,0,,,05-02-2025
0x2a9d956ac0181f341f17dbd80d0b4dc8857a8a40,0,71.8,-903.7,-1618.3,50,11,11,9,315.2,4,0,0,2.2,66.9,-12.7,155,-22.7,05-02-2025
0x1586d435ea7ef37bde5f04c0b67d1161574324e8,-1562.6,1333.7,1333.7,-228.9,50,11,5,333.4,147.5,3,0,0,38.6,0,0,,,05-02-2025
0x4f8f6bf8f5c311b28cbc37ebab37cce4a7f78a26,0,-1475.2,1166.4,-205.5,,0,2,,21.6,,,,,656.1,-8.5,5118.4,-27.3,05-02-2025
0x1885055ca3f1856d5fc1ab806ecbbefa88b1643d,0,0,0,0,,0,0,,0,,,,,0,0,,,05-02-2025
0xa1d15230a5cbd3766b493c7f1757fd5917aa4ec5,-1.1,264.7,264.7,3070.8,,2,2,,0,,,,,325.3,2.3,492.7,-17.5,05-02-2025
0x5e06a23efd6406ffbbf1450bb002f52eed0a259c,0,-100.7,-81.1,-265.2,,30,24,,1.2,,,,,53.7,-3.1,459.8,-10.2,05-02-2025
0xe6c58afcf1f0c5d982293799d62bd67ee8f291eb,0,0,0,0,,0,0,,0,,,,,0,0,,,05-02-2025
0xd9887747071af0ef2412e8ad326f45dc1cd99113,0,0,0,0,,0,0,,7.5,,,,,0,0,,,05-02-2025
0xf4486bf2b35a227cc579204057c2e1369f0c1262,0,0,3.7,-5333.4,,0,0,0,0,0,0,0,,0,0,2204.3,-24,05-02-2025
0x481a08f9147345a04fbaa7c472a7f19cd93c0c33,0,0,0,0,,0,0,,0,,,,,0,0,,,05-02-2025
0xe63b7b46873e7809b951e21d7563c0d41c937396,0,517.7,517.7,517.7,,1,4,,6064.4,,,,,0,0,,,05-02-2025
0x2034d45eff530f27500eb7b45f42399602a040f8,22714.6,0,0,22714.6,,0,0,0,18.6,0,0,0,,42.7,3326.8,,,05-02-2025
0xf68a652ad1c642e3d799ab7ffeb1ee8b50a6f470,0,1299,1299,1299,100,2,3,0.7,0,1,0,0,143.6,0,0,,,05-02-2025
0xb5a636535cdb5c46bc22ee2d0281b2197649dd2a,45.2,0,171.3,90.2,,3,0,,271.4,,,,,0,0,,,05-02-2025
0x1c9751185ec734c7953d82b35e3ef14acb4dc09f,-70.6,-52.5,-236.6,-398.9,,9,11,,8.1,,,,,16.4,-24.1,28.6,-25.4,05-02-2025
0x85e41cbc1f83e06225c8a81ca9df82906c7e3385,0,0,-49.1,-64.5,,0,0,,28.2,,,,,24.5,242.6,,,05-02-2025
0x34ebf2bc2354167593ca7f016c54c2b084a0a45d,0,3003,4332.1,5840.6,30,12,18,0.2,751.5,1,2,0,3.8,333.6,28.4,,,05-02-2025
0x77e6cebb3e06f7005691ca792a9c1f3a466fc1aa,0,4.9,4.9,4.9,,8,0,,9,,,,,2.5,0,,,05-02-2025
0x503395feca0575968b3336a85721b46543b4c2d8,2.5,2237.5,2237.5,2240.1,100,207,219,1.2,58.6,1,0,0,177.9,0.1,0.7,,,05-02-2025
0x5d519b14f94b9823c76adf16f7334f2eed8ed56e,-27.8,0,0,-27.8,,17,0,,0.4,,,,,62.1,-64.7,85.9,-66.7,05-02-2025
0x4429693966ebd9d8a13053bde8a708055f639b42,0,1426.9,1426.9,1426.9,,13,0,,4732.1,,,,,0,0,,,05-02-2025
0x4c4fd89e009e772a6b8abb1bd625f257aec91a5b,0,0,0,0,,1,0,,0,,,,,84.6,17219.2,,,05-02-2025
0x446e0a8822305d82c8e0c7155b6c65fa18a5e287,-242.3,0,129.2,-878.1,,0,0,,0,,,,,0,0,,,05-02-2025
0x9bbb2ee2b6ae4cf122adb9a33ec7dac462ad484e,0,27.1,27.1,27.1,,0,0,,0,,,,,6.4,16.4,10,-17.1,05-02-2025
0xdbe462841fa4cd115dd670bbd6fdba71a2548789,0,120.6,120.6,120.6,,9,0,,0,,,,,215.9,-2.7,116.4,-25.5,05-02-2025
0xf29a32073c35f228144f3d4b787d76f47ed3771f,-9753,12613.7,17713.7,5609.8,66.7,73,13,2102.3,1005.1,5,0,0,64.8,333.3,-6.7,1888.6,-44.6,05-02-2025
0x8af846d0751fe420f940a97b0ed3fdb0cb6ae80a,0,-13.3,-13.3,-13.3,,2,0,,3.6,,,,,0.5,0,101.1,0,05-02-2025
0xf6b47ad12a7bfb30d6f772664e491f82be3355a2,0,0,0,0,,1,0,,0,,,,,2.6,1.5,,,05-02-2025
0x05b26c6d5fb9f05118b6cbde65a9045f1b782ccb,0,0,0,8982.9,,0,0,,0,,,,,1359.3,-1.9,91389.5,-11.1,05-02-2025
0x98c520224047bddd7dcae3a6590dfdbdafb45300,1412.1,71,-16.9,1395.2,,7,7,,5.6,,,,,34.4,14.2,231.4,113.3,05-02-2025
0x2a12dd2b6f542a38241217840113be0fbf7dd5f0,-1985.8,0,0,232068.2,,0,0,,201.2,,,,,0,0,2405,-98.7,05-02-2025
0x76b663263777b8f8a48b375e7bb8787e5e2df90a,0,4878.4,4878.4,4878.4,35,284,319,0.1,424.5,35,0,0,51.1,565.7,-1.5,3359,5.2,05-02-2025
0xfc4ec377f77f8c0ec5bc26dbb06ac03e2afdf64c,0,0,0,0,,0,0,,0,,,,,0,0,,,05-02-2025
0x301dc57d496cfe9004f5d4b14ed3c8a9f4b7d1a6,0,46.9,46.9,46.9,100,9,1,0,0,1,0,0,1.1,820.6,5.7,,,05-02-2025
0x68a192d77befce9cfd7f494a12d7685b47b15a35,0,0,0,2.4,,1,0,0,565.9,0,0,0,0,10.6,0,,,05-02-2025
0xee8ed4c82bca82c564b628b86417db07f619bc2e,0,0,762.7,32858.4,0,0,282,0,2893.3,65,0,0,,0,0,,,05-02-2025
0xe16608595a81243d47c4bbb05ff5d486a22b06f7,0,0,0,0,,0,0,,0,,,,,0,0,,,05-02-2025
0x6d7da01abebd40e91dc238161860afc8ae0cd179,0,0,0,980503.9,,0,0,,11.2,,,,,0,0,,,05-02-2025
0xe33fd68ca4356adadcc54ecf90ef03c7114b13f2,0,0,0,0,,0,0,,0,,,,,0,0,,,05-02-2025
0x6ede098ef7973423a9515b8fe09e28999c8b2c46,-0.1,33.9,33.9,-81.9,,12,11,,47.6,,,,,18.1,-6.1,78.3,-26.6,05-02-2025
0x8f900445c23f9f037cbb10dfb96ab39c5c9d8b8a,-9.3,0,0,-9.3,,0,0,,0.5,,,,,0,0,,,05-02-2025
0x0424120ef9f9889bd6d176d0cd94dd3153743aa8,22778,1858.8,1858.8,24636.8,100,44,43,1,0,0,0,1,177.9,0.1,-12.9,2221.9,1108.8,05-02-2025
0xdd95c075db48b3dce1e54df3c156180568a4be28,-590.8,1715.5,-2555.5,-17678.1,61.2,1375,861,21.7,26.7,17,0,0,1528.8,2396.8,-4.7,8497.3,-7.2,05-02-2025
0x2e6701982f06465ba82e5ec06a82807272072c33,0,0,0,0,,1,0,,108.6,,,,,0,0,,,05-02-2025
0xa91757163f9e228352c690136d6bc91bff38e7c6,0,0,0,0,,1,0,,85.1,,,,,0,0,,,05-02-2025
0x3fd4e9e1d9e89f6695342a4ae3d714b51b19af64,5216.6,244.6,244.6,5461.2,,0,1,,1726.2,,,,,,,1513.1,360.9,05-02-2025
0x69acfdb88ec64aabc48819fc7401191ad28f45cc,0,0,0,0,,0,0,,60.3,,,,,0,0,,,05-02-2025
0x7fd5ff4e6be7ac329dd6fc0f8264d067a411c9e8,-33.8,234.2,102,33.5,22.7,26,30,0,198.2,7,0,1,16.5,8.6,-1.1,,,05-02-2025
0xcb0c7ee3ab3f5ab803f5f8e5c52583aa66a1c2e3,0,-188.6,-188.6,-188.6,33.3,65,0,-62.9,80.7,1,0,0,51.2,26.8,32250.2,38.9,13.9,05-02-2025
0x0c02487942a905779c5cd9e5199330c5bdfce636,3.1,0,14.4,55.5,,0,0,,0,,,,,68.5,11.4,35.2,-2.4,05-02-2025
0xf49b7f42723b2fcda4d634a5b1ac0b5222cbcd22,-0.1,-477.6,-2977.8,-21352.4,,5,5,,0,,,,,4273.8,-21,3316.3,-14.2,05-02-2025
0xf3e84ca08741bec6f0c76eebafa95d53115db891,1766.2,23948.4,23948.4,25714.6,60,21,25,0.9,39830.4,3,2,1,31.1,330.7,27.1,281.7,-58.4,05-02-2025
0x3a4b756acfb8e9722aefc6e82dc36ec53c3928c6,-23.9,-230.2,-1470.3,-3065.8,,180,159,,10.8,,,,,43.3,-2.9,710.4,-11.9,05-02-2025
0x6dd60e2154d0bca158e904a5104d3033da8597a3,0,0,4145.1,3971.2,,0,0,,0.4,,,,,1630.4,10.5,,,05-02-2025
0xe0bff355df36f6468cd9b3ec3f759a6a079e23fe,0,0,227.3,3182.4,,0,0,,0,,,,,56.4,-7,522.6,62.8,05-02-2025
0x8fcd1bf6a6033bcf815b75f1883c49251646dc88,0,1521.5,2216.4,-3664.4,50,10,24,253.6,5327.4,4,0,0,147,520.8,-2.4,1193.8,-2.2,05-02-2025
0xe91ea939d46adeae1ef17eb4ffbd79b1ba3e54c2,0,0,0,0,,0,0,,0,,,,,0,0,,,05-02-2025
0x4cb3ee8307ba05726523e90eff322cfbeae6f75c,-23.1,0,-24,-64.1,,0,0,,0,,,,,1.1,7.8,7.6,-4.8,05-02-2025
0x4b0316b8b1b7d2ffe75cb20b080d5e9078f3d460,0,0,0,0,,1,0,,0.7,,,,,3.2,-11.2,5.4,0,05-02-2025
0x426974667596f319eb56969af807ce234f4fa519,0,0,-1127.5,-1127.5,,0,0,,0.1,,,,,251.9,-25.2,,,05-02-2025
0xe2e69fa9b75b158a836690de818aca9fe3607f5d,0,0,0,0,,0,0,,0,,,,,0,0,,,05-02-2025
0x20ddb95809fe02c935aff19f88414b08d63de049,0,0,0,957418.2,,0,0,0,0,0,0,0,,62.5,23935.5,,,05-02-2025
0xe04761ce52d174a73fcf4b3599fd247b7edb26e5,-61.8,0,0,-61.8,,4,0,,0.4,,,,,49,-21.1,,,05-02-2025
0xd2935e3f8fc996b383c1a6ecf884e36ef01eb2ea,4946.2,0,0,4946.2,,2,0,,66.5,,,,,388.5,316.5,,,05-02-2025
0x13f7e2c83d7a417e73323acb720d54654a476754,-9737.8,-914.4,-5310.2,14005.2,32.3,43,49,-29.5,4203.1,11,0,0,152,380.7,-8.2,989.7,-0.1,05-02-2025
0xf5bd22e49aa03d7339482f5e79edb9c12445d5cf,-34.5,54.7,54.7,20.2,100,23,11,0,58.7,1,0,0,0.9,1118.9,0.6,,,05-02-2025
0x2f75ab0a131d7ff0f79ab38416ce9a0a1ac622f2,0,113.9,113.9,64.8,100,0,2,0.1,5.1,1,0,0,1927.2,0,0,,,05-02-2025
0x577609823568b5e4446d41572fef31ccf73abf7b,0,7560.2,7560.2,7560.2,100,8,12,4.2,0,0,0,1,143.6,0,0,,,05-02-2025
0x77e765002ee96affa9bc8935b4106d1dc970ac7f,0,0,0,0,,1,0,,1414.6,,,,,0,0,,,05-02-2025
0x4d9490e8d36a3ade83e35842e5dbe1afc76b4c27,0,0,8.7,8.7,,0,0,,0,,,,,0,0,,,05-02-2025
0x427403e78504a7af5a57fd2c547874930ab98de7,18802,1618.9,1618.9,20420.9,100,2,3,0.9,36.1,0,0,1,163.9,526.8,935.2,,,05-02-2025
0x3fb4d41b7c1e9ad85636d8c809f68731346cbe00,-1404,0,150.4,226014.9,,0,0,,18116.2,0,0,0,,1241.8,0.7,3250.8,-24,05-02-2025
0xeefa67fa1a812bbe4abe57c60b3a47c0eb7b5809,0,0,0,0,,0,0,,3.6,,,,,0,0,,,05-02-2025
0x4ceed34c0adf2bfa7f4b5883d6bf7e4e23fc486f,0,8164.7,8164.7,8164.7,,32,0,,1812.6,,,,,0,0,,,05-02-2025
0xb9dd42f372c85ab053d8a24da3f77e28467603bb,0,0,0,0,,1,0,,0,,,,,0,0,,,05-02-2025
0xc98cc461427edbf34c6b3535100c45e7dc931084,-6.7,32.7,32.7,26,,5,2,,60.3,,,,,110.2,91,,,05-02-2025
0xcc1a94dcc0f0c73569a38439d2539bd5eac1a166,0,3312.5,3312.5,3312.5,,10,0,,10,,,,,0,0,,,05-02-2025
0x88d1692697744146e1cc2eab613c1d62c05b83aa,0,2102.5,2905.3,3238.3,75,23,28,0.1,1291.6,11,0,1,11.3,145.6,-0.6,575,33.5,05-02-2025
0x42bf54dfdd868ad8414e8ebd60a637e5453d600e,375.8,0,0,375.8,,1,0,,11.8,,,,,0.3,31417,,,05-02-2025
0x5d6d8f079dd6c044abe4051295d77dc45c7e3d3b,-130.3,-1147.8,-3872.9,-4391.1,,208,230,,26.3,,,,,0,0,,,05-02-2025
0xfff2ad4f2ffed5faef2875167af0a233a7d857ca,0,-230603,106417.8,541386.9,44.9,262,252,-2562.3,23.2,76,1,0,148.5,133009.1,3.6,3,167.6,05-02-2025
0x5ba38667e10812c8aeee410faf0c293d8a97f2bb,-156.4,0,0,-156.4,,41,0,,0,,,,,46.9,-45.8,71.3,-8,05-02-2025
0xfea15fda9421226be195f7794e0d8ba39f8355d2,-2382,82,124.6,2418.1,57.1,17,20,10.2,82.6,5,0,0,54.3,51.7,-2.4,73.5,-77.9,05-02-2025
0x282f58955234e6d49aa1be9273dd08d0d4451647,0,1696.1,1696.1,1696.1,100,2,4,0.9,0,1,0,0,143.6,0,0,,,05-02-2025
0xe81e853ab25d09bd977e7d52b2b36b383cfdd806,-158418.7,357711.4,1341380.8,6900418.6,,3426,1829,,0.4,,,,,43853.8,-9.7,135663.1,-2.7,05-02-2025
0x9564d836440240502825d043d35778ebc4af85e0,0,-12.4,-12.4,-12.4,,16,0,,0,,,,,3.4,-1.3,,,05-02-2025
0xff68b30a5dc99c992556c0412551c0e75faa852c,0,0,0,0,,0,0,,0,,,,,0,0,,,05-02-2025
0xda9739b7496f0e986a6d5390d2404096800deaa9,0,0,0,0,,0,0,,0,,,,,0,0,,,05-02-2025
0x98dc7e1b07073588c0f9a5fe7c28a61a93b15f8a,0,0,0,0,,0,0,0,0,0,0,0,,0,0,,,05-02-2025
0xc13f6334f108d4c6dc78a4fb14cd163b55c7980a,0,0,819.7,475.8,,0,0,,0,,,,,0,0,437.6,185.1,05-02-2025
0xa538344a0550e0b900fd5acc6619752f60a0d202,0,6148.1,6148.1,6148.1,100,3,3,3.3,60.3,0,0,1,156.1,0,0,1138.3,1051.2,05-02-2025
0x673d3de0157bf946564de69cf3bb32191a829fc9,0,8.5,8.5,8.5,,1838,0,,0,,,,,0,0,,,05-02-2025
0xba75692e3ef1b565465cb369a70ddb647e933c72,8333.8,0,0,8544.9,,0,0,0,125.6,0,0,0,,345.6,618.1,,,05-02-2025
0x6c59fa5eddde29a72eb4e7451846a6fe99335746,0,0.7,0.7,0.7,,4,0,,0.9,,,,,0,0,,,05-02-2025
0x5147d72596af8cbcd03ebf3173ad8a675b25e182,0,0,779.2,1911.6,,0,0,,0.5,,,,,53.5,-13.1,525.2,7.5,05-02-2025
0xfff5a97725c91294b1f15f19de3d8c3d223b78c8,-190.4,-717.6,1083.4,-902.5,40,52,26,0.1,194.5,7,2,0,84.9,181,8,1449.1,-9.4,05-02-2025
0x4bfaf26282dcc8b270a5e47cbbcf74e2c32b25bd,0,411,-274.2,-274.2,,36,42,,74.8,,,,,52.3,-15.8,720.7,-12.9,05-02-2025
0x91e6ab17c0d5cc07d2c4a8dae75c09bb050797d4,0,0,898.6,898.6,,7,0,,0,,,,,10.7,-5.1,536,-7.4,05-02-2025
0x963d33c34f3d49f52b8c9f8327e4f7ec2742bf35,-26588.2,492.1,-3684.5,18815.2,50,9,4,61.5,8577.6,6,0,0,56,135,-45.5,343.9,-36.1,05-02-2025
0x663b3bed1c822c942c97ee1e255b5f4914ef1d57,0,-4.8,-4.8,-54,,0,1,,6.2,,,,,0,0,23.6,-23.5,05-02-2025
0x2ba20725ed5aeb7f4f43ec7bcd83f6499fa48221,0,-690.7,-690.7,-690.7,,10,0,,200.6,,,,,44.8,-12.4,299.7,-35.5,05-02-2025
0xdee10ae78f033bb971ba87eb5c38c79364fd1be7,-309.6,-5248.1,-11983.5,155854,0,4,6,-583.1,1763.2,3,0,0,45.6,819.4,-44.8,1681.3,-38.6,05-02-2025
0x69fb5e8cd8dd2ce14795248616435db38e14a585,-110.7,0,0,-110.7,,40,0,,0,,,,,42.8,-42.9,72.1,-10.7,05-02-2025
0xa2cbe8acfda8b76395ff45e0aa21d4f83c9ced31,0,339.5,13906.1,65485.2,62.5,8,6,42.4,3214.3,5,0,0,0.8,404.6,66.2,900.3,29,05-02-2025
0x37990be2d1daf2579b8fd990b6719fcb890bdbda,373.4,284.9,-690.6,-340.4,,0,1,,9.5,,,,,23,1.2,1430.1,-33.4,05-02-2025
0x0c54d6c90e25b752abad0a3cbf3f49210ba551a8,0,0,0,0,,0,0,,0,,,,,0,0,,,05-02-2025
0xb9e0d1a6fa3847c7c098f83b2b1f9cd1eeecbe36,0,170,283.8,-492.1,53.3,2451,2182,0.3,62.2,294,9,8,160.9,198.8,10646.6,150.4,-11,05-02-2025
0x030079e8068109a24cee437195e40cdcfa97db21,-192.8,3134.2,3414.9,20500.8,,63,66,,11.3,,,,,169.8,1.9,342.6,-14.2,05-02-2025
0x7f59c97711248d38c89379be59439ae391c3df51,0,0.4,0.4,0.4,,1,0,,0,,,,,0.9,0,0.9,0,05-02-2025
0x2aed2de963f2f335947cd90e6bdaf2c859b618cd,-995.3,-481.6,464.5,4034.8,,82,69,,135.9,,,,,284.7,-24.8,816.1,-5,05-02-2025
0xd780fad818cfcf936ce00cb7225c061d6eb70dbc,0,0,1993,2409.2,,0,0,,5,,,,,336.9,12.9,,,05-02-2025
0x27bd11f9462f05d423f2865cd479bbccab7cd8f3,-555.1,1376,1767.3,-1402.9,50,8,7,0.2,1456,2,0,0,126.3,280.8,-21.2,1443.2,-19.2,05-02-2025
0x2e73adb87d7f159120ad1c975cbcc4e6a9a5063b,0,398.1,547.1,547.1,71.4,20,28,28.4,200.7,10,0,0,4.3,58.9,15.3,134.3,10.1,05-02-2025
0xb799f53ded2fa8889d1824b6a88f73399b1dd122,0,-83.1,79.1,1031.9,,54,46,,0,,,,,194.1,-4.4,852.1,3.2,05-02-2025
0x9cf95e21a6c9d923997e9042e184e270f29edeeb,-210.3,-34.3,-34.3,1010.3,,3,2,,79.8,,,,,103,-7.8,179.8,-35.9,05-02-2025
0x1ec388259193e66b5b8a038c914f187abbe8e071,0,7284.5,10670.3,30549.3,,0,1,,6.2,,,,,182.2,31,2861.8,85.7,05-02-2025
0x42de5c22fa4cbdc537f13578a52fad1b79ddee51,-920.8,5210.7,18359,111475.8,65,79,55,248.1,312.6,14,0,0,46.8,1078.2,-0.5,970.8,-4.7,05-02-2025
0x91a46f31ba2a772a0dd30b479cae025eb2acff7d,0,0,7846.4,356802.4,,0,0,0,0,0,0,0,,1839.6,3.1,3085,30.8,05-02-2025
0x85b24e292f87f300e4ded44ca0871e13cebdb356,-961.9,311.1,-2734.6,-6108.7,,27,20,,7.9,,,,,647,-9.7,1379.2,-1.6,05-02-2025
0x882dc3f922574ea75713ce500166636b6abb2acf,-32,689.9,2307.7,2275.7,25.6,53,54,17.2,401.4,11,0,0,2.6,385.7,-1.2,118.4,-30.1,05-02-2025
0x900452915253fa646700740e1c70c188c17617fb,-265.1,0,0,-265.1,,5,0,,0.4,,,,,60.3,-73.5,63.4,-100,05-02-2025
0x098fa4df05ccac47f7b02655985d620604fe33c8,-171.6,2343.7,2343.7,27392.6,100,1,1,2343.7,0,0,1,0,0.7,1399,15.4,3765.7,-3.7,05-02-2025
0x76296c9a8270fa2d11ea68e816a6a449ea7aad48,0,-24.9,-24.9,-24.9,,9,0,,0,,,,,25.1,2.9,,,05-02-2025
0xd20080af6a7010cc4746a33c36f4b41a1034e25c,186.4,542.7,-983.8,-1406.8,,6,6,,1235.4,,,,,432.7,-15.9,1519.2,1.9,05-02-2025
0xc119a6e19e73a7d425ef81489a20e90115f2c3a1,0,0,0,0,0,0,2,0,0,1,0,0,,0,0,,,05-02-2025
0x3ec7042c33dc478fe0263a4b1571727c711b0969,0,32.6,32.6,32.6,20,43,48,0,744.5,6,0,0,0.3,51,-1.8,30,-5.4,05-02-2025
0x9c5abdc51d1c660bbd0baa4b2bb6e52501a615ea,-106.3,0,-1301.7,-1408,,0,0,,5.7,,,,,128.4,-2.8,404.2,-29,05-02-2025
0x2d968eac8d7c34d8732d9dec8f0d93ab33380fda,0,0,0,-20,,0,0,,16.7,,,,,0,0,,,05-02-2025
0x2572c187796ca44c5b00fbbd1c1794291e897342,0,5628.8,72529,319383.8,36.7,56,52,187.6,18248.8,11,0,0,0.9,1896.5,-5,,,05-02-2025
0x5b6211081130165ef3ce7841fe69f8714d0ecde7,0,-1493.8,-4995.8,34579.2,61.2,15472,11949,-3,427.6,310,4,3,83.8,446,6.3,548.3,-10.5,05-02-2025
0x2b2351a74d744404a895a4433602852ee6a4567d,0,535.1,58571,88870.7,8.9,180,193,0,6479,16,0,0,0.1,972.3,-0.9,,,05-02-2025
0x6b0eaaf2eadbef9b9ab3df3f90a9da782acf66cc,0,16856.9,17018.9,17262.5,,7,7,,24114.3,,,,,135.1,0,,,05-02-2025
0xf91990cb03762e268833bd4d80c0568d3f0614fc,0,-1353.1,-1353.1,-1353.1,,22,17,,60.3,,,,,331,-20.6,,,05-02-2025
0xe9207cff32c5e535bb6dbbc81f389a52e83014a3,0,43.2,43.2,43.2,,10,0,,0,,,,,,,800,5.4,05-02-2025
0x1f5ffa4c6f70666a48b9f7c4c09c8ab4e86f29ec,-9288,0,408.3,76343.7,,0,0,,1496.4,,,,,130.5,-29.4,327.7,24.5,05-02-2025
0xbf004bff64725914ee36d03b87d6965b0ced4903,-126.1,1617.7,1617.7,1491.6,71.4,21,14,179.7,14561.8,7,0,0,12.3,42.3,0.5,1804.1,-7.9,05-02-2025
0x89c6aefa514fa1af7250d095a0444ba491d7b83e,418.1,0,0,1055745.6,,0,0,,556,,,,,0,0,,,05-02-2025
0x646ebecf926ab88d69c9b45a9cfb69932b61fe92,0,0,0,0,,1,0,,0,,,,,0,0,,,05-02-2025
0xc349981f452b07fb5446b915603fda3a62fba7cf,0,0,0,0,,0,0,,1.8,,,,,0,0,,,05-02-2025
0x7e9c6061af37482f7873d687bc5c7d663286ac40,0,0,0,563.7,,0,0,,8,,,,,603.2,14,2624.5,-17.8,05-02-2025
0xf8050367679bb3d23fffd142b4c6a3ec9a4b0009,0,24.6,106.6,104.1,,2,3,,14.8,,,,,41.4,-2.1,104.4,-11.9,05-02-2025
0x20113209224a5d0a48127d0eee3171c01d5390d4,0,148.9,148.9,148.9,,6,3,,0.1,,,,,0,0,,,05-02-2025
0x264ab17adf4df25333152da9eb6d5e3537b16765,6806.3,229.7,229.7,11349.2,50,2,2,0.7,91.1,0,1,1,722.4,181.3,173,,,05-02-2025
0xff30a1808ffef3a1defc6d40fc319ee7333ffe61,0,13901.5,13901.5,13901.5,100,2,2,7.6,0,1,0,0,4.2,,,,,05-02-2025
0x5f856374b9ee93a4e437a8a2455f578af41705ce,-5232.9,2734.1,10957.9,169245.2,33.3,15,18,210.3,5245.7,4,1,0,7.4,630.5,23.3,1429.1,-54.5,05-02-2025
0x5d194146a908f3dde33e0a102dbe93ae96eb4e40,0,0,0,26.2,,0,0,0,0,0,0,0,,0,0,,,05-02-2025
0x0721eecab0800f24a11f8f349f84cdb7e8dbbcc1,0,48.8,339,1793.3,97.2,2208,688,,292,0,0,0,,535.8,0.2,175.2,0.5,05-02-2025
0x1ad1b85a14a79abe3c31dcdef7c9523a54d2598a,-0.3,1044.4,810.1,715.2,50,7,6,0.3,0,1,0,0,18.9,0,0,390.5,-37.6,05-02-2025
0x759ca8c96d77adde824dee9a3be77fb3263e9ab5,0,0,166.3,166.3,,12,0,,9.7,,,,,316.6,-7,,,05-02-2025
0x653615bdab158326b20daa8b524df29b7dbe8a29,0,-2.1,-595.5,-595.5,,1816,0,,1019.1,,,,,162.6,0,1498.9,0,05-02-2025
0x54c0aea0c7ad2f097fdf9576758cb19e2b972e85,0,0,0,384766.9,,0,0,0,0,0,0,0,,18.8,32063.9,,,05-02-2025
0x7d2628125c6013787b588b73ca34a2c7953daea9,0,498.2,2687.9,4744.1,73.3,19,17,33.2,1367.6,11,0,0,0,237,3.5,313.2,20.4,05-02-2025
0x36a727e0be02618694bc997f948609a6b8e8ec9a,0,1409.6,1899.7,4617.6,75,17,27,352.4,33.8,3,0,0,30.3,7.5,-2.3,187.3,1.1,05-02-2025
0xf89a9566125ab14c370cc48f72860785ed5443cb,-211.9,-118.7,8440.8,8525,20.1,386,385,0,16.5,59,1,0,0.2,6,0.3,,,05-02-2025
0xe4184b3a79c7369dc4d90b5f97aab8b9f17fa5cf,-86.9,23.9,15.3,-71.6,28.6,30,15,0,5.7,3,0,0,819.4,470.9,-13.1,,,05-02-2025
0x36d0e7ce816a101dbafaf327163863ed8c1c6994,0,1663.2,-3714.4,-3714.4,,42,40,,246.9,,,,,261.2,7.6,2219.9,-14.5,05-02-2025
0x6e503887880152066d69a4a970b854244b9936ed,-4.7,132,132,366.8,,0,0,,0,,,,,66.8,-3.1,,,05-02-2025
0x404943040ebc7922cca7eda468cabf5fafe01f47,0,-131.5,-1895.2,-333.2,,2,2,,364,,,,,220,-8.5,505.1,-15.2,05-02-2025
0xaa0bb83ab9422ade515d3fd6223af42100fb0427,0,0,1447.8,1567.7,,0,0,,0,,,,,891.4,8.6,,,05-02-2025
0x7be82e353d737c8df2f7160a26ee89cc79d3bc12,18704.6,0,0,18704.6,,1,0,,15.2,,,,,36.3,12390.8,,,05-02-2025
0x871e8097878cb935cc76e1678ea4eafeb70c461f,-183.9,-300.1,-244.9,8419.7,10.3,35,33,0,4.6,3,0,0,25.9,24.7,-22.3,49.1,-10.2,05-02-2025
0xc3109239602fdb80ecaa2715f93e0e40f9350887,0,0,0,0,,1,0,,2.2,,,,,3,38.2,5,0,05-02-2025
0x21dea681fa5ea6fe16868c7338f089d934679194,-27.3,-540.4,-540.4,-567.7,,21,2,,60.3,,,,,40.5,-6.1,,,05-02-2025
0x8d9ed236da5aada1b983bfbcb1d74ac56c7c5a35,0,126.4,1571.6,10062,42.9,8,8,0,342.4,3,0,0,0.3,220.9,17.6,317.1,-30.5,05-02-2025
0x2a60fd5a58957030d909f4a6d0928a6ce1936d57,-523,0,0,9510.5,,0,0,,0,,,,,17,-21.7,16.8,-23.7,05-02-2025
0x14cc09f9074bc17232ca169e7243ead787b38ca3,0,2672.6,5978.2,5978.2,56.5,383,210,0,516.8,41,1,0,4.1,832,10.1,311.6,1.5,05-02-2025
0x2ee059a291fc9ba0f4c2333a12d5d9d3d493ccab,0,0,-1.6,-105.3,50,0,3,0,16.7,2,0,0,8.7,0,0,312,-38,05-02-2025
0x8ae8d212bd1df4916920545c18f461eb274f966a,166,324.8,324.8,490.8,,0,1,,26,,,,,0,0,,,05-02-2025
0xfeeca7edd8129d8dffdbe26519505f66af1765d2,0,3961.6,3961.6,3961.6,100,8,6,2.2,0,0,0,1,143.8,0,0,,,05-02-2025
0xeab89167bc1cce5841071a291a326898edf3e05c,9957.8,742,742,10699.8,,56,52,,0,,,,,10.4,4.6,1226.2,871.4,05-02-2025
0xfadfcb7b72beae86ec995d15dcf694c2923e9b7e,0,55,148.6,391.1,100,34,31,0.2,2.3,1,0,0,3.7,0,0,,,05-02-2025
0x0eff4fd498ce214face00f9d5f2b6d4295f05585,0,193.6,193.6,193.6,,12,15,,248.8,,,,,0.6,0,144.3,21.6,05-02-2025
0xfde70cae8e0d049f01e1f07f63c5139de86fbb44,0,0,0,0,,0,0,,0,,,,,0,0,,,05-02-2025
0xad8d50fce02173d414f8aada0192d5a072c5f9ba,-206,0,0,2811.5,,0,0,0,9.9,0,0,0,,928.9,2.9,886.1,-13.1,05-02-2025
0x42b6c2b9dd10bdb89660bc7737de63a7576d1c03,-20.8,1380.1,3748.3,4011.7,75,6,5,345,0,2,0,0,98.1,44.5,-15.8,1085,-23.2,05-02-2025
0x383a1113cdc8b9be8fede8e65fd7b0dc2dbc1fae,0,2620.4,-5201.9,30433,65,16566,16421,5.2,368.9,292,6,8,182.3,1391.5,-14.9,186,-1.6,05-02-2025
0xc4333f69a389497956e829a94bf6dfaeb4ff270d,306,232.9,-205.5,100.5,26.9,62,72,7.5,3.6,11,1,0,53.7,56.1,-12.5,383.6,40.6,05-02-2025
0xd2d4a66899911719c37e2fc5fac8aed1dfd8da3f,0,222.7,1174.3,18580,76.4,5293,4639,0,4.2,224,3,1,190.8,214.6,153.7,360.7,1.6,05-02-2025
0x4e14342cf291098061ad8666295cb5815646998c,0,130.3,45.4,3815.4,,8,9,,122,,,,,199.3,-1.5,,,05-02-2025
0xdb244356c658513568d6b075a40af8faf3be5866,1213.8,26.8,23.2,-43.1,,20,19,,4.4,,,,,113.8,-10.5,317.4,8.3,05-02-2025
0x3ce356e5c1630345509c07c398c9919f7076344e,0,0.2,0.2,0.2,100,1,1,0,0,1,0,0,112.7,0,0,,,05-02-2025
0x9c7d8e3b174c5ff339de5b004257043f887b4db2,-93.6,-4.4,1258.9,1174.3,,1,2,,3.3,,,,,282.1,-0.6,789.8,-13.1,05-02-2025
0xb81fdd45344bb2e69fa759b84b0f3e0a506bac46,0,0,0,0,,0,0,,1.5,,,,,0,0,,,05-02-2025
0x12ed93776c68f51a9dacf67128047349c33ab844,0,0,0,0,,0,0,,0,,,,,0,0,,,05-02-2025
0x05c88f7185f0f03f1f21c3931fa83e4dc528acd5,0,-73.2,-73.2,-73.2,33.3,13,0,-24.4,5,1,0,0,939.4,6.8,0,,,05-02-2025
0x659194b3318ca343c6be2fc5c949d23c617fb1a8,0,0,0,0,,0,0,,0,,,,,,,,,05-02-2025
0x44528d2343691c743cf1887a49f97a160e6b3d59,0,4.1,4.1,4.1,,1,0,,15.1,,,,,6.5,19.2,,,05-02-2025
0x678607cbb5faac90fba739d9218a3ac145aa74e9,0,-4.6,-4.6,-4.6,,9,0,,13.3,,,,,2.3,-4.3,3.5,-3.8,05-02-2025
0x91a7e2f988a448d60b60d1778529117c32a48195,0,141.3,-29.6,-29.6,,32,3,,59.8,,,,,318.8,7,357.9,2.5,05-02-2025
0x42061145aae111c8893828d86f00a64e0f7f0321,0,-5615.4,-5615.4,-5615.4,,37,0,,0.7,,,,,62.2,-4.9,28.6,-19.7,05-02-2025
0xeb139deec632c95d765d2bb25c2b69906ad78794,0,0,0,0,,1,0,,13.6,,,,,11.5,0,,,05-02-2025
0x10466924d68d34e45c142cd50385102b359d9eaa,0,-11.7,-11.7,-11.7,,7,0,,0,,,,,20.9,-2.8,54.7,-42.9,05-02-2025
0x43fbe9a3ffc52a1e078b756e4c6d40a99b544bef,0,14.2,14.2,14.2,,1,0,,0,,,,,0,0,,,05-02-2025
0xe98a0bf788137ccb3614dd920b9d9d90a837e150,-0.2,0,2292,3192.9,,0,0,,0,,,,,141.3,22.1,303.1,108.4,05-02-2025
0xf19acecb1bc4e413d4df47cc6001c903d1409ccf,0,0,0,0,,9,0,,0,,,,,6.9,0,,,05-02-2025
0xa8d96ee3f734ae12ea3ccea0283178eaca61c84b,-1.6,-20.3,122.3,145.6,,45,49,,16,,,,,7.6,-11.7,7.6,-13.7,05-02-2025
0x7898774f2790a47e89b156bc0bbd417423d8da03,0,0,0,0,,0,0,,0,,,,,5.3,14,,,05-02-2025
0xfe51982b57acb274e2ac10b7acfd97aa564e407f,0,5.5,5.5,5.5,,0,0,,173.7,,,,,7.1,0.2,,,05-02-2025
0xdd441d9e7a255cce0d19c14bdd619b9a2394be94,0,0,-921.2,90018.7,,0,0,,181,,,,,14.1,59,680.8,8.4,05-02-2025
0xf6adc04b5fb77667dbd3b0a3623913df84bbdafa,0,0,0,102.6,,0,0,,0.8,,,,,0,0,,,05-02-2025
0xe3c2d3eb7ee338b24c76d81fa59605e02d6e5424,0,0.1,0.1,0.1,,10,0,,15.7,,,,,0.6,0,11.9,1.1,05-02-2025
0x312ae31b0f4e8a70813b6065fc29e5bea52bbb96,0,0,-667.5,-667.5,,12,0,,10.4,,,,,269.3,-9.5,,,05-02-2025
0xbef5d99f5d9b7b5f4864a0274b156783ba504d71,0,0,17.2,17.2,,0,0,,0,,,,,793.8,0,,,05-02-2025
0xa9ec566288d48a1b5558d66d2321b2357c2a807e,0,24.3,24.3,561,,5,5,,28,,,,,863.2,0.7,174.7,3.6,05-02-2025
0x226ae7082416ee2af1d0b9e6b050e925fee81a93,0,0,0,0,,0,0,,173,,,,,0,0,,,05-02-2025
0xe127139c2d4b188a28596a05a1bc18aa98c18758,0,0,0,0,,0,0,,0,,,,,0,0,,,05-02-2025
0x529261cd310604f6d108ed12a1a6596e09d0f268,0,16.2,16.2,16.2,,2,3,,236.8,,,,,57.9,4.9,245.3,-7.5,05-02-2025
0x45c89df0bbf83bb8d15d8d67b1a985e27c459a75,0,60.8,60.8,60.8,,2,0,,0,,,,,0,0,,,05-02-2025
0xf23531b6ba97df4aa70463f8cdc4a1782891b4ce,-532.7,846.3,3572.8,9406.9,,36,27,,3656,,,,,760.3,2.9,2547.5,12.1,05-02-2025
0x7c58e672b56c854f6dc782b93e7f118f5ae5c609,0,0,667.9,1211.4,,0,0,,11.9,,,,,181.6,5.3,,,05-02-2025
0x02051351bf99776637c13d6303a44af7877c9cd1,393.7,0,0,393.7,,1,0,,6.4,,,,,0.3,32914.7,,,05-02-2025
0xcfa663916091263137254e08617106b57697a567,0,-93.5,-93.5,-93.5,33.3,13,12,0,840.5,2,0,0,6.5,406.5,-9.9,,,05-02-2025
0x44b6ea967c5aad0d8cdb4abecc4094f28bb20751,0,0.4,0.4,0.4,,3,0,,6.3,,,,,0,0,,,05-02-2025
0xf9b522c57a702e35baf20b2f2f237e6066bbc604,0,0,0,0,,0,0,,0,,,,,0,0,,,05-02-2025
0x772ff5bafae0471ddf94312534103b68a9ec36b9,0,49248.7,49248.7,49248.7,,2,0,,0,,,,,51.9,3393.2,13.8,0.9,05-02-2025
0x4599064593746d4f7c0a6611ada7f1887bbf71fe,0,147.1,147.1,147.1,,4,0,,35.3,,,,,17.4,5,88.4,-0.2,05-02-2025
0xbfa6bb23fe410bc07a625b5aeb828dd836d82095,-144.2,0,0,8409.2,,0,0,,47.1,,,,,0,0,16565.7,-29.4,05-02-2025
0xf103c71cad75cb4c18828c517cd4efe32f4a6d8b,0,0,0,0,,0,0,,1.1,,,,,0,0,,,05-02-2025
0x7cbb4f21bd3e93e0b7355a7df9dec3c12370c8d0,-251.1,0,0,-251.1,,5,0,,0.4,,,,,57.1,-74,,,05-02-2025
0x1476576dffc44a7141cee6148af67c8966bca860,0,-4.2,-4.2,-4.2,,7,0,,0.7,,,,,0,0,6,-23.5,05-02-2025
0x8564e03a6a7805e88549bba418122cb133990b4c,178.7,1036.7,-48.7,589.2,,24,12,,1.5,,,,,154.9,-9.9,532.8,-27,05-02-2025
0xbe3d19e56d1dd610a4e18201366346e3db967daa,-41447.2,5007,-7918.9,-85726.3,100,0,2,2.7,22460.3,0,0,1,183.5,841.4,13,2285,-46.8,05-02-2025
0x921d96fa3e89edc7859554cf3e79162526b507f9,134.3,-4079,-3626.8,-3549.9,,5,6,,3.7,,,,,128,-4.8,145.5,-99.8,05-02-2025
0xbf2d7b6ca6c384d7a262945fc7c9a2251021b5d2,0,4308.1,4308.1,4308.1,,6,0,,0,,,,,0,0,,,05-02-2025
0xceda528415708df81fa8d78eb0060dcd1087da94,-3211.7,5930.5,5352.5,-5727.2,,31,1,,18.8,,,,,384.4,0,321.2,-52.5,05-02-2025
0xf8050d01b7cc8fc566058643d4540ac645b894cd,0,0,0,0,,0,1,,0.6,,,,,0,0,,,05-02-2025
0x557bd85c86e6f9df133f63f02d68b034feda13de,1146.1,0,0,1929.6,,1,0,,8.9,,,,,100.6,169.8,120.8,0.1,05-02-2025
0x7581c5ce2da371ccd19c98fadd9fec9675841d62,16.3,-55.1,-55.1,-38.8,33.3,18,5,0,7.2,2,0,0,16.5,593.7,4.2,550.4,-25.3,05-02-2025
0x6da3875b335dcd04a6edd140762291730b1f0002,-72.1,0,0,-72.1,,16,0,,0.4,,,,,84.3,-93.8,80.8,0,05-02-2025
0x971944584aa96e52acf9fdb1bb2ffb11eb5c9e68,168.1,294.4,294.4,605.3,100,0,1,0.2,9.1,1,0,0,3299.8,0,0,,,05-02-2025
0xda3b0f6c60e4a2e3d692ee97dab586375d42235a,0,0,0,0,,0,0,,0,,,,,0,0,,,05-02-2025
0xc3a254369195ed6c5e70f6a8961adaf321f22d88,0,-51.1,-51.1,-51.1,,1,0,,107.6,,,,,14.8,-1.1,292.3,218,05-02-2025
0x63841e85d6f8c8ddef1e5173b1f9a4262f2cdaab,0,0,0,0,,0,0,,2,,,,,0,0,,,05-02-2025
0xd5779cd0590462213153c88f71164880ff035fd3,0,3892.4,3892.4,3892.4,100,3,6,2.1,0,0,0,1,143.8,0,0,,,05-02-2025
0xd541e6cfc610def494fc36cce99a5dbdf84111f6,0,-13155.2,-13155.2,-13155.2,27.8,16240,0,-598,154.9,9,0,0,1255.3,528.1,-0.5,6226,-16.7,05-02-2025
0xf2a34609e219d3b5bf6d1b0c8734aab541f6c3ad,0,0,0,0,50,2,0,0,3.4,1,0,0,183,0,0,,,05-02-2025
0xe65c0110b13ab5b3f0bef3aae0cb4fcda8ac58ad,0,0,0,0,,0,0,,0,,,,,0,0,,,05-02-2025
0x6331026d0e34153957a564d7ae05e557f71c75a8,0,-1696.3,-284,345850.5,,335,296,,9.5,,,,,38907.2,10.1,80.6,26.3,05-02-2025
0xa6621b34a8406abcd874a76b3ea14206be12bc96,0,62.5,62.5,62.5,100,26,5,0,0,1,0,0,68.9,2415.1,2.6,,,05-02-2025
0xf23278fc5328a093fc49aa9eb1f93f48264015e6,0,538.1,916.1,916.1,,6,10,,869,,,,,68.2,24.3,,,05-02-2025
0x2aaddc7084766fec23a68d522dd88a2f2ae8a949,0,0,0,0,,1,0,,0,,,,,0,0,,,05-02-2025
0x032a6e888b7575b96f5393804157123a8f0c1b33,0,0,0,0,,0,0,,60.3,,,,,0,0,,,05-02-2025
0x1805b32ccc709cebc50c1b52a0b5a26529bacdb6,0,1591.5,15546.5,106236.1,,3,5,,18139.8,,,,,1199,-0.9,2070.7,-40.3,05-02-2025
0xca6d8dd1057bb2131fd3c1a198374ee935391d94,0,0,0,0,,1,0,,0,,,,,0,0,,,05-02-2025
0xb1c8e15ea8bd55fab64eb7d6a5bf0672dbd2b1d9,917.6,-882.5,-4944.1,46.5,22.2,128,38,-0.1,14.9,2,0,0,35.1,493.9,-31.4,673.1,-39.8,05-02-2025
0xa9a6c14d837c3d4aa8da6c2181409ca05d4c2505,-462,393,-732.6,-143.1,50,8,3,78.6,401.5,3,0,0,9.5,376.2,-8.2,956.7,8.8,05-02-2025
0x8e3fa3dc33c26263d98c68bc3ad5da3cae3b39d4,0,3930.1,2069.3,1967.1,62.5,80,56,0.1,615,21,0,0,1.8,480,-0.7,1814,2.6,05-02-2025
0x668ad9a9f6fce9327dccd2db4f9cee1186f1ef45,-2.3,-78.4,-58.6,-60.9,26.3,40,41,0,76.3,10,0,0,8.9,18.5,-8.6,,,05-02-2025
0xd63fca366dbbdeeee76edb4e637c8f89c4605388,-57190.3,0,3052.3,857673.1,0,1,3,0,491.7,3,0,0,1.5,13488.8,-4.1,7601.4,-66.4,05-02-2025
0xae22de63af322579a32536aec765bcf82ba94c74,-0.6,3470.9,2978.3,-14,,34,13,,2838,,,,,0,0,438.8,-55.6,05-02-2025
0x9211c56333d5dc6af1acb55e05b03d604ac427ef,0,-69.9,-69.9,-69.9,,4,0,,4.9,,,,,0,0,,,05-02-2025
0x491003c5c5984cdfdba56ad183df8d1c2efbad4e,-1.1,4071.6,18531.1,167325.4,28.6,34,29,185.1,11944.5,5,2,0,10.2,1410.5,15,2453.7,-5.2,05-02-2025
0x3641ea4b9c4142c19cc44d8d44881914479fd196,0,0,0,0,,2,0,0,433.4,1,0,0,0,163.4,75.5,,,05-02-2025
0xe84662c93508e5bfb26e7029fffccf88653a8f01,0,0,0.2,0.2,,0,0,0,0,0,0,0,,0,0,,,05-02-2025
0xf0e88d2cbb3d528bbcdc5a61d66c3c1a997d78b8,0,1246.3,1246.3,1246.3,,2,0,,6088.7,,,,,0,0,,,05-02-2025
0xde031ae3c208b2bb4f278ecb413d7ded44c5e600,-5.8,490.1,1929.4,2951,86.7,29,29,32.7,1318,13,0,0,7,256.7,10.5,333.7,8.1,05-02-2025
0x8d907649c53d390c70cfb8e29fa5401d2145dd61,-9.4,0,-909.4,-1233.1,,0,1,,21.8,,,,,79.5,-5,111.3,-49.5,05-02-2025
0xe67b433e1bfb05c3dfceaeebd6f250e7da0a3c9d,0,0,0,0,,1,0,,70.7,,,,,0,0,,,05-02-2025
0x62af95cb78344cb71c1b84e074af1b6a2d21a18d,-8.8,0,-5204.5,4119.2,,0,0,0,3.1,0,0,0,,524.9,-28.2,2108.2,-18.7,05-02-2025
0xb131479b3653d5d9b6747206b9810144dbfeb8c7,0,6.1,6.1,38335.2,87.5,9,9,0.2,41.4,8,0,0,414,17290.2,-0.4,1830,4.1,05-02-2025
0xd5babf99197bd045c85416ce114b6a4fe6e55340,0,0,0,0,,0,0,,0,,,,,0,0,,,05-02-2025
0x9adbf6d3f9609e967025228c5c6a96e806f8697d,0,3.3,3.3,3.3,,2,0,,8.4,,,,,1.4,3.7,,,05-02-2025
0x06af6c7ce746b19adc022942b3c2ef294efb6925,0,201,1573.8,1669.6,87.5,12,12,28.7,24.1,6,0,0,21.3,189.3,10.8,541.4,0.4,05-02-2025
0x4860503ddf66f8b70f2498d47ffb4783eb308bd0,0,0,0,0,,1,0,,0,,,,,84.6,0,,,05-02-2025
0x390f879619a13560a0b9426e6a81162b2dd69ea7,0,0,0,0,,1,0,,6.1,,,,,0,0,,,05-02-2025
0xdc570d74e41d046ac570c1dd3d523ae3d2ea104f,-83.1,-455.8,-710.9,19674,,9,8,,345.2,,,,,1319.6,51,561.6,27.4,05-02-2025
0x17fe30c302891f50c65d9fbd7ad7588ace829e0a,0,0,0,35738.1,,0,0,0,3236.4,0,0,0,,212.7,1036.3,,,05-02-2025
0x62e983d20cb5e9a9bf17b1791e31a77df0c0bc0a,0,-620.6,-4482,3296,,8,23,,8.2,,,,,163,-5.6,2366.4,-10.1,05-02-2025
0xfdeb57a6af9b73653d8bb0afc152b90b6b8c0e14,-237666.2,487297.8,1662177.1,7185518.4,,3182,1862,,656.6,,,,,62626.4,-12,119208.2,-6.6,05-02-2025
0xb98370cfa1daf6df01a4fa3821d275a2b80a5cca,-0.8,8.7,-6.3,-7.1,,20,29,,76.5,,,,,18.8,-4.6,8.6,-17.6,05-02-2025
0x45b3a4338527d6ff9582a6d96bb5a6a220d8b800,0,178.6,178.6,178.6,100,45,0,89.3,1.9,1,1,0,1549.8,9.1,-9.2,37.2,-36.8,05-02-2025
0xddbc64c1a79521d0b0e6d0c41d7eedc1b3c0fc87,0,0,0,0,,0,0,,0,,,,,0,0,,,05-02-2025
0x4b5f8ebc4822029d2d4ae0dca42be5b80fd5b00c,-53001.2,0,4871.4,140017.8,,0,0,,15823.4,,,,,1042.7,-39.5,2889.8,105.4,05-02-2025
0xe59aebb67f2b0fde63acc9641ff8bd158448dfdc,0,0,0,0,,1599,0,,120.6,,,,,1022.5,-0.8,9250.2,0,05-02-2025
0xa03f040f4bafe61fa4ff2e7d007fd45de040e07e,0,830.7,394.7,394.7,,14,20,,787.9,,,,,314.9,5.1,242.1,1.1,05-02-2025
0x3a3a9448ebc5230aed5d2f693109f7dabd3eaefd,0,195.7,195.7,195.7,,22,0,,10.6,,,,,2.5,14.4,36.9,0.4,05-02-2025
0xbda68dc75790d002b94b0f78e452eeb69031b74a,0,0,0.1,0.1,,0,0,0,0,0,0,0,,0,0,,,05-02-2025
0xdd625cbf9580c2b9fe9ec648cd675ca383488f15,0,352.7,346.1,346.1,,10,17,,988.2,,,,,279.4,6.4,,,05-02-2025
0x0835c2a67f345091fc1574d970afff79686a3a57,0,0,0,1.9,,0,0,0,0,0,0,0,,179.5,1.1,,,05-02-2025
0x042556bd3ea4e6bb8e7c32253a56539ffe4d9977,0,-42.3,-802.7,-803.1,33.3,3,2,-14.1,857.9,1,0,0,0.1,165,-16.5,,,05-02-2025
0x144b9d92b09a009f57ab2368f4fda2dad3f587a8,0,31.6,264,2782.7,60.9,30,28,1.3,1485.3,13,1,0,16.8,194.8,7.9,160,117.3,05-02-2025
0xa5de265d409afeceb78e12e3e3487a8280156087,0,0,0,0,,1,0,,214.8,,,,,19.1,0,27.2,0,05-02-2025
0x918acb46e68e9a858ac1e79913014dcbe424136b,15563.1,809.9,809.9,16373.1,,49,43,,0,,,,,10.9,-4.7,1275.4,1282.4,05-02-2025
0x4f16a52f45d8f380358b4000451c9cdb9f8dd17d,0,0,1305.9,-949.4,,0,0,,0,,,,,429,-0.2,1464.6,-11.8,05-02-2025
0x31cf2c09db38dadbff2472519de892e5a308ec82,-2.6,1896.9,1896.9,1894.3,100,204,194,1,76.4,1,0,0,177.9,0.1,4.7,,,05-02-2025
0x54bafedd5008b8e9065e13b3635461e4ddd0b51b,0,0,0,0,,0,0,,0,,,,,0,0,,,05-02-2025
0x531ab4eb527eb497ebe4e9454ae932df82b13467,0,2739.5,4051.9,4051.9,52.4,28,28,0.1,1390.4,11,1,0,31.3,201.3,5.6,988.7,40.1,05-02-2025
0xdd2e968c153e7808840f8542f21d5f2beccbb08b,21735,0,0,21735,,5,0,,0,,,,,48,1797.4,,,05-02-2025
0x9fa270830146eee7f2e91260a91657c46e96b2ad,-214.1,557.5,6277,15341.4,36.4,56,39,50.7,1810.3,3,0,0,3.3,886.2,75.7,4080.2,-4.4,05-02-2025
0x048fe2359bf18c96b0462830af35ece3c3fda6d3,-5.9,83.7,83.7,77.8,,10,8,,290.9,,,,,24.8,-5.4,,,05-02-2025
0xfb99a55c160e72761309c8467dbb4be500750778,0,0,0,0,,0,0,,0,,,,,0,0,,,05-02-2025
0xfa89ebc0d25654b63e4539408a057c1669d8c800,0,0,50.1,107.4,,10,8,,57.5,,,,,115.8,0,,,05-02-2025
0x548440dffb146d51c788ab287093180835238dae,0,2.7,5.1,14.5,66.3,169,84,,454.2,0,0,0,,1.1,763.6,1.2,98.8,05-02-2025
0x0e07ad29ee1d54127c54fcd7c4f30e97f4e5c813,733.6,494.8,-241.6,492,25,49,35,0,109.6,1,1,0,34.1,74,-10.1,2999.9,5.8,05-02-2025
0x81d31adc52ffcda69e864a6c9825e93a505250b1,0,-257.8,-257.8,-257.8,,4,3,,309.7,,,,,141.4,-40.9,162.5,-70.6,05-02-2025
0x512c57343763a23bb9889ce08a4c9942f4280b99,-6.7,1473,1473,1466.3,33.3,54,42,368.3,50.3,0,1,0,49,2864.6,3.4,,,05-02-2025
0x3a02303d6b2d2500861284288173ec2f26b52d40,0,0,0,0,,2,0,,0,,,,,0,0,,,05-02-2025
0x1ca6eeb8bebf85d3c18e86731f35a457667b00cd,0,232.4,-461.3,-242.2,,14,16,,0,,,,,34,-0.5,109.6,-20.8,05-02-2025
0x903f35a7de63727141509434266f5fab311a8e15,0,0,0,0,,0,0,,209.9,,,,,0,0,,,05-02-2025
0xfa34f7d6393d0826ae9b2c25743129937cd27d1e,0,0,0,0,,0,0,,0,,,,,0,0,,,05-02-2025
0x81587c950408ed96eb63a4745b2104dcc7b3bbd3,-5.1,-3.5,-4.8,22.6,,3,4,,1.2,,,,,21.9,9.7,6.2,-52.4,05-02-2025
0xe0a616c3659be29567e08819772e6905307adf21,0,0,0,0,,0,0,,520.3,,,,,0,0,,,05-02-2025
0x56c6de13ea09853b1159dd252a1e3845a4290d41,34762.5,40.5,40.5,34803,,5,4,,41.1,,,,,48,2001.7,,,05-02-2025
0x4d9c1ee0a035d75cdb7a66b7e97f4b08e877930c,0,0,134,134,,0,0,,0,,,,,,,,,05-02-2025
0xf2004c5642c9c3d795dacf0ed74d2fa6f58d1b1c,0,0,846.1,846.1,,0,0,,0.1,,,,,0,0,,,05-02-2025
0x1cf1213c1ba6b156435c5a03967bba4802af7702,-226.8,1764.8,1764.8,1538,38.5,83,34,0.1,485.7,8,0,0,10.9,175.6,-4.7,1626.3,7,05-02-2025
0x28c2894e383f45d02387eb381b602941a75230e9,41.6,-761.6,-851.9,-1817.6,14.3,27,17,-0.1,2.4,2,0,0,225,558.3,-3.5,2399.2,-38.3,05-02-2025
0x3f43c0c3e62aa972d0f2dc3fe61e811f02237f7b,0,-338170.5,-381901.5,-56795.2,53.1,392,493,-1690.9,586.6,173,0,0,126.2,2408.5,5.2,120.2,-10.1,05-02-2025
0x63c67239fd2a785051bda83528a7bff8951cd070,3455.4,689.1,689.1,4147.4,100,111,114,0.4,434.7,0,1,0,724.7,126.2,20.1,,,05-02-2025
0x813d1779276d625332c351831524005885179e63,186.4,2185.8,5891.6,16222.2,50,48,63,68.3,3074.7,16,1,0,123.6,297.8,15.6,793.3,1.8,05-02-2025
0xa44a3e642d769113ce734aa6202756c90e876099,-614.2,-703.1,2883.9,7644.1,,172,172,,35.3,,,,,93.3,-11.4,120.6,2.9,05-02-2025
0x793e8e6e22a2a04ef7e1e562232868d802447d02,0,0,0,0,,698,0,,0,,,,,0,0,,,05-02-2025
0xa477592fd8bb58008174e26abdd4bb550375027c,0,0,0,0,,0,0,0,0,0,0,0,,0,0,,,05-02-2025
0xb7cd9bb433e9d8ee1b83728b34b138043e47286c,439,0,2516.9,2955.8,,0,0,,406.1,,,,,831.1,11.6,,,05-02-2025
0x3b62a870e95077104cd23fe113288e8631fffd16,10829.8,0,0,10829.8,,1,0,,16.2,,,,,175.3,693.5,,,05-02-2025
0x1d0f33c90be401a40906e047eba8dc6bdcf7651b,0,110.5,110.5,11.4,100,5,4,0,419.5,2,0,0,67.3,30,1.2,83.5,-9.3,05-02-2025
0x9bf5cd004ceab52b4882feea33ce2b966493b380,0,5.3,5.3,5.3,,2433,0,,0,,,,,0,0,,,05-02-2025
0xfcb77e45b59fb4087627603b7c8222a15413ccda,-486.5,-35.3,-35.3,-521.8,,6,1,,0,,,,,132.3,-5.8,,,05-02-2025
0x87af184bcb6971800fff416b758761569398d346,0,0,0,0,,1,0,,5.9,,,,,0,0,,,05-02-2025
0x053c4cf289d7e4e43a229692aabe642277e3be76,0,4360.1,15221.9,15221.8,,92,41,,0,,,,,1001.8,7.6,11667.6,93.9,05-02-2025
0xe587d0db976e242c8e9d02b483d829c20e1908fa,0,70.7,374.2,576,,11,7,,277.8,,,,,67,18.8,90.4,19.8,05-02-2025
0x5f64c7ad035b9d046e65469e84362ad0a933a624,70.2,195.4,195.4,265.6,100,0,1,0.1,1.2,1,0,0,1529.9,0,0,,,05-02-2025
0xe5b73b1043070be125ded465a0ddb139bfcccf5f,0,447.8,437.9,437.9,,0,2,,7.7,,,,,0,0,,,05-02-2025
0x37887afa706986dbcce0a5e80a61eaeb595bfb51,0,9.9,9.9,9.9,,2,0,,0,,,,,110.8,0,,,05-02-2025
0x8c5c025ef7f89ccdb3f7d30b36ca163897879106,0,4215.6,4263.1,5681.7,,17,16,,4509.7,,,,,141.6,1.9,1231.7,39.6,05-02-2025
0x92ae2c1f012740e5b2e9ee9302277b0c4056ce6d,-2.4,340873.9,341539.9,527108,75.4,3556,4200,681.7,54.6,400,5,0,93.4,1968.5,0.5,187.5,0.7,05-02-2025
0x15983b84cbae63214a7e1b34a6fbf0677ce1a6cb,-44.7,11.9,-77.5,-738.5,12.5,1,0,1.3,21,2,0,0,145.4,53.3,-27.9,96.8,-24.4,05-02-2025
0x3546537f3cddc63dd14986fa8e53854fc4ffe613,492.3,2709.4,2703.3,4102.7,,20,15,,1886.5,,,,,0,0,,,05-02-2025
0xb7b7c4a37eca4351f25cf4e3068f3290bf81b0d9,0,-17.4,-17.4,-17.4,,1,0,,0.5,,,,,10,-14.4,92.3,2.9,05-02-2025
0x5db7396dc44b85a83976fd2117695dd661e32faf,-292.6,632.9,604.6,-1890.1,21.4,21,18,45.2,1402.3,5,0,0,90.2,120.3,-10.1,296.2,-17.4,05-02-2025
0x3e9b65638b45c3eb73099ae4aa1f5ccfb16a6519,-4138,13740.1,32087.1,84436.5,75,41,68,473.8,12017.4,22,1,0,4.8,1920.3,18,2822,-29.2,05-02-2025
0x389b22ddbecf2f421f0443db921721cfe9881704,-26.6,526.8,477.1,188.8,,7,7,,353.6,,,,,117.6,11.2,356.6,97.5,05-02-2025
0x7e9727c7e7448cc47d55bf256ffebf3eed43e4d9,0,2182.3,2182.3,2182.3,100,2,5,1.2,0,1,0,0,143.6,0,0,,,05-02-2025
0xa7df4e46714fef13e712bc25d13f1c8ee6f23701,0,-46.6,-46.6,-46.6,,1,0,,56.6,,,,,65.6,125.1,89.6,21,05-02-2025
0xe116659bc46ef8d275720a3fd13b5ab86061d4e8,0,0,0,0,,0,0,,0,,,,,0,0,,,05-02-2025
0xffb53ccba209671156ffdcfc359459f265a386f2,0,0,0,0,,0,0,,0,,,,,0,0,,,05-02-2025
0x9fb97cfeea4bc0bc5cc304ab2618fd975b21c5a1,-13.1,0,-0.8,109.9,,0,0,,3.3,,,,,26.9,-0.1,12.8,-98.8,05-02-2025
0x237968d46a0170f78a02d356e42ac91ece1ead80,-131.8,194.3,584.2,3093.8,75,6,5,38.9,19.5,4,0,0,2013.5,585.9,5.1,1408.2,-19.7,05-02-2025
0xdcbbf914373fe187e8df622051173bc2d7304969,1.5,0,0,15230.8,,0,0,,0,,,,,3896.4,264.1,,,05-02-2025
0x46399dabc14d5b1dcf3ce5b9aafc67f0ee33581e,-22,-138.9,-138.9,-251.9,,4,3,,4.1,,,,,36,-10,223.6,12.5,05-02-2025
0x8bb218e881f66cb419276b27f7472b826bcd037e,0,1881.7,1881.7,1881.7,66.7,10,12,0.2,758.8,3,1,0,2.4,380.7,35.6,419.9,21.3,05-02-2025
0x0f3446a5a09d84ea26d08ccf5e651b0df3646d2e,0,1263.7,345.2,345.2,,24,9,,23.9,,,,,909,-7.7,,,05-02-2025
0x7f8b910db97666b47ff22e4ef36dfc48a456819f,0,0,0,0,,0,2,,4,,,,,0,0,,,05-02-2025
0x4828c549e3ba138eea931d8cf0212e4236e0b965,0,0,0,0,,1,0,,1.5,,,,,0,0,,,05-02-2025
0xcacacddb2e97d8177baf9fe362a4e2991e91c38e,0,-5.9,-5.9,-5.9,,2,0,,0,,,,,0,0,,,05-02-2025
0xb4d1957f3ded22e7587441255e77cb35c940af55,315.2,8.1,1839.1,41.8,,5,1,4,0,1,0,0,215,222.1,-2.5,525.1,-7,05-02-2025
0xfed8b434249b8fae81f3a5fbc05be59a6563be4b,0,0,0,0,,0,0,,0,,,,,0,0,,,05-02-2025
0xe66c21794c8de922d80b14daa2c024eb509345ae,0,21.3,923.1,-10784.9,83.3,215,211,0.2,42.3,88,4,4,278.6,107.9,14960349.1,123,5.4,05-02-2025
0x9d47b68ec3a9cb3925c372eebc8e0f4a566fb8c6,-9109.6,2411.3,2448.2,88584.8,100,4,5,2411.3,39102.3,1,0,0,0.6,1101.3,51.1,2707.6,32.2,05-02-2025
0x58bc01eba399c4c0c77c1195e92aaeb7636839b9,0,-424.4,-424.4,-424.4,,17,0,,0,,,,,192.4,36.8,,,05-02-2025
0x1f5f3e31d2b09e32ad5659c7cbc5e3ea9adbd330,0,8.3,8.3,8.3,,14,0,,0,,,,,1.6,22.5,,,05-02-2025
0x95e1aa6da4704d4ebc03e9d3459b8c1762ab67f4,0,183.5,-992.8,-992.8,,6,8,,96.9,,,,,206.7,-7.2,500.4,-20,05-02-2025
0x9792c1468aa4588803d9fe43a5976e7ba8a6dee5,-1709.6,232.1,2439.7,730.1,,52,44,,1998.5,,,,,68,-12.8,109.2,-82.6,05-02-2025
0x2558ee08c5c7a6a9ed5781c28635219af4d72c98,0,0,0,0,,15,0,,0,,,,,0,0,66.9,0,05-02-2025
0xf6e9c366e6d0f7b8956ae01c9d08ce7d24c1fdb8,0,0,0,0,,0,0,,0,,,,,0,0,,,05-02-2025
0xd7fb7dd9f36f80ba1bbf5e81796c629f045d9f0f,0,527,399,3944.9,50,33,32,65.9,172.3,4,0,0,17.4,203.6,3,878,40.5,05-02-2025
0x163cdce05183f3d468a79719e13e285ac22d48df,8.3,-55.2,-341.6,-241,,21,10,,3.2,,,,,282.2,-10.3,1060.3,-0.2,05-02-2025
0x0f796d6dbd03ba025b56e506643d1401fe9b76be,0,0,633.6,633.6,,0,0,,0,,,,,0,0,567,111.8,05-02-2025
0xbd3bc81070694c30406c66e9d036216850ada851,194.5,-712.6,-35.1,-526.7,26.8,319,193,0,138.7,23,0,0,30.5,675.1,-19.6,364.2,-1.4,05-02-2025
0xa19a14d02967e5152eb04ad686b9c3fb707064e3,-40.6,-0.9,-0.9,-61.7,,27,25,,0,,,,,24.4,-12.5,28.6,-22.8,05-02-2025
0xf9b4192b387e93a4a897d44589b4cb0e5fdc50f8,0,-19024.6,-19024.6,-19024.6,,0,0,,70.7,,,,,0,0,,,05-02-2025
0x83ae7fe868980851f8a008f92d40a7b015dc3787,0,361.1,-217.1,-217.1,,71,47,,1439.7,,,,,109.8,-2.8,179.8,-10.5,05-02-2025
0x018b80d73c26c6882b80f134449d0d2d92d1b737,0,0,0,0,,0,0,,1142.2,,,,,1.9,0,10.1,0,05-02-2025
0x4014cd1a3c59de6f83efcc996e7c983610293df6,0,0,0,0,,1,0,,70.6,,,,,0,0,,,05-02-2025
0xcef6755037f0a50e31196b9ccf9fc3181c5785d5,0,-66,-839.5,-839.5,0,3,2,0,0.6,1,0,0,190.2,387.5,-24,,,05-02-2025
0xf5037f2d9603d80401df040f1dac61a22e10bd62,0,0,0,0,,0,0,,0,,,,,0,0,,,05-02-2025
0x4773c34c48daf9ec047319262ac00ee9f2d8bea2,0,-70.8,-70.8,-70.8,,71,27,,0,,,,,165.2,-1.1,205.4,55.2,05-02-2025
0x6f1e068d96b8dd1fc0e05814f502dc3f93a48575,-0.1,0,0,10138.5,,0,0,,0,,,,,417,10.8,2056.1,37.8,05-02-2025
0x3d1d417a9c5adf2e955b2cc6ddef5c584ee562e4,0,0,0,0,,1,0,,0,,,,,157.1,0,,,05-02-2025
0xc80c2eb0a8307635ebb47368945cadc2ee7ed13f,0,0,1265,29158.3,,0,0,,32.2,,,,,39,6.3,996,-52.6,05-02-2025
0x47760414553cabf16cbdb2794105bd6f9c1d3136,-51.3,-97.1,127.8,76.4,,7,6,,2.6,,,,,16.2,1,181.2,-8.2,05-02-2025
0x3a79bbbf6ecd941f7e4aab36f232d1a55b00bdb2,0,1268.1,1268.1,1268.1,100,33,2,0.7,0,0,0,1,143.8,0,0,,,05-02-2025
0xac4c3abfd632b393262e6b8d92c9ad8fbe7bf272,931.2,522.8,500,1497,100,4,5,0,21,3,0,0,456.4,71.9,0.8,,,05-02-2025
0xff00bd73fe6564258ae02830dbcb53f99ef5f00f,1988.4,135,135,2123.4,,0,1,,1710.1,,,,,0,0,,,05-02-2025
0x07976e8990f0b9fb555faa8de374c018bfe3334e,0,1423.8,1423.8,1423.8,,270,63,,42.7,,,,,389.6,-0.3,,,05-02-2025
0x80cb6129352f0a1789818eb3b9355b51e4327725,0,-205.1,-205.1,-205.1,0,2,5,-0.1,1047.9,0,0,0,16.4,150.8,-6.1,,,05-02-2025
0x559d3b8a2cf6bd462c5126c8d922f54af224d0ff,0,-17.3,-17.3,-17.3,,3,0,,3.4,,,,,0,0,,,05-02-2025
0xba8d15e2b873933d2579c251ae94ada695255cd4,145.9,447.8,447.8,614.5,100,0,12,0.1,27,1,0,0,3433.1,0,0,,,05-02-2025
0xda433f66b5a784a9d8dd366912d02902038d7d30,0,1239.2,1239.2,1239.2,100,3,3,0.7,0,1,0,0,143.6,0,0,,,05-02-2025
0x21cb9e1fa5ce7384ef50c955aecbaa94f385d85d,0,86.8,86.8,86.8,,3,0,,583,,,,,0,0,,,05-02-2025
0x5507ebdbbe803985f1864669e39f0d648e3be0dd,0,115.1,115.1,115.1,,4,0,,1.7,,,,,26.4,4.9,,,05-02-2025
0xb0ffc345e62794d946280e2381260319a41a4a62,23,0,1158,988.1,,0,0,,44.4,,,,,387.9,78.8,,,05-02-2025
0x00000015adfb19c6e4c1beeb7a92783b079f1130,-2.1,0,0,8111,,0,0,,0,,,,,874.6,24,2251.2,-1.3,05-02-2025
0xc1acf696bcc44abeaeb5972600884509184e021b,-117.1,-2.3,1085.3,1862.9,,1,0,,5,,,,,239.8,6.5,486.1,57.3,05-02-2025
0xb49749b38081fa66c4c2b14486b666d302847eaf,0,1802,2023.5,2023.5,50,2,9,901,11617.8,2,0,0,120.7,0,0,,,05-02-2025
0x602fb376a581d82b4bd6a03569161f8c8bd5a368,0,-872,-2559.8,-2559.8,25,15,13,-0.3,20.8,1,0,0,73.2,105.8,-5.7,6429.5,-18.5,05-02-2025
0xc14b207ebde1aac3bc143eed843718aed8eac664,-63.2,421.4,854.5,15801.7,36,47,43,0,5,6,1,0,91.2,356.6,-10.3,1092.5,7,05-02-2025
0x59873637b7d7473525d811a21325f73cae29bb47,0,0,0,0,,1,0,,0,,,,,,,,,05-02-2025
0xf02192b2d7f88ac3233d91d05231882d86e7cd28,0,-149.6,-149.6,-149.6,,1,0,,9.5,,,,,82.6,-10.4,493.6,-17.1,05-02-2025
0x0c4572af97879069c67a1c419310cbf1c4f15ce5,-83.1,94.7,215.3,-84.7,50,5,4,23.7,863.9,2,0,0,1.6,45.2,0.4,46.6,-25.3,05-02-2025
0xac104988d32e64d40ee6d7ca4bf125e299b81f47,-691.1,18.2,1.8,-2773.2,60,21,17,3.6,2.7,3,0,0,984,1006.6,-2.8,3009.3,-16.8,05-02-2025
0xe88f141de0da7afec958d8007ae5c6e7cdde06e7,-2389.2,140,-5156.9,1836.5,30.8,22,19,8.8,624,7,0,0,82.7,78.7,8.1,284,-20.4,05-02-2025
0xe61d9511165659ac28a3a4f5032dd72f4ea937aa,0,13396.9,13396.9,13396.9,100,9,14,7.4,0,0,0,1,143.8,0,0,,,05-02-2025
0xae076df27bf8f56eaea79b74a10fc73dac5620aa,3526.2,0,0,3526.2,,0,0,0,13.7,0,0,0,,286.9,1229.2,,,05-02-2025
0xfee1edbfff84d3d6c2aa297ab3fa6a9ecc704bc8,0,-1672.2,-1672.2,-1672.2,,316,150,,303.9,,,,,367.3,-7.5,2753.7,-4.1,05-02-2025
0xe141a8c0a132e614d2546f0c823b0fa7c8711f66,0,5.6,5.6,5.6,,15,0,1.4,1.3,4,0,0,338.9,1,0,10,0,05-02-2025
0x2bee18cbd7b2f23bcc131f72f29e58313951f235,0,119.5,-642,-642,,9,1,,11.6,,,,,218.5,-9.8,,,05-02-2025
0x76d33a734ca8969ecc15b191395a3d73e906248f,0,0,-4175.3,-10400.9,,0,0,,1.1,,,,,232.7,22.5,3334.1,64.3,05-02-2025
0x75317eb973a155147159894e92edc2365c4399ab,-83.3,0,528.9,235.7,,0,0,,28.4,,,,,32,-5.3,262.6,57.7,05-02-2025
0xae74fbdb7557a7e7b0dbcdf30e41c6917a5b1ce1,0,0,0,0,,1,0,,0,,,,,84.6,20732.9,,,05-02-2025
0x883be4b58be5e9c8695f76019cf975022a0e468e,0,518.2,518.2,518.2,,14,0,,0,,,,,12.3,7.5,37,50,05-02-2025
0x3a2157f7be3b075724768b6557f58ded574295d2,0,-24.4,-24.4,-24.4,,16,0,,0.9,,,,,2.2,-0.6,29.3,-25,05-02-2025
0x35b7dbe3b1a77654a32e3b8cbe4ac3a912d3b030,-7.4,1317.5,1472.4,1554.7,,12,13,,165.5,,,,,287.5,-27.6,63.9,-35.5,05-02-2025
0xde0bf9626af2e782489f497ae9b0b27313416dca,0,471.5,1081.1,10456.6,,7,12,,2504.7,,,,,283,1.7,604,16.4,05-02-2025
0x4b31bfd217b83896e07b40af9baa9e2c74e4c2a3,0,0,1.6,1.6,,0,0,0,0,0,0,0,,0,0,,,05-02-2025
0xd5f15048b1770af61303d78c28ed2dfc6a4c3d3b,-52.7,10367.3,15108,31756.4,,8,15,,11461.3,,,,,6,-9.2,55.8,-80.3,05-02-2025
0xdf68bda2309c6e79be0b68d85c01987f68e905bf,26917.9,749,749,27666.9,100,1,2,0.4,36.1,0,0,1,163.3,35.7,12793.2,,,05-02-2025
0xc43a25e9e30f12ac7a5ec29ca1eb4fb4d07600dc,0,1207.3,1207.3,1207.3,100,3,2,0.7,0,1,0,0,143.6,0,0,,,05-02-2025
0x9dc513c9e5b1adb61e23c2b46984ef1edded59c1,0,1523.2,1523.2,1523.2,,15,0,,1896.1,,,,,0,0,,,05-02-2025
0x96f0c7ec019c8b3b3e9ee064888484d9e47ad0fb,-3447.2,7728,8073.6,4626.3,60,17,6,0.8,108.9,3,0,0,60.3,9.7,-18.8,102.7,37.3,05-02-2025
0x386323fcf4611949947da196f2ffc00a6f476d08,0,23455.6,23455.6,23455.6,100,11,1,11727.8,0.6,2,0,0,60.2,0,0,,,05-02-2025
0xf5c4f3dc02c3fb9279495a8fef7b0741da956157,0,0,0,-1,,0,0,,0.6,0,0,0,,0,0,,,05-02-2025
0xb902ab89f9ebb44fcfd9e87d089dbd85edb10ef7,-0.3,62.9,563.6,563.3,,5,4,,0,,,,,57.7,0,92.2,35.8,05-02-2025
0xb35b90e03f5d7dbd746914ee7e7eda8647cb3a14,0,0,0,0,,1,0,,3.8,,,,,32.3,-2.2,,,05-02-2025
0x4ce45bd3842c3c6e6ed45025133a88cd1746f443,-633.9,-184,-184,-817.9,,18,10,,0.6,,,,,47.2,9.8,49.6,22.9,05-02-2025
0xd7327412e184e98c21b0cf58f54ca1266ca3c6bc,-1040.1,0,134.3,7428.1,,0,0,,768.4,,,,,451.8,22.7,352.8,40.2,05-02-2025
0x3c299e70d0778de1ef17eaf574e253ef018f8dd9,0,164.7,164.7,164.7,,2,0,,0,,,,,195.8,9.6,1037.3,-6.2,05-02-2025
0x7e0442caa072f8da39ad8b327d0de3e397b0c211,0,0,0,470.7,,0,0,0,1,0,0,0,,,,,,05-02-2025
0xcfd9e5fca7267f16384d30cfb849b195e30c40c1,4936.4,0,0,4936.4,,0,0,,6.5,,,,,205.2,603.7,,,05-02-2025
0x21e2c918541d30c4072c89d2d29314d38224d208,-63.8,747.2,218.8,144.6,11.1,6,9,0.1,0.5,5,0,0,1100.5,61.9,-7.9,164.2,-71.2,05-02-2025
0xe694bbf6c4587623be9e2b63716f4bd6d3a7d740,-1707,-3132.4,1141.3,-4783.6,,35,20,,18601.8,,,,,862.2,25.3,1157.9,-26.7,05-02-2025
0xbcd7d6213a58e50b2ac22b44c5fdb2f39a0abf08,2805.9,0,85.3,2930.1,,0,0,0,88.4,0,0,0,,237.8,308,,,05-02-2025
0x65251c700b50a9a451d0009b74d5968a905a625a,0,0,0,0,,1,0,,0,,,,,0,0,,,05-02-2025
0x767cd90a36bd6817ad78a8f251f8fa88117038e7,0,0,0,0,,4,0,,1137.6,,,,,37.7,0,,,05-02-2025
0x276f6b51e465b70ec8c831559e3f3dcdfe9e97a7,0,0,-2684.6,-3334.6,,0,0,,55.3,,,,,120,3.7,13214.5,-36,05-02-2025
0xd515cdf9654bf0a3ae4e48bb47bd502009ed89f8,0,379300.2,363558.6,359013.3,,8275,3851,,903.8,,,,,0,0,,,05-02-2025
0x2d03a801771c0a7061c67fc4c4a38a3bc99f0dfd,0,7,-1642.3,19909.2,,51,2,,47.8,,,,,1704.8,-3,2302.4,-3.7,05-02-2025
0x83642af54de82941fcf8c7b6651add9ade7da743,-46.5,0,0,-808,100,0,0,0,48.6,1,0,0,0.4,267.3,11.6,632.6,18.4,05-02-2025
0xcc3ed8e55f4797062d962faf1fba92f75545bd0a,0,0,0,-1891.2,,0,0,,273,,,,,273,0.4,181.2,-41.8,05-02-2025
0x00008bd8f85178dace5f2e3fa7a2c83771c35bc7,0,16,16,16,,37,0,,0,,,,,0,0,,,05-02-2025
0x5c85540662ba251d8a324c13657d5b3e71d579f7,0,-670.2,-670.2,-670.2,,15,12,,7.4,,,,,64.6,-10,175.8,-30.5,05-02-2025
0xc1f49d78cfaa56aaec6e5a39276f80db2793cd40,-303.2,0,0,-2042.7,,0,0,0,6.4,0,0,0,,247.9,-0.6,95.1,-71,05-02-2025
0xf1c107e971f16910af85c18b00aa0c345624098d,-140.3,-2.9,-48.7,9331.9,0,0,2,-2.9,30.4,0,0,0,962.4,161.4,10.4,103.3,-8.5,05-02-2025
0xdf23eb9a22dc449b798a08b8c28f2cbdc5c0ca9c,0,0,0,0,,0,0,,0,,,,,0,0,,,05-02-2025
0xf28189c97d1e80489bf98ef1d54893f090e2a0e9,0,300.2,300.2,300.2,25,14,16,0,0,1,1,0,7.1,92.8,21.4,420.8,-63.2,05-02-2025
0x1cda878e60c94d84787c37bd9a49b78fdb4b4979,0,0,0,0,,15,0,,0,,,,,25.2,0,68.9,0,05-02-2025
0xebd7a4a174e7d88a2cd23f64d9286832a42c8a24,0,0,0,0,,0,0,,0,,,,,0,0,,,05-02-2025
0xd09a02fa228a736d32a093b89e536d4912186f5a,0,-328.1,-328.1,-328.1,,529,0,,81.8,,,,,0,0,,,05-02-2025
0x5c26198c503384e16bff58f5bad3b73280156ea3,0,0,0,1617,,0,0,,1.1,0,0,0,,182.2,1.8,1694.7,14,05-02-2025
0x215fc40e8c7f38beef940e0260473eef93467b9e,-898.9,0,0,59.8,,0,0,,0,,,,,669,-39.4,4953.4,-7.7,05-02-2025
0x735d658b1c61ebd2126a60049c1ba101dc91ec0f,0,0,0,0,,0,0,,3.2,,,,,0,0,,,05-02-2025
0x29e700b41d4891f86b5e4b8aff4beb3036f1efbc,0,0,0,0,,0,0,,60.3,,,,,0,0,,,05-02-2025
0xd82f8f14050de40f0293b575d00a0aedffd06a2b,-572,2068,2967.2,10039.1,27.5,57,57,0,829.9,10,1,1,17.1,264.7,-7.1,651.6,180.7,05-02-2025
0x1023ab87c42b0afd68c9ad033bf657902e5278cb,0,10.4,19.1,230.1,,10,13,,20.7,,,,,2.6,-1.5,31.7,42.2,05-02-2025
0xd734dab3e5282d4fd017d5973905bf7e7789b0b9,-1482.5,-39.8,1533.3,11,17.5,46,58,-0.9,910.4,8,2,0,18.9,58.9,14.8,60.1,-79,05-02-2025
0xeb94414b64ea36d36727d3cc53887ad971e351f8,0,0,0,0,,0,0,,3,,,,,102.8,-14.8,67.8,-19.5,05-02-2025
0xb576235c88381353030b750e1302b9bb7812abe3,0,20.5,20.5,20.5,,14510,0,,0,,,,,0,0,,,05-02-2025
0x07be6e182eb0148165a1a42e4383091706087d88,0,0,0,302918.9,,0,0,,0,,,,,0,0,,,05-02-2025
0xcc26de0de4f7775ce14bd739da9f66e4ddd32fb7,0,768.2,768.2,768.2,,1,1,,0,,,,,120.9,635.5,,,05-02-2025
0x0688100808d4c4d35a21a09a5b113cc641dd08cb,-36.8,0,0,-36.8,,17,0,,0.4,,,,,58,-58.3,84.6,-71.4,05-02-2025
0xf5c34feba0dddf07918cc9d966af1f918eaf539f,0,0,0,0,,0,0,,0,,,,,0,0,,,05-02-2025
0xc158229afcbea81c0937d691f11ecac010681db2,-1,0,0,-1,25,3,9,0,21,3,0,0,2,0,0,1,-97,05-02-2025
0x8d73a36d78e2ae4a437053c9ce3be70d483ab74d,-209.3,-75778.5,-428332.4,1340990.3,0,5,7,-10825.5,5791.6,0,0,0,424.2,1434.5,-2.3,5408.7,-71,05-02-2025
0xffefd0ef7908d46163124ec91b3c6ebd1eb56c12,1325820.7,678.9,-75.6,1328774.8,34.8,143,124,28.3,49.7,11,1,0,75.3,738.9,6.2,1184.5,-0.2,05-02-2025
0x1ee39be131d1b9c7d84871f620e2ccb1b56164fe,-18.4,0,0,-18.4,,16,0,,0.4,,,,,65,-68.4,60.5,0,05-02-2025
0x7334ec9720b28b664eb4ab6ca2568f11125b0d94,-3.9,-17.6,33.8,30,,33,30,,2,,,,,163.4,2.2,733.2,-32.8,05-02-2025
0xfce49cc383a4c4eef964ab3a252b26d4e8977899,-417.8,4.4,-3742.1,-8402.7,33.3,2,7,,45.1,0,0,0,,510.6,-14.2,1472.1,-56.5,05-02-2025
0xfa0edc672a741968ef861ff4159e91af8be67a7b,0,-56.8,-24.8,-24.8,,18,22,,201.2,,,,,53.7,-5.6,114.2,-26.4,05-02-2025
0x7bd1e0b8431b712cb779e4cedd33aeef476a5e47,526.6,4510.2,4510.2,5036.7,100,4,15,1.2,882,1,0,1,31.1,206.8,292.7,,,05-02-2025
0x494dc8682893a65c382f99633423d21815dcd881,-14188.8,3734.7,3003.6,-25176.9,33.3,21,29,533.5,2275.8,4,1,0,84.8,326.2,-23.1,2232.9,-18.7,05-02-2025
0x35c6e4f68b41d045b14eaf80e10a61f7c9fd6110,-487.5,3779.8,11529.3,98332.9,57.1,71,52,171.8,357.9,15,0,0,23.9,1499.8,-0.6,454.5,-5,05-02-2025
0x3aba9b665e24ef5ea3f6e6206cf581d1d88f9d48,0,0,0,0,,0,0,,0,,,,,0,0,,,05-02-2025
0x56561fee48436043cd27deeb61d1146d59bfa0fe,0,0,0,179.1,,0,0,,0,,,,,60.3,3.5,35.6,-16.7,05-02-2025
0x9249d73486789219e76325a920dd63cde656abba,-1716,-374.1,-8579.7,-26694.6,50,8,4,-0.1,2.3,1,0,0,4.8,12.2,-6.2,1629.9,-18.2,05-02-2025
0xe89729c068b0218fe298b734d38c1740d60029b4,0,0,0,0,,0,0,,0,,,,,0,0,,,05-02-2025
0xb9ee4a021dd831f73012194d3120c3995739c5e8,0,333.5,333.5,333.5,100,6,0,111.2,26.3,3,0,0,522.5,3.9,0.1,39.8,-20.7,05-02-2025
0x681e62d1626d466c7ac2b327fe553af4757b279b,0,1672.9,1672.9,1672.9,,17,0,,1933,,,,,0,0,53.5,0,05-02-2025
0x303864f3129ec9af51c271db00edd41ac6bec609,-771.4,0,5541.7,9327.4,,0,0,,6.6,,,,,204.7,-4.1,1155.4,-11.6,05-02-2025
0xf4a2acdc063c4598dc3ae7ad8aa8597a533e3496,142,341.8,341.8,483.8,,31,32,,633.9,,,,,24.8,38.3,30,-79.1,05-02-2025
0x2bec77da9ff0aadb4d717cbb6b0215ac57fdba91,204.2,219.3,219.3,423.5,,1,1,,5.4,,,,,0,0,,,05-02-2025
0x1d6364a418c5d1b4f2786f77e7f4de4c298e03bc,0,0,0,0,,1,0,,2109.9,,,,,565.2,1.4,3391.1,1.8,05-02-2025
0xaa6566dcc91e29fed860925f7878260020c8ee6e,0,0,0,0,,2,0,,0,,,,,0,0,,,05-02-2025
0xa1fca6ee1e5b3d6d51645aa06901b1d31151bc9d,0,0.8,0.8,2515.1,100,0,0,0.8,0,1,0,0,0.1,10.5,-0.2,956.9,-28.3,05-02-2025
0xd5ff508855cfdcc2af8f6fc177da62dec08508b2,0,0,0,0,,0,0,,0,,,,,0,0,,,05-02-2025
0xaa81ec61ad67e02dcf0a1f75ab44c88c7baa1d3d,0,0,0,0,,0,0,,1.8,,,,,0,0,,,05-02-2025
0x103b1ab2e5fc5120e55c31198458b413e5ac0c80,-2870.8,790.1,3365,2544.3,,15,13,,15.1,,,,,146.8,-13,550.2,-33,05-02-2025
0x818a134fee8f023fbba528bb9d9cf297c8069ba3,0,-9770.1,-9770.1,-9770.1,,19,8,,0.1,,,,,81.1,-11,1372.2,192.3,05-02-2025
0xa72c7f9f1d417c2b097c21119c87577b00dce5cb,-29.6,0,67.1,183529.1,,0,0,,1.9,,,,,264.7,-16.1,941.4,-4.6,05-02-2025
0x000b690bcf9d811fb9b33062d3348401d4000000,-2.7,311.9,60.7,5489.7,75,9,6,78,649.6,3,0,0,4.1,165.4,-3,731.2,0.4,05-02-2025
0x41a736f8c501b924a633a82ce6e5faefa9cf4040,0,973.2,973.2,973.2,100,1,5,0.5,41.4,0,1,0,8,290.7,100.1,,,05-02-2025
0x01ca30c1296c5fc585e42ecaa8587c78f077fd33,0,0,0,0,,0,0,,0,,,,,0,0,,,05-02-2025
0x0daf31c7a4ceee83f209a8ee74beac9e6878a869,0,78.1,74.9,146.4,,3,3,,361.6,,,,,45.2,-0.7,77,6,05-02-2025
0x447a40ae7e233e7c5e126e1808a5580a328fbf64,0,60.2,60.2,60.2,,2,0,,3,,,,,0,0,,,05-02-2025
0xe740f52e6e53be768b5f9cc9efa6d2e6a0ef9bf7,0,-10.8,-10.8,-10.8,,5,0,,0,,,,,2.6,5.2,,,05-02-2025
0x42e2dd82de5b2228f266f664ef410609bfbf13ea,0,0,227.7,3366.7,0,0,0,0,0,0,0,0,,119.1,9.9,134.1,19.2,05-02-2025
0xae7d938d024cf85b48b647b0c7d8343ba13e48ea,-11.6,-340014.7,-342465.1,-335018.4,73,2995,3297,-680,58.5,402,1,0,107.2,7789.2,2.9,,,05-02-2025
0xf645ff37b11d37638f19384703fa6ad949448a0b,-573.4,310.6,865.4,292,41.1,211,206,1.9,494.2,69,4,1,37.7,24.3,-3.4,,,05-02-2025
0x5e46a477e0db119d8e0da30ddcf10fc0b586387b,-1.2,194,-101.2,-102.4,28.6,30,22,0,62.3,2,0,0,40.7,95.9,-15.2,191.1,-13.1,05-02-2025
0x4635530966926d9a83475f2a2b16fbb58591027d,0,3038.9,12119.1,5219.5,73.1,2248,1785,13.6,334,166,3,1,146.5,5610.9,-3.9,141.6,-0.8,05-02-2025
0x5bd7840ddb04bbc8253f6d492c6936cbdf8aa28c,0,2331.5,6137.8,6137.8,71.2,261,210,0,0,47,0,0,48.2,615.1,9.6,2299.1,3.9,05-02-2025
0x89c2605244854dbff2d7fae8a47770ec00d76522,0,0,0,0,,0,0,,60.3,,,,,0,0,,,05-02-2025
0x4fd70700a3cc26fb0dffd89ead58164f3d0ca58b,0,78.4,-135.2,10390.3,50,18,18,0,3693.7,1,0,0,0,137.8,-4.5,10566.6,1.5,05-02-2025
0x92656ce2c698bcc8e6e7318c4adb8d1add3546b1,446.4,2846.9,2846.9,3293.3,100,191,184,1.6,68.2,1,0,0,177.9,0.3,-0.5,,,05-02-2025
0x982cd34f309a586b32c17af4e957731f02dfb8fc,0,0,-4.6,-4.6,,9,8,,58.1,,,,,111.7,0,,,05-02-2025
0x8e147a695c66b96637d305bd9a4d1b63c0fe2bda,0,-263,-263,-263,,122,0,,0,,,,,155.2,-8.9,47.3,-67.3,05-02-2025
0x40efb93315ce72340c2ad477dd44af1f69d9328b,0,-817.5,-817.5,-817.5,100,17,0,,10.3,0,0,0,,55.8,-4.7,,,05-02-2025
0xbd80fab43424b609e9e77fa5d00462ead119e420,0,134.7,132.8,11810.4,,7,6,,50.4,,,,,174.6,-2.1,23.7,1.2,05-02-2025
0xda31cfc8fb60866bee7e9d305629dc84e017deb0,0,0,0,0,,0,0,,0,,,,,0,0,,,05-02-2025
0x92133ec8d20be92310ce13393cd70df0d99bb7b0,0,0,0,0,,1,0,,83.3,,,,,0,0,,,05-02-2025
0x0376fcd4b1ca886b0376aac9b052542508bfada3,-98.6,0,0,-97.3,,0,0,,1.6,,,,,0,0,100,-98.6,05-02-2025
0x79e982637cb13bc254d0698d1408fb2e459dd3fe,0,0,0,0,,1,0,,103.7,,,,,0,0,,,05-02-2025
0x959b3d5512033e5efa6ef551a21ab0cf7ea9dcbf,0,0,-736.3,-736.3,,11,0,,10.4,,,,,147.2,-8.8,2536.2,-91.3,05-02-2025
0xbcb4c5bdbc395373d19469a101fd2380aa3a2b8f,0,152.6,152.6,152.6,,1,0,,0,,,,,706.5,5.4,,,05-02-2025
0x8a755ec3532fbfb736cfe4e72f96255f8154fbff,0,4103.6,4103.6,4103.6,,0,0,,12.1,,,,,0,0,,,05-02-2025
0xcfb4557782b7969025553f5cb25da896b7ca59c2,0,0,1284.3,1284.3,,0,0,,0,,,,,35.1,-5.4,589.9,240.9,05-02-2025
0x6bf92a6287e7712a2ec17f092a24397ddcb2a17d,19892.5,0,0,19892.5,,1,0,,17.4,,,,,39.8,10838.2,,,05-02-2025
0xd03fb3f877965c95019300145ab1a06e31da323f,0,82.9,82.9,82.9,,0,0,,0,,,,,56.2,16.4,,,05-02-2025
0xc959ddf8b7b68916bea6e47143c393e0f7513fd0,-1833.7,2208.4,1656.9,-496.2,,4,1,,12.3,,,,,139,-12,991.9,-5,05-02-2025
0xda3911895cfe9122bfef26d4ed72f3e755b972b9,0,-148.9,-312.4,-312.4,,265,302,,34.5,,,,,0,0,15842.1,-0.5,05-02-2025
0xf8ca3c91adff5ce5aa6b5e845d20f9305c995edb,-364,0,0,-364,,3,0,0,24.3,0,0,0,3,204.2,-26,,,05-02-2025
0x79cf75d26223c70673047fec27a85487205b82c0,-0.2,0,0,221781,,0,0,,45400.2,0,0,0,,724.9,-0.9,1498.7,-31,05-02-2025
0x144ce0bc79e7cbc4d98a9bfe96b1cda482936318,-1.6,-276.2,-342.8,-381.4,,27,23,,75.6,,,,,13.3,-15.8,58,-20.7,05-02-2025
0x9c6e78fb0eba308a9ed668aef21971d7d9336bbe,-102847.5,433835.3,1552715.6,7408200.1,100,2856,1759,33.5,2755.5,1,0,0,88.5,62089.2,-13.8,120933.7,-5.9,05-02-2025
0xf678a501b9166b4a4cfe58b6fcbbb179d4435a30,0,0,0,0,,0,0,,148588,0,0,0,,0,0,,,05-02-2025
0xbb6b1d02239a54d2cca53b168abe5dd738027e40,-203.8,1910.6,577,447.2,,5,1,,2412.1,,,,,12.7,-2.1,60.5,-39.6,05-02-2025
0xb0bccdb4ff337d9819be209541ed78f752c984bb,0,0,0,0,,0,3,,5.5,,,,,0,0,,,05-02-2025
0xfbc5353dc065275cbc60e4e87a14b1fda4e034c0,0,0,0,-1.4,,6,24,,0,,,,,362.5,-2.3,1441.8,2.5,05-02-2025
0xb873ba9a67c1a8b95770978feef876178890afd9,2722.4,-5062.6,-5684,-12508.7,,15,2,,3.8,,,,,536.8,-9.8,1001.1,31,05-02-2025
0x13fc53ed06ec4aa5c0455a3e0a3efa99de8492f2,0,0,0,0,,1,0,,1.8,,,,,3.1,15.8,,,05-02-2025
0xc58164eb3717f8c0fa14d5501e50f2c64c619f21,0,2124.4,6521.9,6521.9,,23,27,,994.1,,,,,510.8,0.1,1326.3,21.8,05-02-2025
0xefa4fed8d50e2dcee53774d35ac15c5f305b8f5d,0,0,0,0,,0,0,,0,,,,,0,0,,,05-02-2025
0xeb509aae2b48caa25a4047fd04b60eab10cd196e,0,143.9,230.4,230.4,,1,1,,409.2,,,,,188.8,9.7,,,05-02-2025
0xe836fbc67da058c30185a1d6b7019a7321d4b96c,0,18104,18104,18104,100,2,2,10,0,1,0,0,5.6,,,,,05-02-2025
0xfe8f280041caeb37e0c300b2078e8135173e0280,0,0,0,0,,0,0,,0,,,,,0,0,,,05-02-2025
0x3073f5fdf4d0b4cad1f7d59eaa02f599d54d1eff,0,443.8,443.8,443.8,,1,1,,0,,,,,120.9,367.1,,,05-02-2025
0x1900842929f951ac1ea94d71a11206d93ad2ab04,176.5,2458.5,2458.5,2635.1,100,183,178,1.4,121.1,1,0,0,177.9,0.6,4.7,,,05-02-2025
0x9bfc6bf9550d96ee91994446aacd72be547fc323,0,0,0,0,,2,0,,5.9,,,,,2.1,0,,,05-02-2025
0x0da1f0890581322a6edc277d6a1a75f054686da0,0,741.9,741.9,741.9,,1,0,,11.2,,,,,0,0,,,05-02-2025
0xce1ac4cdcfc680e729a03c209f4b704701be8765,0,268,268,268,,53,17,,4.9,,,,,39.5,-2.5,263.9,20.7,05-02-2025
0xb044d9c043b89cd7b79aee8d8b4f3acf271c46e0,0,1164.7,1930.8,1930.8,75,3,9,0.2,0,3,0,0,3.7,367.1,28.1,,,05-02-2025
0xec796be072a0f9adf5aedcd39b7792063739620e,0,0,0,0,,0,0,,0,,,,,0,0,,,05-02-2025
0x3d65de60e83573922a885826e7128f636dcd31b8,0,-2090.9,-524.8,8185,,31,13,,9.8,,,,,110.6,-1.2,567.5,-4.9,05-02-2025
0x8f4692ef92167e9a7ab499bf15eb58cd0fb2a27d,0,0,2116.7,2952.8,,0,0,,0,,,,,0,0,41633.1,7.1,05-02-2025
0xffe1eebd5e3a0b23b16f29614eb1169b5135fb83,0,0,0,0,,0,0,,0,,,,,0,0,,,05-02-2025
0xb07c8f992045cc76035a248a64b9f6ffcdffffff,0,-20.2,-20.2,-20.2,,1,0,,610.2,,,,,219.8,-19.7,1195.7,42.5,05-02-2025
0x9cf9af5a6404ecaec347fbf24b6ce7448d9cbb91,6883.2,0,0,6935.7,,0,0,,76.4,,,,,100.3,1728,,,05-02-2025
0xd74bf6ad39d972b2cefb175a43da8c3c0f9c1d0b,0,6,6,6,,1,0,,0,,,,,12.8,-3.4,28.2,28.9,05-02-2025
0xf49ec8ff3b926e34b56b01b39dc7b871c0656fdf,1629.3,-407.7,-2432.5,-14808.6,50,20,20,-20.4,17.4,9,0,1,493.2,59.7,-15.1,187.5,-19.6,05-02-2025
0xe1847f251790f2d7402dc832c4dde9a03da6a115,-2.9,-4.1,-4.1,-7.1,,5,7,,0,,,,,3.6,-14.1,7.9,4,05-02-2025
0x6df0392d7a1e17222a2491c620072027861a2a3b,-2497.4,64011.1,64011.1,61513.7,100,305,361,64011.1,670.1,1,0,0,184,0,0,,,05-02-2025
0x427759d856688f547e556e0dc66751726587be03,-166.7,-32.3,466,193,,37,41,,5.8,,,,,155.7,-0.5,265.6,2.6,05-02-2025
0x0c6b7a41ff941fa971f0ae9e19d4b2900f7f010b,-768.3,2892.8,4039.1,7450,38.9,73,74,0.1,499.2,9,0,0,103.5,2267.6,3.9,627.3,-32.9,05-02-2025
0x86a619d14c7b630360a31df556865ad5ef2eb914,2410.7,-3507.8,-5261,-2850.3,12.5,6,8,-0.3,8850.8,2,0,0,54,892.9,-33.5,4969.7,32.9,05-02-2025
0x1362f854f1e67636a954cd85b9450e053297a178,130.9,224.8,224.8,1648.1,100,0,1,0.8,510.3,1,0,0,2056.8,0,0,,,05-02-2025
0xf6ca553ce3e85a76b8b4b6bda1ece46de7d25b43,0,-1.7,-1.7,-1.7,,17,0,,0,,,,,1.2,-5.3,1.1,-0.3,05-02-2025
0x5bcbb6426763fcebe0fa6428f4f7bdb4fac7f2c8,0,0,0,0,,0,0,,0,,,,,0,0,,,05-02-2025
0x3d7c223d618276b975b3770384d025071cf25f22,1702.3,-1244.9,-2694.3,-5649,60,18,12,-249,1.8,2,0,0,629.4,210.5,-6.2,1561.4,-19.7,05-02-2025
0xe49881d4b83626b6f1be48d7ac6e4d4f3b08d127,0,166.4,14.8,141,40,13,13,16.6,205.9,3,1,0,6.2,70.2,-4.7,63.4,36.8,05-02-2025
0xd6e6bd59ee9c56d859c3eafd3eacf6edb64fc675,0,0,-141.5,25.5,,0,0,,0,,,,,151.7,2.4,884.5,-5.3,05-02-2025
0xe2bf1102d71f5e57eed6bf30c51964b1364b8a96,0,4453.6,8643.9,44919.9,51.6,313,317,36.8,4627.1,79,2,4,242.2,349.5,2762708183367867.5,461.1,997.8,05-02-2025
0x90947bbe6d1dd2c77e0517baa59a165c8f34564c,0,0,0,0,,1993,0,,120.6,,,,,3190.3,0,,,05-02-2025
0xd7653940a6d059e453887126578cf79b203159e6,0,186.3,-394.3,-978.5,50,2,2,93.1,784.4,1,0,0,1.1,111.1,10,889.6,-18.1,05-02-2025
0x4bc7c451ff2804ef1e83a10deb6bcac5fb66879d,-3030.9,1006.6,1006.6,-3392.8,,18,15,,0,,,,,4.1,-9.1,939.2,-22.4,05-02-2025
0xb775128b258aa7d762b9d298256496e7a783e81f,-58.5,0,0,-58.5,,21,0,,0.4,,,,,81.8,-80,73.9,0,05-02-2025
0x884731ba393184fd4dda1f10d0bc477263dbcc1c,-9,-165.1,-22.1,579.2,60,11,9,-33,125.7,3,0,0,25.7,92.4,2.9,224.2,-1.8,05-02-2025
0x51e2710126ae48b9985d317c2fb2e1bdd95ac231,0,0,0,0,,3,0,,5179.4,,,,,0,0,,,05-02-2025
0x3ffc1caa00d242a2dcbe4ea409536556c3bc4460,-767.9,-140,-16047.5,-18852.7,40,17,5,0,12.9,2,0,0,38.9,565.6,-29.9,2645.2,-45.2,05-02-2025
0xac1dbac279f02a4ec333ad17279093dcf6230136,0,4099.6,4099.6,4099.6,,11,0,,0,,,,,0,0,,,05-02-2025
0x696e1f014a0dd8b0cd53b66a32fb2db9db22e540,0,0,0,0,,2,0,,2.5,,,,,0,0,,,05-02-2025
0x656e8f3003abee850c86415f53106ad6452e8fed,0,11072.1,11072.1,11072.1,100,8,17,6.1,0,0,0,1,143.6,0,0,,,05-02-2025
0xae0bae600260e45087576c56ea65a3daddef405e,0,0,0,125616.7,,0,0,0,0,0,0,0,,18253.1,4,4492.2,-13.7,05-02-2025
0x57b06339ad8beffde8e2504f5bee7917f73f8e07,4848.4,4080.4,4080.4,8928.8,100,188,198,2.2,123.3,1,0,0,177.9,8.6,0.8,,,05-02-2025
0x852d712254752ff7cd4f1850b79d9fc229bde4d3,-5671.5,-138.8,-138.8,-5810.3,,22,28,,16599.7,,,,,0,0,,,05-02-2025
0x0968d04b631163bcc046ef675f2ed6f29bc9aa5f,0,0,0,0,,15,0,,0,,,,,22.2,0,75.9,0,05-02-2025
0x277b390bd2469cc63f717fa5927d557982b54054,0,194.9,1155.6,6352.7,,17,17,,241.1,,,,,371.8,5.6,,,05-02-2025
0xf4983dd9df3ff70b998d151b159c443fccf5aa18,-275.8,-21,-21,-296.8,0,13,6,0,19730.8,1,0,0,11.2,64.1,-1.1,,,05-02-2025
0xf72a9d0d685d750dc2380221a3bdc3880fb0f4a1,0,0,0,0,,0,0,,0.8,,,,,0,0,,,05-02-2025
0xbed2079e1e2c0a98741a1c9b8fb8342e7e4b94e8,-2182.4,0,0,-4685.8,,1,0,,8.1,,,,,145.8,11.5,473,91.5,05-02-2025
0x3bdb06e05946f64e7b42e73b9eb0b63d1ec5b511,-0.2,-110,-534.5,-582.8,,94,91,,11.8,,,,,72.5,-3.4,263.2,-4.9,05-02-2025
0x2df055a82eb626e6aee8456bb3c45313f9680543,0,621.2,1118.2,1623.1,,49,42,,494.9,,,,,92.5,0.5,175.8,19.1,05-02-2025
0x1111e09c4d899ba268dc0d6e5a3bb13379ac6051,229,4448.9,23663.2,324524.2,49.7,3132,3595,10.4,35628.5,315,5,17,184.8,2687.1,5879040531174.7,444.5,96,05-02-2025
0x1096b86bcb488a5a15548896600082da93ff06c0,-17869.3,11210.1,40858.3,23924.1,100,16,3,3736.7,100266.4,2,0,0,25.8,286.5,-15.3,2203.5,-29.7,05-02-2025
0xa5667c22ebfa7c3da3a77576091c451d0b16c286,46.2,-1611.8,615.1,661.3,,57,27,,102.2,,,,,1045.8,-0.9,470.9,5.3,05-02-2025
0x6aeac9c85160cef4ae872c45218f5c90158c99a7,0,50,50,50.1,100,8,1,0,0,1,0,0,1.2,759.3,6.6,,,05-02-2025
0xccbef76c0844bd3211e7574033ded6394d40bee5,0,0,0,0,,0,0,,253.7,,,,,0,0,,,05-02-2025
0x666666666fda8cb1c20fd9eae86df033fa40d3d8,0,-542.3,-1345,2337.1,69.9,6040,5519,-1.1,52.8,323,4,4,81.7,2.5,24.5,9.4,-17.4,05-02-2025
0xe333971a9c8a9fa186e9f2a75c368ab58437d8dd,-495.2,-358.6,-3874.5,10842.9,20,13,8,-59.8,4.4,4,0,0,501.7,2206.5,-2.2,5321,-29.8,05-02-2025
0xad7cd0858fca4ce9dabed656d8d4921860cddfc4,0,1073.5,1073.5,1073.5,100,1,6,0.6,3.7,0,1,0,153.4,0,0,,,05-02-2025
0x811547286646a385bb4253e69d296eb8136715e2,-177.4,61,-426.7,-960,100,1,0,61,253.4,1,0,0,6.9,109.7,-15.4,58.3,-8.5,05-02-2025
0xea0f8f9785cfa774148982486ad322a981896282,0,0,0,0,,0,0,,0,,,,,0,0,,,05-02-2025
0x00000000009e560932b2d1b4161c7ccd7f5c1fab,51.7,4435.2,325200.8,669946.1,78.6,21534,20514,8.9,30.1,347,3,1,151.5,16233.9,-2.5,3771.9,-36.5,05-02-2025
0x074f2f212bac2fafcbe3403efab7268d16757bf2,0,0,0,0,,1,0,,63.8,,,,,0,0,,,05-02-2025
0x4f8ad87efc29df4ac4eea35b02d86c954b8d3969,0,237.7,-785.4,-1435.9,46.5,149,79,5.5,320.9,20,0,0,2.3,474,1.5,1085.7,5.1,05-02-2025
0x1b6e35f9688524cbf302bdebbdb81dd858ad1bfe,-56576,0,-186.8,17498.1,,0,0,,1881.6,,,,,692.5,537.4,4943.1,-98.1,05-02-2025
0xf79e03d6cba5f861f7883354bfe99438be437b54,0,0,0,0,,0,0,,0,,,,,0,0,,,05-02-2025
0x37400901956cc5eb674c79ef278d809ecfe79ac7,-0.1,-5.2,335.5,651.4,50,0,0,,0,0,0,0,,87.2,24.9,252.7,9.6,05-02-2025
0xf031a88a07a01888304116888c90d32a8cbc3295,-3,0,1202.5,-2227.4,,0,0,,0.6,,,,,371.9,-24.2,542,93.8,05-02-2025
0x26b022818d80740ddf3d1e2b7e617f8be8bd81a5,0,189.6,454.3,454.3,61.5,12,13,14.6,0,5,1,2,0.7,67.3,53,79.6,-3.4,05-02-2025
0x45c2b4c2febf7fb36132e31f2890748552fed6f5,0,0,0,0,,1,0,,6.5,,,,,0,0,,,05-02-2025
0x128f36d37b08618f482730a268c26eea8c8bdba2,0,0,6.3,0.7,,0,0,,0.6,,,,,15.8,17.1,3,59.9,05-02-2025
0x7bc8a9ca00f203540644d62edb03aec5cc820b28,0,0,0,0,,2,0,,0,,,,,1.4,0,,,05-02-2025
0xf22920769cb8996c3d2b0904f4e62d2b10dd261b,29.1,0,0,43.7,,0,0,,29.7,,,,,0,0,,,05-02-2025
0x82eb6d923a9934c6b567340e4899fed61653ca09,0,326.8,326.8,326.8,,65,0,,0,,,,,0,0,,,05-02-2025
0x232a59320067cdc0e963053cdf74888844998fec,6217.8,18.6,18.6,6236.3,,0,146,,152.5,,,,,126.4,76.4,,,05-02-2025
0x27e6eafafb00336882ca627751024e150f0a1d7a,-248.8,0,0,-248.8,,7,0,,0.4,,,,,56.2,-89.6,61.1,-100,05-02-2025
0x6f570a814daa888ac284fba0a04ffdb11aa21a36,0,17.6,113.2,478.5,59.7,3694,3573,0,4.5,201,0,0,45.6,4742.1,-2.1,110.7,0.8,05-02-2025
0xe7dde46743a295412b780b8bec206d8cc5fe2582,0,0,0,0,,0,0,,0,,,,,0,0,,,05-02-2025
0x193ea822003623ce176b0305c2d25e5c93abd757,0,0,0,0,,0,0,,27.9,,,,,2.5,0,6.8,103.3,05-02-2025
0xef76d59c927dcd74720291d3abe39ad1b07e2207,0,22.8,22.8,22.8,100,6,1,7.6,303.2,3,0,0,7.4,0,0,,,05-02-2025
0x4a98eb599c14e58ceab3f31adbf8d7ecff10b7f3,0,432.6,-1002.5,-88568.7,,3,1,,29678.2,,,,,505.3,-2.4,1140.4,66.5,05-02-2025
0x73494acd044b9dd784f7338de389a01e448c1951,0,0,1530.8,1530.8,,0,0,,0,,,,,260.7,-1.5,1256.4,31.8,05-02-2025
0xa91a66eec816819634255463cf1bd42cdf6c4bbb,-0.1,106,106,105.9,100,10,17,0.1,5.8,1,0,0,,0,0,,,05-02-2025
0x148aa0617615c711dc5a16b3aa896c50adacdac6,-3.2,41.3,41.3,38.1,,11,0,,1.1,,,,,0,0,,,05-02-2025
0xfb7f8d3f9424ef3a8af95ec44b090a119603410a,0,5374.2,5374.2,5374.2,,40,0,,8.4,,,,,0,0,,,05-02-2025
0x700631fa3f8f15c2813d7990d056aa21d160deb0,0,0,0,0,,4,0,,93,,,,,0,0,,,05-02-2025
0xce2f18348e3c23f8a90e384cd74345af6a5214c3,0,0,0,0,,0,0,,0,,,,,0,0,,,05-02-2025
0x6442ce47fbaadfae1a8eac9c30bc78c70f37f6be,-36.1,0,0,-36.1,,18,0,,0.4,,,,,39.6,-30,73.4,0,05-02-2025
0xe09c19aafba98ce4ec3e5665d78c6333fb7711d9,457.9,-194.3,-1493,8426.6,,5,3,,4.9,,,,,279.3,-6.7,1544.2,-5,05-02-2025
0x382ecaeb9cbca7f0771c966c1d1442bcb0a39f8c,0,0,0,0,,0,0,,4.9,,,,,0,0,,,05-02-2025
0xa7edf404f9932516676f0edb28bc08f3356b6b11,0,0,0,62.9,,0,0,0,5,0,0,0,,59.5,-2.9,,,05-02-2025
0x658320d31129411b69f5b9fe336093b841b61a94,0,0,-633.1,-633.1,,9,0,,11.1,,,,,133.5,-7.4,2595.8,-89.6,05-02-2025
0x8cc0b82a054f0cb6071e97353473e29fd5b579cf,111.9,4,-4.7,191.7,,19,6,,7.1,,,,,16.1,1.4,112.2,-41.4,05-02-2025
0x7f548b0be09339dd455d31508e49dd761d03e324,-170.7,-700.7,10392,12266.3,,2,2,,20.2,,,,,49.3,307.2,255.1,-26.7,05-02-2025
0x343e9df9278ea97a67401e0894404c4aeea1740f,-155.7,0,0,-155.7,,17,0,,0.4,,,,,84.1,-91.7,75.2,0,05-02-2025
0xb5707373a9ea740d150dcf2003bc289c0a95a23a,-5.9,-177.3,-407.7,608.8,,28,13,,869.2,,,,,296.7,0.4,1055.5,-49.6,05-02-2025
0xfb50d511b86c65fd963b901c8468ba7c025727eb,0,595.2,5882.8,15980.7,,7,7,,1524.4,,,,,568.1,20.3,598.5,16.7,05-02-2025
0xa0dcca5f93a7abf8ddafd81119155d5939c7e82e,0,256.6,256.6,256.6,,14,9,,44.7,,,,,50.3,1,791.6,-29.2,05-02-2025
0x86703abca5d42da361644bece00e1797319c565e,0,0,0,0,,1,0,,0,,,,,,,,,05-02-2025
0x66fecd3a2ba37c6ef6e39aa4e35c1467561899e6,0,0,0,0,,1,0,,5.9,,,,,42.3,-7.9,,,05-02-2025
0x09692c5c294bd6455624291655187f7f11aac674,0,-140.6,-140.6,-140.6,,2,0,0,512.2,0,0,0,0.1,241.4,-9.7,,,05-02-2025
0x451c9ff6905b18921e82b4fa084b694475288e4e,0,2.7,2.7,2.7,,4,4,,0,,,,,,,,,05-02-2025
0x450cb40e4c70f8825cca745baf82b1f97c520df2,15.2,34.7,40,50.5,100,8,15,0,3,2,0,0,2275.3,2.3,-0.2,,,05-02-2025
0x2c9eac1dab80dca5b2ad75eaef6b346cd3cd0fa7,0,0,0,0,,8,0,,0,,,,,0,0,,,05-02-2025
0xb1a4c9a5be0d08b39482f62c42a3cd786f1ca375,0,0,0,0,,0,0,,0,,,,,0,0,,,05-02-2025
0x410d65175f86e65f8ed360468d91e2a67b3eaef0,-128.3,-3733.6,-1421.6,-1549.9,,17,17,,19.9,,,,,965.7,-3,,,05-02-2025
0x74018f10e79022f959b98f8fd10812d3b1e22899,0,0,0,0,,1,0,,0,,,,,0,0,,,05-02-2025
0x12a7ee2718894df1a13761faa04cc9ca974d2421,0,19.1,19.1,19.1,100,124,141,0,3.5,1,0,0,83.5,0,0,,,05-02-2025
0xcce9a7cd1cebb7416e8b649fdcd795baec2d32fb,35.9,253.2,253.2,289.1,45.5,53,18,0,6.1,5,0,0,16.3,115.5,-2.4,106.3,20.6,05-02-2025
0x207562494239117c0d14877801be78909f053f6e,-1.4,0,-28.6,-15220.3,,2540,0,,120.6,,,,,58643.4,0,17688.2,-11.7,05-02-2025
0xb57c54101a34f6c88242bcf2b2af101b2385b8a3,0,0,0,-94.4,,0,0,,0.1,,,,,0,0,,,05-02-2025
0x3577f54ff2858a9816e446f9ec819df4c92f1fe6,0,20.9,1090.8,1090.8,,3,2,,0,,,,,359.5,19.6,,,05-02-2025
0x45db4c1c550621eebc46234d8f684954aa2ba0ca,0,0,0,8677.8,,0,0,,0.8,,,,,29.1,5,20106.1,43,05-02-2025
0xe9992ee12d7c429b8c8d07d7f8797c915836de7e,0,1137.2,1137.2,1137.2,100,2,2,0.6,0,1,0,0,143.6,0,0,,,05-02-2025
0xa9060ce99ee67ad34cd18bd773fa0eb1dc96feca,0,-349.4,-1223,5177.5,33.3,9,9,-49.9,138.5,3,0,0,84.4,651.7,-6.1,1049.1,2.2,05-02-2025
0x4c4a5b7e281c892faedbf08b805f51940b4eccaa,0,0,0,0,,1,0,,0,,,,,0,0,97.5,0,05-02-2025
0x348e8e0dd524fb2461961ccfbdb0a7bd0ea4c360,0,1649,1649,1649,100,3,2,0.9,0.1,1,0,0,21.5,,,3733.6,44.2,05-02-2025
0x7e132d30af55259922800ae49a35faf3f1f2c59e,3540.7,1319,1319,4859.7,100,89,87,0.7,0,0,1,0,177.9,2.3,-1.9,1651,294.3,05-02-2025
0xf8e51698c0c05887a7dc9aa73eec8517a628432d,26.8,-2097.4,-2796.2,-3463,,160,236,,69.2,,,,,0,0,,,05-02-2025
0x86b948f90ff854c78d4e58594011d198e7da296b,0,67.5,67.5,67.5,,0,0,,0,,,,,5.6,7.7,206.5,0,05-02-2025
0x2d6d7b823bff31f8fca563ba2c8823b64cc6b9fc,-48453.2,0,0,200503.8,,0,0,,7907,,,,,467.2,-11.8,877.9,3404.7,05-02-2025
0x798363df7f0bee3bf9462cd6570cb21a5840f7da,0,0,0,1648.7,,0,0,,0,,,,,960.2,35.5,,,05-02-2025
0x2e1c8a19b80c8d0c8a3c7f6b4d436dd81d3bafb2,0,-0.4,-6955.8,-11908.6,,40,37,,7.9,,,,,12022.9,4.8,3262.7,-5.7,05-02-2025
0x460e1ad30f2f96e79f4f1c41bce69c811cf6c5a1,0,-210.3,-210.3,-210.3,,6,0,,121.4,,,,,89.8,-1.3,,,05-02-2025
0x13eb5b831154a1d6680191cf0253da00835127d3,-2009.9,0,0,62011.5,,0,0,,65.1,,,,,733.6,-3.6,3399.2,-63.3,05-02-2025
0x832e297f9edb18f082f63f7b245f974ae63d9f77,-31.9,-3167.7,30440.1,217352.7,50,112,59,-264,146.8,8,0,0,6,2341.8,-3.2,65735.6,24.8,05-02-2025
0x0d1058d56aa537bfefc64e538387057c04a5a317,18310.5,0,0,18310.5,,1,0,,15.7,,,,,9.3,21859.9,,,05-02-2025
0x75da0f8025906c5e61c053bea358a8ddffa64616,0,0,0,0,,0,0,,0,,,,,0,0,,,05-02-2025
0x3a5a7d45f6cf04a4ee3c806cd5a82cd374643aee,0,0,0,0,,0,0,,0,,,,,0,0,,,05-02-2025
0xd6ab63908da00116a3eddb89ae87d9d179ff78b7,0,0,0,0,,2,0,,0,,,,,0,0,,,05-02-2025
0x5ad7fbcdc5bad9c8b81f80c552b8a0588a95b94b,0,0,0,0,,1,0,,3,,,,,1.3,1.4,114.3,48.7,05-02-2025
0x215206f28d338f11404e2fa59080ca4838c49d4c,0,28.8,28.8,28.8,,26,0,,0,,,,,1.6,0,1,0,05-02-2025
0x40b5ea0a1f9514ff52fd8fc65f39a1e8158b4a2d,0,-9,-9,-9,,1,0,,0,,,,,0,0,,,05-02-2025
0xef8cc7363fc96a00b13718db54f763d4cf6e1166,0,-287,-287,-287,,0,0,,0,,,,,0,0,,,05-02-2025
0x0f0fc253dfc1c533aed751c4ea8c2a07283438ca,-249.2,943.2,-887,7044.9,100,10,8,471.6,613.2,2,0,0,3.1,796.5,9.6,1649.3,-2.3,05-02-2025
0x0fbdea723274fb31092b3780b650542a44fef747,0,-476.9,39050.4,50240.7,36.4,10,15,-43.4,3089,4,0,0,0,1090.3,37.5,1308,22.7,05-02-2025
0x7827432ae7fb01b9a08aa6ab034f06e1e9ac708f,-3.1,134.5,-371,-533.2,100,1,1,67.3,7.8,1,0,0,183.7,114.6,-9.9,,,05-02-2025
0x019fa207130871142593a5da5b6051d780f5c07b,0,724.9,724.9,724.9,,7,0,,64.8,,,,,0,0,,,05-02-2025
0xd5d670c3281d75f07cd28793b193afd1b3b81b40,-994.3,1403.3,764.2,16081.7,44.4,29,26,78,2102.2,10,0,0,32.3,134.9,-33.4,568.9,13.6,05-02-2025
0xafad7b7c8f16dfcdd94c785e1469ed5ad3371fce,0,292.4,8141.7,90028.3,54.5,11,11,26.6,471.7,6,0,0,174.2,513,5.9,1021.8,13.9,05-02-2025
0x705ae1ec422fad61efb14c2b07567bc95d762879,0,79.6,72.8,284.6,36.4,58,47,7.2,182.9,4,0,0,38.7,105.4,-4.4,473,-5.2,05-02-2025
0x4976eed4fb3f2204ce91380cd9b11f55b678f4bb,0,0,0,0,,0,0,,0,,,,,0,0,,,05-02-2025
0xf21e867028c116675b6aa15ed3591e4a23e43774,0,0,0,0,,0,0,,0,,,,,0,0,,,05-02-2025
0xb47ca78cfb5a3e79a1d2525789ced5108ffaf67a,0,45.1,45.1,45.1,,13,0,,0,,,,,1.6,-0.4,,,05-02-2025
0x1cd4df062c99d15ba459535083e31ccfd1388cfe,-896.1,-12.6,309.6,47.7,33.3,5,3,-4.2,311.3,2,0,0,0.2,116,-6.9,196.8,-77.9,05-02-2025
0xbee7f02a6b7b91d90cd2714fe8fde16d4c36de06,9460,3899,3899,13359,100,161,175,2.1,0.1,0,1,0,177.8,10,-8.4,5145.7,259.6,05-02-2025
0xb09c4c7fddb43221ed882f0a3da39126619bdd16,0,33.1,33.1,33.1,50,11,9,0,0,1,0,0,6.3,537,6.6,,,05-02-2025
0xeb0f59a0314ebc1e9bd06602709085c96ad99040,627.5,1796.3,1444.9,4533.8,33.3,52,49,89.8,7.5,7,1,0,12.5,387.7,-2,461.2,-18.8,05-02-2025
0x502391181e6ca13fb1f451d27d4949196e44b597,-1.3,7214.9,7647.5,7578.7,,3,3,,14304,,,,,20,0,243.2,-7.5,05-02-2025
0x2734244ed6e71c3c75ee4aa4599947b899d461a4,-599.7,-11.7,-582,5022.5,50,1,1,-5.9,1482,1,0,0,8.1,283.4,-2,1190.7,-1.2,05-02-2025
0xa7a9316e9ef43c732b22f0910202c321a8ed3ba3,0.2,1615.4,22657.1,25962.5,100,1,1,0.9,508.7,1,0,0,150.4,45.2,43.8,9.7,0,05-02-2025
0x97a5cb5dd63f77ff401cd8fa3035bfe3819ff755,-0.2,374.9,402.1,7675.9,36.4,17,6,34.1,5.1,4,0,0,11.7,34.7,-5.2,76.8,-41.3,05-02-2025
0x38472b3af744a8b866e77b94fc2adfff94c22a07,-1533.3,-702,-5565.9,118.2,100,3,3,-351,593.4,2,0,0,104.2,396.1,-7.8,728.8,-49,05-02-2025
0xe2de360e34e7123b1bca07a4c4b5d42a2a0a7595,0,0.2,0.2,0.2,100,1,3,0,0,1,0,0,,,,,,05-02-2025
0xcb13558d572490174e24db63b57e898c150492c3,0,0,0,-324,,0,0,,0,,,,,462.3,-70.1,,,05-02-2025
0x224e9ea2e414ab6850b22f301b7d256d2ffc54ec,-24.5,0,0,2049.5,,2,0,0,9.2,1,0,0,0.7,22.6,-1.7,629,-31.5,05-02-2025
0x61c78b49cb18b9b0cccc32f6cc9b3fec65ee4d5d,0,38.3,38.3,38.3,,2,0,,4,,,,,0,0,,,05-02-2025
0xce42f795f76128abcb94722b27193430ae89d19e,-30,187.1,430.5,2994.6,,14,14,,911.5,,,,,81.2,1,118,60.6,05-02-2025
0x43fcf271ea9f0884d83a578355da0b3826caf0a4,0,969.4,833.3,833.3,,28,11,,21.3,,,,,550.6,-3.8,,,05-02-2025
0xd2484d868140e181ae6c569d3647f4c3fde2d57b,0,0,0,0,,0,0,,0,,,,,0,0,,,05-02-2025
0xe21851dd6781c676d86a1b72d5b6ec2205044783,0,-45.9,-113,-646,,5871,1,,120.6,,,,,14770.2,0,65532.2,0,05-02-2025
0x43579e2e0b79c630fa0c44731fda3f80e1a27c80,0,-116,-116,-116,,5,0,,180.9,,,,,144,-9.2,548.5,-72.7,05-02-2025
0x01762e4963d63c5b467ed07b153791fa34bef56a,0,0,0,-58.1,,0,0,,0,,,,,21.3,-14.6,13.8,-47.8,05-02-2025
0xb3dcee374087a8de97ef1768b2195b08eb4257dc,0,-3333.6,-3299.8,-3158.5,,292,11,,38.5,,,,,36.2,-2.6,308.9,3.3,05-02-2025
0xf59549429c3d23090f8d833e15b73f04a1026b76,0,302.7,407.4,407.4,65.2,64,38,13.2,76.4,14,0,0,8,301.3,6.6,895.9,-4.5,05-02-2025
0x10b97be9c7f063c59223557b520875e6e3e55fd3,0,1320.6,1400.3,1740.3,100,2,15,0.4,1982.3,1,1,0,0.8,127.3,39.3,126.8,-23.9,05-02-2025
0xbbb93b9425eb76e202169c593bc38cc4b9dcd25a,0,-394.3,2992.8,2992.8,,4,2,,0.4,,,,,139.1,11.8,,,05-02-2025
0x878eb4e212ef0618b13f129056bee30b86ddd95f,0,1264.9,1264.9,1264.9,100,2,2,0.7,3232.1,1,0,0,142.5,0,0,,,05-02-2025
0x4a59b18ff3a278f32baeb97f2a9f740f13c46995,0,225.6,225.6,225.6,50,5,4,0,0,1,0,0,3.8,67.7,10.5,,,05-02-2025
0x68e9a1ccd63fb9b771f17e4e5b3a7ea112ff216b,0,0,0,0,,0,0,,0,,,,,37.6,0,,,05-02-2025
0x9558f6f879abe22cacb97a4fac2e916d6d85b2c6,0,-4.6,-532.4,-816.5,,83,18,,0.9,,,,,115.4,-0.4,1779.3,-8.1,05-02-2025
0x83014b49f2d5cc3c6948c27b7a076f22058c9d29,0,0,1474.4,1474.4,,0,2,,0,,,,,60,8.7,,,05-02-2025
0xec5c1aa34d228f74dc2072e4aeac53c05bc71a87,0,0,0,32304.6,,0,0,,0,0,0,0,,773.5,67.7,1664.9,139.2,05-02-2025
0x2647fe4f460b493365034a6cb3366fc8b576d66e,-590.7,-324.8,-220.5,-811.2,40,38,10,0,5.4,2,0,0,36.9,556.2,-1.2,,,05-02-2025
0x389e3ec7bc0671638653df46b66c85edaf1c3f5c,0,523.4,523.4,523.4,,3,2,,0.1,,,,,0,0,,,05-02-2025
0x2e4c699bd61cae3c21e51da1ac90cea4ad0c002f,6985.6,94.6,212.7,7198.3,100,20,3,0.1,0,1,0,0,172.7,0,0,,,05-02-2025
0x39e12e660c72b48e50d509600aef1140f7d3d2b6,0,41.2,41.2,41.2,,4,0,,36.6,,,,,15.4,0,1196.3,14.8,05-02-2025
0x4710d6d6c48bf58a15e21edf627660028c0b7b9f,0,0,0,0,,0,0,,0,,,,,0,0,,,05-02-2025
0xfb99136a471727c5ecffa5f1e7eecfa4a6068a1f,0,-76,-76,-76,,52,0,,0,,,,,47.4,-3.4,29.7,-0.2,05-02-2025
0x66db93fd91c363d3f10bdeedf51a45311586ca7e,0,-11.1,-11.1,-11.1,100,7,3,0,241,4,0,0,0.1,63.8,1.5,,,05-02-2025
0xd4fe759294d5ad2384df9773d60ee8566b29a1cd,0,-450.1,-710,-710,,47,18,,2.5,,,,,17.3,-10.2,84.2,-39.2,05-02-2025
0x3f982a5efb4f82ea67ed53974cec43ca726afae9,-102.1,0,0,-102.1,,16,0,,0.4,,,,,84,-90,,,05-02-2025
0xd1ecf888b3faa634cfc6f2225fca0f5a285a189f,0,0,0,0,,0,0,,0,,,,,0,0,,,05-02-2025
0xdbe0a179afd1d22e3effcfbe31cf93989a240156,0,0,0,0,,1,0,,0,,,,,157.1,0,,,05-02-2025
0xe8b3531e1bf50d0cda894e60fc1ebd068ed4a73d,0,0,0,0,,0,0,,0,,,,,0,0,,,05-02-2025
0xef3e30291d9f1e2fe55a1d7617af4f1c6ad86727,0,-41,-693,-693,,0,4,,40.6,,,,,0,0,,,05-02-2025
0xb63e7c85f72e50788ab8febe0fcac49f3cf71b67,-607.8,0,0,-286.8,,0,0,0,5,0,0,0,,33.1,-7.2,,,05-02-2025
0xfa23aec23f1b318432065bb6d22f6b0090703c05,0,0,0,0,,0,0,,0,,,,,0,0,,,05-02-2025
0x51dbf72e7a08ae3773c8e95af8cb27b868d1eba2,0,0,0,0,,1,0,,0,,,,,0,0,,,05-02-2025
0xfc649eb592a3278291f7fd8600f59521e7d415d4,29.5,2550.4,-24544.8,-28730.1,87.4,208,198,23.8,42.7,90,4,0,224.6,280.9,20.1,65,4,05-02-2025
0xa47786d92ef4ebaaa0d9607a34b97236447ff88f,0,335897.1,338376.8,-2234.7,54.1,428,466,1614.9,601.4,178,0,0,149.2,34066.6,1.8,3579.8,6.6,05-02-2025
0xa1ebc0d1fa3a6f90981d42172a0d5590ec15463b,0,-236.8,1097.3,1097.3,,2,4,,2.9,,,,,754.2,-11.2,,,05-02-2025
0x7a927f038e20c47331d2eb19379509b233c7ed0a,0,-6.8,-6.8,-6.8,,9,4,,0,,,,,67.6,11.1,,,05-02-2025
0xb9d742534cbbc8d28ba9539a96c2fa209987a4d6,0,0,0,0,,1,0,,96.9,,,,,0,0,,,05-02-2025
0xe81c2a6aa56b52266073bbcc43870d3304f3070d,0,0,0,0,,0,0,,0,,,,,0,0,,,05-02-2025
0x5f3eb58fef23d7115b1dcef914c72327031c4729,-49.5,32.3,1409.6,1360.1,,0,2,,20.1,,,,,410,34.2,,,05-02-2025
0x56e5f51b46e3c2d2519af3210246ca9dfe93e2db,-141.3,0,98.6,-15.4,,1,0,,6.6,,,,,4.4,-14.7,5.3,-25.4,05-02-2025
0x4ead583045655d49988975a6970590eed06c9265,0,0,0,100.7,,0,0,,15.1,,,,,26.1,12.5,2.8,11.4,05-02-2025
0xdb15fe58ed625758128cf4c95ec477ec9f5fe469,0,0,0,0,,0,0,,0,,,,,0,0,,,05-02-2025
0x905c7b25ded4265974c56672bf7ab7f68690eb4d,0,744.1,744.1,744.1,,23,0,,3019.4,,,,,0,0,,,05-02-2025
0xa21826d5417bab05ba47ab883447ba0d98874bbc,0,0,0,91964.7,,0,0,,0.3,,,,,201.2,15.2,,,05-02-2025
0x338f89ecafeb9ddfdd3e6a233b839c2a532c655d,-10834.8,0,-972.5,14876.6,,0,0,0,25.6,0,0,0,,4420.5,-31,6500.4,-8.2,05-02-2025
0xecaa3f6888b85ffc9fdef4a81ed6e5400e608d33,0,0,115.9,1071.8,,0,0,,846.4,,,,,131.7,-6.7,94.2,-31.3,05-02-2025
0x5e64f20a50a5503946ec750a2234e5f4209cd84d,0,880.5,1190.1,658.3,,1,0,,1,,,,,409.7,76.2,,,05-02-2025
0x192603bd5abcc802045013c29ecad69ec40cb024,-48.3,740,2159.5,1574.2,38.5,18,30,46.3,24.3,8,1,1,86.5,314.6,-17.6,471.6,15.5,05-02-2025
0x1cd6ffd929b88324578faf70e16d33307491e924,107,161,84.6,-342.4,50,1,3,80.5,36.4,1,0,0,1272.7,0,0,105.8,-50.6,05-02-2025
0x3868bdff18e7efe2ae55bcf02ac2d6eba225fb6e,2850.8,2696.2,2696.2,5547.1,,0,157,,5.1,,,,,54.4,1130.8,,,05-02-2025
0x43c42f5a0d1cc0212cc669d328d2df655507bf99,-65,842,1164.6,4419.5,,121,115,,66.8,,,,,396.6,-0.5,1376.6,9.2,05-02-2025
0x5bacf8e4f139513b469e91ac03df13911d3dacdb,0,768.1,-659.4,-659.4,,13,3,,3.3,,,,,307.1,-18.3,2075.5,-55.4,05-02-2025
0xff869961d3634a236ebef5e48f2cf4c0a0b048ad,0,0,0,0,,0,0,,0,,,,,0,0,,,05-02-2025
0x282d8b16cf2f5814b39858e9b507057216c07c2e,0,0,-237.2,-237.2,,0,0,,0,,,,,,,,,05-02-2025
0x7d5381aeb51e23516088d890dfb419469dae8c5d,0,0,0,0,,0,0,,0,,,,,5.9,-3.9,,,05-02-2025
0x2ecb87af908e5bc2f140a33d84c7f5a0dcc687c9,0,-357.7,1381.6,1381.6,40,47,45,-14.3,345.4,11,0,0,0.1,241.7,1.1,237.6,-15,05-02-2025
0xac1dea88959964971d1ad8dfb389030679a641d3,0,0,0,0,,0,0,,60.3,,,,,0,0,,,05-02-2025
0xc41ee88f9f5bfaa24c0f59bb3d873e7099e2c1b0,0,0,0,0,,0,0,,137.1,,,,,20.1,6.7,,,05-02-2025
0x79de3512c9371cb5a332227e3b944a2e5b9f794a,-426.4,183.2,191.4,1461.3,28,103,91,2.1,76,26,3,1,25.9,27.7,7.6,16.1,20.2,05-02-2025
0x37acc4445d73f984d0140794b2f3afadc67ce31b,-615.9,0,0,165970.9,,0,0,,152.3,,,,,0,0,11132.9,1596.5,05-02-2025
0xed5b7eb59582e69f68d9fb5e5562e12d45f5efed,0,0,0,0,,0,0,,0,,,,,0,0,,,05-02-2025
0x0c3c95a4ca2702129e6a34a626f8e90a873852f3,-0.3,-323.6,288.5,221.5,,9,11,,0,,,,,87.5,4,1882.2,-21.9,05-02-2025
0xa021bc925813b6771fad9844d830568996dcadd0,0,93.6,93.6,93.6,,1,3,,0,,,,,,,578.6,16.2,05-02-2025
0xf5e63967f8ae2a7c59378de6c32d3633ecb6886b,-105.9,2538.5,2538.5,2432.6,,30,5,,479.6,,,,,0,0,55.3,-14.4,05-02-2025
0x9bf5b7c787dfd5a31a32115738062e133ed2ce3e,0,26.2,26.2,26.2,,29,0,,0,,,,,11.3,0.4,24.3,-3,05-02-2025
0x19b2e205d06c11180cc9be82f531092c91c302ba,-485,130,1952.1,2370,50,1,2,0,12.5,0,0,1,202.8,198.8,-5.1,238.5,-16.8,05-02-2025
0x2302abc2184c8e448ebf655f6a678f49d8b66a3a,0,2294,6442.1,-100671.1,50,434,475,10.6,601,185,0,2,128.4,59229,8333.4,1311.3,19.6,05-02-2025
0x77e096aa4ba913fd5cc15d69cc7d56143233faeb,0,127.5,127.5,127.5,,1046,0,,12.1,,,,,0,0,,,05-02-2025
0x8607711f50f56fef22e586a9f23f1c4ab7bc148f,0,812.7,812.7,812.7,,67,0,,0,,,,,25.6,-7.9,200,126.7,05-02-2025
0x9f6d18bdcd3441634e05be166804b05771566ffb,31.1,0,811.5,842.6,,1,0,0.4,0.7,1,0,0,747.4,0,0,,,05-02-2025
0xdc40a2507e504ac7544001597b17d36fac5cc44b,-1196.4,2221.4,2221.4,1149.4,100,1,4,1.2,633,0,1,0,6.5,34.2,-5.3,953.2,75.3,05-02-2025
0x60635b66586e109137f50c10a550d1d1c4fa7aa8,-1,205.7,530.1,42002.1,42.9,48,47,9.8,19.2,17,0,0,4.8,94142.5,-6,2741.2,0.3,05-02-2025
0xe606147e63f3d3b37d0e4ae7b7530695457ec155,-266.6,242.2,1087.1,820.5,75,7,9,0,235.4,1,1,0,62.3,202.9,24.8,87.7,-65.5,05-02-2025
0x2b4fbe3f9e0c66d98767b23b61a233144f4fe8fe,-8764.8,-191.7,-1128.5,721.9,0,17,8,3.1,22.3,1,0,0,2299.9,0,0,4834.8,122.4,05-02-2025
0xd6920c81da347d2bdb0de014fdf707884aae28b6,0,515.7,515.7,515.7,,1,2,,0,,,,,20.6,69.4,,,05-02-2025
0x5263f35ea7b0e76400c413957ecc157d0450541c,0,1.7,1.7,1.7,100,1,1,0,0,1,0,0,,,,,,05-02-2025
0xa32539bf5a5ca1ff79dea1c2acf54b9ccd620a8e,13126.2,258.5,258.5,13384.7,100,1,1,0.1,270,0,0,1,56.5,98.6,848.6,,,05-02-2025
0x310eebcc37407b46f36d9bffc9b8ef6094ab2d3c,0,-229.3,-1190.6,7713,33.3,2,4,-114.6,112.8,1,0,0,433.7,431.7,15.8,728.2,-6.1,05-02-2025
0xca3d0c80b9cb355682a270ec6e5f147908c1b287,0,82.6,82.6,82.6,,1,0,,0,,,,,65.7,32.7,,,05-02-2025
0xc51b0f84cd767e18ae1364a302d6ca56a5fe9672,0,-1126.6,3271.2,2917.2,11.6,41,37,-26.2,1568.1,3,1,1,24.6,59.8,-47.9,,,05-02-2025
0x12e7a3d0d6e69673f1f803e4952dcf7772da1035,-130.6,0,0,-552.2,,0,0,,0,,,,,475.3,-4.7,1358.2,-15.1,05-02-2025
0x96d5ec80353118c4d59700fe9e1c168a00550523,0,115.4,115.4,115.4,,5,0,,21.4,,,,,29.3,146.1,,,05-02-2025
0x0d8e1f18aa3626794189ea850b420d7097ecd317,0,0,-1881.6,1528.6,100,0,0,0,0,1,0,0,0.1,82.5,-34.7,229.6,34.7,05-02-2025
0x3956bdb0ebf99a118fd3a72abbe8d4c87807b99c,-287.6,-937.8,-2266.2,-8320.7,60,25,25,-187.6,9170.6,3,0,0,19.4,48.7,-7.1,481.5,-77,05-02-2025
0xce795c9e9ff81aec829ce307b8ad92bf484aa8d9,0,0,0,0,,0,0,,0,,,,,0,0,,,05-02-2025
0xe7bc19fdefad3b9d84c62850576ebce400ee48f3,0,0,27260.9,38278.8,,0,0,,43.5,,,,,534.1,-4,2836.8,2.6,05-02-2025
0x1a8bc3c3701ebd3f3cb81acd5bb487bd69ca70dc,0,-180.8,-440.3,-440.3,,2,3,,904.3,,,,,50.7,-9.8,295.3,-0.5,05-02-2025
0xaa6d3fd2919a878dc1405722df60715856e79f86,-399.9,0,-31.5,6122.3,,0,0,,114.9,,,,,85,439.6,601.9,-60.9,05-02-2025
0xed245d6f7411eda4160086dc3a39cc915e641d14,0,0,0,899466.7,,0,0,,0,,,,,29.3,2.1,624.7,21.1,05-02-2025
0xfe699fa64ec36a83eb273cd1d556c7b3b2b30756,0,0,0,0,,0,0,,0,,,,,0,0,,,05-02-2025
0x665da0a0cfd0bff59efd28674fb1b840f6929224,0,0,0,0,,1,0,,0,,,,,0,0,,,05-02-2025
0xc45d13265e289c5e3768259e9bf9afd4797fe30b,0,830.8,830.8,830.8,50,1,5,0.2,0,1,1,0,2.3,100.1,92.2,,,05-02-2025
0xda8bcdbade72bb505d3c5d742466cafc8e4ab7b0,0,-3.5,-3.5,-3.5,,4,0,,5.2,,,,,0,0,24.2,-14.9,05-02-2025
0x53f6d83a939fb2c6f5c8c36cc2b34b9c9202ae04,0,1627,4287.3,4287.3,,13,11,,75.5,,,,,174.9,2.1,1010.9,3.9,05-02-2025
0xfa6a151cecab4cfe551b42ca7fd1d73851b3093d,0,0,0,0,,0,0,,0,,,,,0,0,,,05-02-2025
0xde3189564201dc4f5b6a227a8591c0372f9cf13f,0,0,0,0,,0,0,,0,,,,,0,0,,,05-02-2025
0x66d9953cd35a795aea5b8dcb81573d5e79af40e1,-445.7,0,36.3,-409.5,,1,0,,31.1,,,,,0,0,,,05-02-2025
0xcbb5391608e7fb7aaf50302110359356831f7eb4,0,1607.1,19439.2,19439.2,30.2,212,212,0,1102.3,63,0,1,81.6,187.7,2.7,,,05-02-2025
0xe5ea25aa808e762a98388c2145df2a27f66fbaad,0,1.4,1.4,1.4,100,2,2,0,0,1,0,0,,,,,,05-02-2025
0xef41ffaadef8d5f5f746e1d21b5c3c5b5e830f53,0,0,0,0,,0,0,,0,,,,,4.3,3.9,,,05-02-2025
0x631e2bf5ce9406aed62cbe20fb0eabe16fa0502f,0,0,-17.8,-17.8,,0,0,,10.8,,,,,0,0,,,05-02-2025
0x5e313a437911cdf1a83ef1d67c872550693c5476,0,-246.8,5554.9,5439.8,,35,32,,23.9,,,,,90.4,-20.8,426.5,-6.9,05-02-2025
0xff7fd35e8e1710248c85ca9b589e173e2512e0ba,0,0,0,0,,0,0,,0,,,,,0,0,,,05-02-2025
0xcdf5ef6fe5d17ab62d5135f43a3e62a5ef80cc3a,0,-249.3,-4111.5,-2390.2,,3,3,,0,,,,,175.4,-3.5,718,28.9,05-02-2025
0x5d419dade34d5a21488dca460affdbc666565dc3,0,19.7,59.4,68.4,100,0,6,0,6.8,2,0,0,199.8,0,0,,,05-02-2025
0x7561dc18746fa61f606520e9680eff42075a819a,3586.3,3628.9,3628.9,7215.2,100,189,192,2,35.1,1,0,0,177.8,19.1,-18.2,,,05-02-2025
0x81648c45c3e0e85c43d9dd5ea73eba51e5f8045a,0,1397.1,1550.6,-469.2,,2,1,,9125.4,,,,,172.4,16.7,,,05-02-2025
0x165a816d695e096bf080165fa6bd48f5d22274b9,-0.1,886.4,3415,20226.9,70.1,7496,4189,1.8,19.2,331,1,6,142.5,10979.2,3.6,,,05-02-2025
0x69017a0cfce6b3b62ad89779b9cc315f3b12242c,0,526.3,526.3,526.3,,5,0,,0,,,,,12.5,130.6,,,05-02-2025
0xecf77b5f6bbb2e13efd844530563937d43a6c3b9,0,0,0,0,,0,0,,0,,,,,369.9,-11.9,,,05-02-2025
0xf59a6725d918d4b189abfeda1774b988a3dbc07a,0,904.1,904.1,904.1,,0,0,,4822.9,,,,,0,0,,,05-02-2025
0x7c592ff908be81c892c78587b95fe7f58187500b,0,0,-726.2,-726.2,,12,0,,10.5,,,,,158.1,-5.2,2479.4,-89.8,05-02-2025
0x86223fc26babd6ad01f6cef834ea83d1f14b6607,0,-138.7,977.3,977.3,,8,8,,0,,,,,84,9.7,28.9,-51.1,05-02-2025
0x39efc0fc50ccd56a5c7ad6c197ab352d87b74015,0,74.7,74.7,74.7,,204,0,,0,,,,,224.7,0.1,1113,-2.5,05-02-2025
0x48caaa46da62e508fc2adf7c7a0666934206ba25,0,-230.6,-556,-649.5,,7,5,,336.8,,,,,66.4,-2.2,400.8,-32.9,05-02-2025
0x7ced722562f5d9197d6cb7114a61f041ecdd0437,0,3741,4745.4,4745.3,70,44,45,0.2,0,5,1,0,58,0,0,3069.7,62.3,05-02-2025
0xb9717ed532ce67f5b4e083b7e66a2784ba00a323,0,20,20,-1509,,1,0,0,0,0,1,0,0.7,103.1,3.2,475.8,-69.1,05-02-2025
0xad6de81790a94cf568f52d6b77e3c320f8f622f6,0,0,0,0,,0,0,,0,,,,,0,0,,,05-02-2025
0x72c8a660931dde133440292d98cad87815ca3b85,0,0,-818.7,-533.1,,0,0,,0.9,,,,,55.6,11.6,466.6,15.8,05-02-2025
0x3698c5a2695faea0f1ba7ef1c0260d360cd5dc79,0,95.3,95.3,95.3,,23,0,,0,,,,,5.6,58.9,30.6,-7.9,05-02-2025
0xe00f111717f9451c357ea2e7b3be08b0bd19f5fa,0,60059.5,60059.5,60059.5,,8977,0,,5163.5,0,0,0,,0,0,,,05-02-2025
0x61fe9062da105ab420ae52d03cf4d20506d077b6,0,408.5,313.1,313.1,,317,259,,69.7,,,,,147.6,-10.3,627.1,-5.7,05-02-2025
0x225653e448ea3f0a20d78d234fc2c324103c7f17,-53.7,-52.7,-52.7,77.1,0,5,3,0.1,0.5,1,0,0,3332.2,0,0,,,05-02-2025
0xc4ebc5cb27963a0fa27c673b2ebdee61ee5a3d01,0,0,0,0,,718,0,,0,,,,,0,0,,,05-02-2025
0x547a41938ed4eb4ddb0b15977a09a195e6e8f9ed,0,0,0,6469.8,,0,0,,0.8,,,,,13.1,18.2,20096.9,31.6,05-02-2025
0x484f5c6cac1099d85cbebb36bcdd6a8e63365d92,0,0,0,0,,1,0,,21.9,,,,,0,0,,,05-02-2025
0x2d81f96a9bd1e600294ca9cea7cb63871aa6f745,-1.5,2311.9,1632.1,1872.3,60,29,17,462.4,14.1,3,0,0,106.3,332.7,-19.8,1839.8,8.3,05-02-2025
0x82efad8d2b98ccfdea68304558a83b4552f70ef5,0,0,0,209180,,0,0,0,0,0,0,0,,22041.7,1.8,12009,1.3,05-02-2025
0xd89ca703dda6dbfb2ec356b1425be035a4093fa0,0,426,426,426,,1,1,,0,,,,,120.9,352.4,,,05-02-2025
0x8f51ed0f65ecfe1b3fadf3846a9a3358d4d9115c,0,0,0,0,,1,0,,0,,,,,0,0,,,05-02-2025
0x2328d76827d3eabaabc0a5dd7cd78f02f0411e5f,0,98.9,-351.8,4307.6,,13,10,,626.6,,,,,104.5,-1.2,333.2,-19.2,05-02-2025
0xeb01eadb2906245591705561e85f7442b4a4da4c,0,0,0,0,,0,0,,1.2,,,,,0,0,,,05-02-2025
0xf71d73a46af26c9ad49f67083e8a921f3ec296fa,0,0.1,0,175,100,4612,2,0,53.9,499,0,0,28.1,0.1,0,12.4,0,05-02-2025
0xc6995e665c2f46af1be642873aaa51af5d05036d,-321.7,83.1,123.1,-4006.6,100,2,2,41.6,0,2,0,0,0,30.6,-35.8,52,-20.5,05-02-2025
0x2b343dbf94778c62acd7e7327df079d964b173d3,6.2,0,0,778530.3,,0,0,0,0,0,0,0,,50,43251.7,,,05-02-2025
0x0fb98d658044be1936104e69a7c5d9b8c9235c27,0,-97.8,200.2,6921,67.7,4804,4789,0,12.5,0,0,0,114.3,926.1,8.1,4300.9,14.1,05-02-2025
0xc2e006bba251264e4fcc20dbce0d813be45b1365,0,0,0,0,,9,0,0,0,0,1,0,20,0,0,2692,100.9,05-02-2025
0x76d64650d9e275cda2aa1de1494799ead1bd3b04,0,17.1,17.1,17.1,,3,0,,0,,,,,0,0,,,05-02-2025
0xd8f6ce2d3345217a1222490033e39e50623f29a9,0,0,0,0,,0,0,,0.9,,,,,0,0,,,05-02-2025
0xa3e69b575e27d46afe98187352587c383ae3c3ce,-57,357.8,-1423.9,-1480.9,19.4,29,32,11.2,2855.5,2,3,2,35.1,63.3,-13.4,40,195.8,05-02-2025
0xbe5bf810864a321fa1489341a6c44e7c2cce55d6,0,-353.5,1851.5,3277.3,,0,2,,2.2,,,,,90.8,7.3,1188.7,21.6,05-02-2025
0x2d6ce80a52cb5727c85ba6e0ae2ffab8bcbb6696,0,2390.6,2390.6,2390.6,100,2,5,1.3,0,1,0,0,143.6,0,0,,,05-02-2025
0x2ebcb6406a6a00f7542f377211ce69e92fc6de3f,-333.9,0,0,-9041,,0,0,,1243.5,,,,,230.3,-3,,,05-02-2025
0x6f20210855d1ee19634d61628397622ac044a638,6.6,25,534.8,693,,4,5,,5.3,,,,,46.5,-7.8,588,-19.8,05-02-2025
0x0a6d092d4514141956b1229a6afdb3f8e9e3ae01,0,0,0,32.3,,1,0,,0,,,,,20.6,0,,,05-02-2025
0x63c1162339868d159a7db6e738009918725e096c,-111.2,-977.1,-393.7,-504.9,,2,3,,16.3,,,,,177.5,1.1,251.8,-9.6,05-02-2025
0xe4483447d83669d7f24735b22540c0ee62a55c1b,0,0,0,0,0,0,1,0,41.3,1,0,0,,0,0,,,05-02-2025
0x4c4b48e9db2314a410b3f36c8996b8ad923fd171,0,53.6,53.6,53.6,,5,0,,0,,,,,214.8,6.2,,,05-02-2025
0xc363b58ff54d1211d79734c410ab9a8323e0454d,0,1785.8,5126.2,6017.9,100,7,18,1785.8,178.6,1,0,0,42.8,4.3,0,,,05-02-2025
0xc759ac1128c443253350912b441d4852adf7209b,-331,0,0,6391.5,,0,0,0,8.4,0,0,0,,66.7,-8.9,372.8,-21.3,05-02-2025
0x56fec3fed5d5b94a885b1b0ffa81bad518aa61a7,1372.2,0,0,1500.5,,0,0,,73.3,,,,,42.8,389.8,,,05-02-2025
0x2c0d00da4cc0df7303baf92447a04d76171a9383,0,735.9,735.9,735.9,,22,3,,75,,,,,0,0,,,05-02-2025
0xb03c54668cf0a9b211f10c8282b7b935338749c5,388.6,0,0,388.6,,0,0,0,11.4,0,0,0,,0.3,32487.6,,,05-02-2025
0xad0ff12ff5436ae64db0e765c29265c82a6ec3e0,0,0,0,0,,1,0,,5,,,,,0,0,,,05-02-2025
0x7891a26716c1a83ebdd607ec2e445f3e01d26acf,0,0,0,0,,1,0,,0,,,,,0,0,,,05-02-2025
0xd7e97ce12b573686fc2eabaaebc680e0a7339881,0,-129,-303.3,-303.3,,327,262,,26.3,,,,,0,0,17052.5,-0.5,05-02-2025
0xf9719f91e6cbf1c805d76686536ea273c6ecc39e,0,0,0,0,,0,0,,0,,,,,0,0,,,05-02-2025
0xdfa69985cade763eaa78950f43e24aa6c714549d,0,0,0,0,,1,0,,0,,,,,0,0,,,05-02-2025
0xda4aaaca58f0d03ebb9aa070d2516f58728fd75c,440.9,3638,4872.6,5332.8,,11,2,,1778.6,,,,,36.8,-1.8,,,05-02-2025
0x11a7327957ed5d370d2e009ec250ab0da2ab98d8,-8147.3,-3309.5,-6237.6,223444.5,12.5,20,17,-206.8,904.3,3,0,0,27.2,588.9,-26.4,2084,-30.2,05-02-2025
0xe4e4d2727a4adfa49faa1b983564d1b64c0f4fea,0,0,0,0,,0,0,,0,,,,,0,0,,,05-02-2025
0xe0f78fcced375ca0fffbaeefee6319e292f60e13,400.9,-116.7,-911.6,-539.6,25,7,19,-14.6,1.8,1,0,0,560.7,413.7,4.8,179.8,-7.8,05-02-2025
0x05a15a7b57bf0e1b0519fefd120eba97885dbe74,0,0,0,0,,0,0,,38.3,,,,,0,0,,,05-02-2025
0xaf1b07efbc4a9ce2cb96375504013885abc7fa31,-0.3,488.7,488.7,488.5,,14,4,,158.7,,,,,0,0,,,05-02-2025
0x5ae4d5ced22ef81e95428dd723797b29935a4f31,-112.1,0,0,-112.1,,2,0,,14.4,,,,,0,0,,,05-02-2025
0x06fd478b5b82c30115f2c9d80a40944dff489b6a,0,346,10145.8,19293.6,60,10,14,69.2,841.7,3,0,0,17,382.1,30.4,914.5,40.6,05-02-2025
0xb56387ff53ac1757a6fc21a5be6baf3919b4f29f,6518.1,2804.8,2804.8,9322.9,100,141,131,1.5,0,0,1,0,177.8,23.1,-16.6,3596.6,259.4,05-02-2025
0xdde0a11bb740c96006025a9188bc23da33084d93,0,-6.2,274.8,274.8,,117,22,,0,,,,,46.7,5.5,167.2,-4.3,05-02-2025
0x22f4e2d890d19885f10684b3b262845fc7df0794,0,0,0,0,,2,0,,271.6,,,,,0,0,,,05-02-2025
0x8a5628385d064d8c0cd576911347614904e3e59e,0,0,0,3596.8,,0,0,,0,,,,,66.1,6,20946,17.6,05-02-2025
0xa5546584f8cebe72c512b09d22d69b423dd7a562,349.1,255.7,255.7,604.8,,5,2,,2.4,,,,,0,0,,,05-02-2025
0x83be0c6c2e76dad725c3ccb18fbba40b0b0122b3,0,0,0,554.7,,0,0,,22.6,,,,,46.8,35.9,,,05-02-2025
0xf775b5a1ae72a1fa0ce8da73c2065982d555a9e8,176.8,2010.8,2010.8,2187.6,100,141,145,1.1,99.4,1,0,0,177.9,0.5,-13.9,,,05-02-2025
0x5c1a8873497a732c1ae340dba4b915922227b449,-5.8,-240.2,-436.7,-860.4,,266,267,,0,,,,,0,0,,,05-02-2025
0xdf0799fe5d47304010cfe1fa0a6b276ac66050a9,0,0,0,0,,0,0,,8.7,,,,,0,0,,,05-02-2025
0x6184e6d080ec732bbf82f0bb2b34c59912793e18,0,0,0,0,,0,0,,0,,,,,0,0,,,05-02-2025
0x2fac7e31704c466bb2c0efba90e410898b74ecd5,0,0,0,342542.4,,0,0,,19.6,,,,,0,0,,,05-02-2025
0x50e99a54d479f0629e70f8192a2d5a16a0e3e0ec,0,502.7,-232,-3294.5,,2,4,,0,,,,,0,0,18411.2,-13.3,05-02-2025
0x0b8a3607f757a297eb98f26debd7c34b61c7c995,0,0,0,0,,1,0,,2689.8,,,,,0,0,,,05-02-2025
0x3b31ea4117d0a7d63df20e9853fa8019a1759f6a,0,-1.6,-1.6,-1.6,,6,0,,30.1,,,,,0,0,,,05-02-2025
0x23dabee74f80dc8a04eb57143730dbf301986889,-1.4,139.2,138.8,137.4,,11,7,,1.2,,,,,9.2,6.5,127.8,7.8,05-02-2025
0x8d205003d1455dcb9e36f059857bb692498d1a7e,0,0.9,0.9,0.9,,15,0,,0,,,,,27.3,16.8,,,05-02-2025
0xd7bc260ecab460a8eb3cd9750e18319485b55d55,62801.1,0,0,62801.1,,5,0,,23.4,,,,,2.6,-1,5109.6,278.5,05-02-2025
0xd189761413bda757f2a1658b42510f0d9874f98e,0,0,0,-4800.5,,79,0,0,3827.7,79,0,0,84.1,607.5,0,,,05-02-2025
0xd1e4a6b0592a0c830fcbe35a11fb01a911a96f78,0,0,0,0,,0,0,,0,,,,,0,0,,,05-02-2025
0xa3fa251740281fe4ee0d42f404cb52925e5710d5,0,0,0,0,,0,0,,52.2,,,,,0,0,,,05-02-2025
0xfd77167a9f125ce5c3dc4eba39769d015caf3738,0,0,0,0,,0,0,,0,,,,,0,0,,,05-02-2025
0xc59d7263cd1f09ea77e6074b2db055cd8e7cef1c,0,1581.9,1581.9,1581.9,100,2,4,0.9,0,1,0,0,143.6,0,0,,,05-02-2025
0xe46eec499cfca9dec87a5ea64e2b6e754322b2bb,0,0,0,0,,0,0,,0,,,,,0,0,,,05-02-2025
0x2c018229856a6703c26b07f9af4b5515728ab941,-0.4,3535.7,2778.4,39054.4,43.3,548,452,41.1,137.8,66,0,0,110.9,709.8,1.1,14420.8,3.5,05-02-2025
0x955b70ccee47efa37df5a7f37c37fe399c0f9fcb,-459.6,243.4,454,251.8,,73,29,,1667.2,,,,,156,-5,230.4,10.9,05-02-2025
0x85a33db9347da21e2c97a2ad54ffabc01fb78cb1,0,0,-20.8,-191.1,,0,0,0,16,0,0,0,,31.3,0.5,146.1,-18.6,05-02-2025
0xf35a6bd6e0459a4b53a27862c51a2a7292b383d1,0,0,0,0,,0,0,,1367666.9,0,0,0,,0,0,,,05-02-2025
0xd37b65d56f26891f1133666d8d014874a2e12bd8,0,0,0,0,,0,0,,0,,,,,0,0,,,05-02-2025
0xbe0ded28ec0601eedd3739c7672fbee5f6bed62d,1880.3,-2781.3,-3470.4,-2076.8,11.1,18,9,-252.8,15.2,3,0,0,60.2,108.6,-11.9,1148.5,22.5,05-02-2025
0x928cc01085a2732fce9e0d4c89a755d0036ed476,0,7596.9,7596.9,7596.9,100,8,12,4.2,0,0,0,1,143.6,0,0,,,05-02-2025
0xfe164e6c61199f708a45ccc8db32a95c95262577,0,0,0,0,,0,0,,0,,,,,0,0,,,05-02-2025
0x7cbe1b1ea54d14be64c3ec7a2f9b07c99d786063,-6.1,-15.6,-61.9,2993.3,,1,1,,0,,,,,47.5,3.9,56.9,-43,05-02-2025
0xfdebdb64e17fee1768d5b7fdd4e15c92302519cd,0,0,0,0,,0,0,,0,,,,,0,0,,,05-02-2025
0x128d9f8da05e54077d85d3426b2947a7867e993c,-82.3,0,-2223.2,-4974.3,,3,0,0,1.8,0,0,0,34.1,1656,75.8,2024,-29.2,05-02-2025
0x9d48bd3d3406dfa376a742f91026f6eef9ed48a2,-342,1597,437.5,-539.9,,31,15,,1543.3,,,,,119.9,-23,1225.2,-50.6,05-02-2025
0x921e1510021dc438fd052133dab5ade5d8b15457,0,0,0,62145.3,,0,0,0,0,0,0,0,,0,0,2600,2390.2,05-02-2025
0xf977814e90da44bfa03b6295a0616a897441acec,0,0,0,0,,0,0,0,5568417869,0,0,0,,0,0,,,05-02-2025
0xe1ed84caaf172de43bd6d1d5bedca4e9233155be,-257.9,0,0,-257.9,,5,0,,0.4,,,,,58.7,-74,,,05-02-2025
0x373f6156b440d5037d5a8451889f8416f6716505,0,37.3,-2.2,184.3,,0,0,,327.6,,,,,138.2,5.3,68.5,-11.1,05-02-2025
0x3bd224f86ef48ea5e25a48a274aaa7292e0f0280,950.4,2620.9,2620.9,3571.3,,101,121,,28.2,,,,,486.3,85.4,,,05-02-2025
0xea16ece1f1cc70b047a21bb3a6270fbde77fc522,0,0,0,0,,0,0,,0,,,,,0,0,,,05-02-2025
0xb8bc188727ed021c6fa11ef48858fbe24ee5b9b8,0,0,0,0,,1,0,,0,,,,,43.4,0,,,05-02-2025
0x63ce09a483655311e70f547fa90b6fa66c947dbc,0,9.2,9.2,9.2,,1442,0,,0,,,,,0,0,,,05-02-2025
0xcdc68a82a9be4150f2afb03e97d6e5cdd2b77d3f,-2733.8,67733.8,67733.8,64999.9,100,752,865,67733.8,3198,1,0,0,184.1,0,0,,,05-02-2025
0x5656fb2d075af8db9b01cf4f379f0ad74b9331ff,0.4,3.1,209.2,209.6,,11,15,,45.9,,,,,12.3,-1.7,30.4,20.5,05-02-2025
0xe88b8c5c686060b87eea7e81b68a73d8e75bcdb6,0,0.4,0.4,0.4,0,1,0,0.1,22.8,3,0,0,549.2,9.7,-3.4,7.5,0,05-02-2025
0xb1385efa195dd8f16fca9bfb6652fc6cfb87478a,-3.6,42.8,725.3,1973.9,75,9,14,8.6,2,5,0,0,67.3,186.1,-12.6,309.3,-0.6,05-02-2025
0x1ec3e5f4e7759dbba11b81e4bf69d104ef49f212,-122,18.2,-166.2,-36.4,75,6,0,4.5,42.7,3,0,0,2.1,138.7,-9.9,106.7,-8.1,05-02-2025
0x3d4ef68e1b4986bac403ed939c563a5419795e11,0,0,0,0,,0,0,,7.2,,,,,0,0,,,05-02-2025
0xdc2473e72efb17212085dd779ba25057121c8bb3,0,0,0,0,,0,0,,0,,,,,0,0,,,05-02-2025
0x5598e6006b3467c254ab986eae3a5f2647a6687e,8758.9,-478.3,-2891.6,-19974.4,0,3,1,-159.4,19.4,1,1,0,53,831.5,269.1,2201.8,-50.2,05-02-2025
0x0882d0bbd4499ae7808cec608e857c22e731ec04,0,0,0,0,,0,0,,51.6,,,,,0,0,,,05-02-2025
0x6659b07d3fd77b41149e6a21c010b1d5508d20d4,-200,2411.6,2411.6,1974,,50,36,,151.6,,,,,136.3,-7.2,764.4,-3.6,05-02-2025
0x2c6ffbf9c5ff508a7ba2643a05c8e39dbbc3002c,-1497.6,27487.3,27487.3,25989.7,100,356,411,14.9,827.7,1,0,0,162.9,0,0,,,05-02-2025
0xffcfce77c33e15adf83180ee0bb307fbd982dd71,0,0,0,0,,0,0,,0,,,,,0,0,,,05-02-2025
0xd4fe36db183069a57af1efc9c056c19750f73262,0,70.1,70.1,303.1,100,1,1,0.1,1.4,2,0,0,969.5,0,0,,,05-02-2025
0xd948f17d2c2b0a97f7b434ecfeff116095ee0b89,0,2396.6,2396.6,2396.6,44.4,12,24,266.3,1157.2,3,0,1,1.1,174.5,80.1,298.2,-5.2,05-02-2025
0x857b6c04e19c7e9f37ef7dd3cdec87e58263bd53,0,-760.4,-296.2,-296.2,,70,61,,1515.4,,,,,322.4,-3.6,237.4,31.5,05-02-2025
0x8fc8cf2164c81b22a3937eb7eae2687bcb6fd865,0,53.7,867.7,1869.2,66.7,21,11,8.9,359.7,4,0,0,23.7,71.4,-21.4,147,-8,05-02-2025
0xc0cbc4a085882569ba99e13c19d342013d7b9f9e,0,-378.7,-378.7,-378.7,,5,0,,0,,,,,0,0,155.2,-33.2,05-02-2025
0x036df32d3e97ec013b9c8e36b2304181e4e819ab,0,271.7,511.6,9020.7,40,17,19,18.1,1046.5,6,0,0,11.1,347.5,-4.3,,,05-02-2025
0xd7f596acdbb40aa54f62b9791f0fe937d3b2d8ab,-4682.4,-111.7,-746.1,-1913.4,0,6,4,2.5,20,1,0,0,2302.9,85,-3.7,814.6,-76.1,05-02-2025
0x960ac946ff794d38ff18ba3d0dca36a1f61d8891,0,49.7,13.3,13.3,,5,4,,607.1,,,,,44.9,-6.6,99.7,26.4,05-02-2025
0x5c3ad68e9412f0ace9abd87d888dbc063aac3116,-12.4,-39,-104.8,451.4,40,78,60,-1.5,12.3,11,0,0,7,95.6,3046.1,493.6,-26.2,05-02-2025
0xf4b8cdaf7e698c96b99da5c286551da8a129f3ee,0,0,-0.6,154995,,0,0,,4.7,,,,,0,0,9206.8,-43,05-02-2025
0x6eb09cd8c9e29a62cb923194836fa6bb1412e6cf,0,341.9,1943.5,16543,77.8,4216,4056,0.7,55.1,421,3,3,128.4,4364.1,2.2,4,2.1,05-02-2025
0x3b47b317d7b1a56c6211fece402af9d60cfd4c6f,-26.7,14.8,118.3,91.5,,1,1,,20.4,,,,,10.4,-0.9,28.2,-37.2,05-02-2025
0xe8c47547a8fdc4310238f19f82b7f332d877403d,0,930,930,930,,251,0,,0,,,,,0,0,,,05-02-2025
0xa3db0a83a0bdd473ca96be028710b45f36847b0d,0,0,0,0,,1,0,,91.1,,,,,0,0,,,05-02-2025
0xd7734b5e52797c01b95a854ecd525f03cfe7a8b4,116643.4,264.9,44695.5,174081.9,30.6,88,86,0,401.2,21,1,0,5.6,217.1,13.2,799.7,-37.8,05-02-2025
0xfad9a6422152c257006a4dbb3374ae700e9d3a8a,0,0,0,0,,0,0,,0,,,,,0,0,,,05-02-2025
0x6e6468a1635245aff09b4164635e567370c0819b,-474.7,-299.7,250.7,3639.9,,1,2,,7.8,,,,,641.3,-7.4,607,-12.3,05-02-2025
0x474edf0449e265d8208fc982b9873528082b5aff,0,366.7,963.9,5403.1,,7788,982,,31.1,,,,,529.9,0.8,11,1.2,05-02-2025
0x27fea434d26fc3498b41b09e536e45fafbf6cef9,-352.1,189.5,192,699.2,53.3,73,63,12.6,260,9,0,0,102.7,348.5,-17.9,469.6,-24,05-02-2025
0x9b034fe310f6ba4fde004cc2457d23acddf09212,-1859.9,3232.9,-1028.3,1579.3,50,4,10,1077.6,5237.7,2,0,0,103.7,431.6,-6.3,1106,-18.6,05-02-2025
0x3adc41dcdb246eb7db798c4d92a83c7615d492e0,0,-10.1,-10.1,-10.1,,2,0,,11.9,,,,,29.8,0.5,508.1,0.3,05-02-2025
0xc72e9624402c5cbc351ac1fd383d6284d1228309,-2018.6,-398.9,-533.3,8761.8,66.7,8,7,-44.3,490.4,7,0,0,162.5,192.3,-9.6,304.5,-30.2,05-02-2025
0x0797e4a82ef852e17ac329b13487f2eb55d6982a,0,-23.9,-23.9,-23.9,,10,0,,0,,,,,8.6,-32,,,05-02-2025
0xca473b0b61c1b1c37a381862e897c2b41e86cd10,0,0,0,0,,1,0,,0,,,,,86.4,312.2,,,05-02-2025
0x1b5fddc148533b24f7d7e0ca0998c43ce2a0e2e8,0,-5.7,-5.7,-5.7,,23,0,,3.1,,,,,2.1,-0.1,,,05-02-2025
0x387ce1ce0d88a2b2fe56ba2f64deb5795af69b16,0,0,50.6,8087.1,,0,4,,1.2,,,,,11.8,-3.4,2769.9,81.2,05-02-2025
0x22bd248c723c9f50c49336732ccf6654c7f1cc75,-2.3,-248.5,-267.9,-270.1,0,23,16,-124.3,3,0,0,0,74.9,66.2,-8.4,319.3,-0.2,05-02-2025
0xe05a195d09acb84eae52d2f03fcce6c021a40005,-5.1,-661.9,3847.7,24927.4,46.7,123,97,0,516.3,14,0,0,38,293.1,-4.1,1617.2,-16.8,05-02-2025
0x2acdf490658ab4de7d01891278b46722370a0729,0,419.4,1918,16676.4,,8200,7260,,3,,,,,80.8,49,113.2,15.8,05-02-2025
0xeaa5b48d4bb6ec300996834ea0d7c949ceb40093,0,0,0,212197.8,,0,0,,0,,,,,0,0,,,05-02-2025
0xaddc7c9f717d43e2793f29dd1065654e685fe7fc,0,1092.8,1092.8,1092.8,100,28,2,0.6,0,0,0,1,143.8,0,0,,,05-02-2025
0x0b14fcff8dc931a18823f4293d047cf75664c256,0,0,0,196799.5,,0,0,,26,,,,,0,0,,,05-02-2025
0x28990386b991186ed4c4a0f648700065021f64a4,0,0,2724.5,2724.5,,0,0,,0,,,,,0,0,3340.6,81.6,05-02-2025
0x27e2e50c4da5aed19fea584a01c3f1acbf605e8b,0,0,0,0,,1,0,,0,,,,,0,0,,,05-02-2025
0xc07b10eb5ad70254a37817c1d66b556e737a73a9,3540.9,754,754,4294.9,,111,115,,478.7,,,,,94.7,28,,,05-02-2025
0x70fc04729ebb8811a8761abef4b535475515ad9f,92.9,0,0,120.1,,0,0,0,32.1,0,0,0,,0,0,,,05-02-2025
0x8013e3093ca5bd1a61dcc8e4c3eb5397f3bdeac2,0,0,0,0,,14,0,,0,,,,,8.9,0,,,05-02-2025
0x45187074df328724f93b62ede2ec2072303e152d,0,-43.2,-43.2,-43.2,,10,0,,0,,,,,21,-1.9,,,05-02-2025
0x8743c7bc8b8fc9742a0b78229bf9fa875e963049,0,-134,-753.6,-414.4,,12,10,,260.8,,,,,132.7,10.4,618,-94,05-02-2025
0x488497d309913150a5eeeb78b3b1c5ea8de994a5,0,0,0,0,,3,0,,3.1,,,,,0,0,,,05-02-2025
0x8ddad85449ba6ddcd36e4b8e388182ccae00baf0,0,1980.3,1980.3,1980.3,100,4,2,1.1,0,0,0,1,143.8,0,0,,,05-02-2025
0x596ea0526af3d0eed231b9fdb67c820af49401a0,-34,-15.2,-15.9,27.3,,4,4,,60.6,,,,,11.7,-5.4,17.6,-30.3,05-02-2025
0x85093bab4e828f0ee47995bb3002c239ca36e8dc,0.2,2244,2244,2244.2,100,8,6,0.3,164.5,4,0,0,53.5,0,0,499.6,32.8,05-02-2025
0xca2617c7bcadb25a324a5a0fb8d46bdc6370c1fe,128.4,322.5,322.5,450.9,100,0,1,0.2,0.5,1,0,0,,0,0,,,05-02-2025
0x0e5ca12fd8eeb3830cf8be7e64afdd35393421c9,-5.3,-2840.4,-3789.4,-22091,,0,0,,199.6,,,,,829.8,-7.4,1056.6,-31.7,05-02-2025
0xf01aca8c7054d89659c6e3c71c92b423f168601d,0,0,0,5560.6,,0,0,0,3.7,0,0,0,,0,0,3500,-29.9,05-02-2025
0xda23c0287dba474c9e2211fd2985a86cd1cb92fb,0,0,297.3,1346.3,,0,0,,1.5,,,,,460.8,-19.1,328.9,-31.4,05-02-2025
0xff8e6f8ccae135be8a99267503352f3b48212c60,-105.9,503.9,2281.9,2176.1,66.7,8,8,72,701.3,5,0,0,22.8,295.3,0.6,1010.5,-4.9,05-02-2025
0x4d795d37ef66818d72a71c1996bf195de256492c,-20.4,0,0,-20.4,,17,0,,0.4,,,,,65,-66.7,83.4,-75,05-02-2025
0xf028f0b55aa38dd7389c8d8c9cff1ad692fd1204,245.4,2005.2,2005.2,2250.6,,13,11,,3.3,,,,,108.6,-15.2,1773.9,59.4,05-02-2025
0x156c1c0a7d44a878105d271219c47fcf700c9a6e,-3878.8,2173.4,1375.5,10411.3,66.7,10,2,543.4,1957.5,4,0,0,342.6,50.6,-15,260.7,-36,05-02-2025
0x717821aae2a45c5c5c5bcda7a8662cd3df2385e5,0,236.3,236.3,236.3,,2,0,,0,,,,,0,0,,,05-02-2025
0xf8e47bbefe8596eafd9d5f8f4e08276db69981fc,-0.2,0,0,-878.4,,0,0,,0,,,,,224.3,0.8,870.3,-49.1,05-02-2025
0x5868acf769b0ade8250877462a40e4687c302e2d,0,0,0,0,,0,0,,185.2,,,,,0,0,,,05-02-2025
0x9401c81ec0fa3dd2aa6c9bcfe1dce4329a0968da,-710.9,-107,-1446.4,16753.6,33.3,26,23,-4.9,314,9,0,0,133.7,481.9,2,109.3,-20,05-02-2025
0xcf559d10572793fbbe03e918f0a6ebb083c9d7d7,0,379.1,285,4260,,1,0,0,61.3,0,1,0,1,37.5,7.7,,,05-02-2025
0x910a43efbf17bcd1cfdd7875335b0aa70c0e8df8,0,307.2,307.2,307.2,,21686,0,,0,,,,,0,0,,,05-02-2025
0xd1246a3277b992d5b678eca44c145a24798ad05a,-26.4,154.2,174.9,-472.5,,10,7,,5.2,,,,,104.2,0.1,453.8,35.7,05-02-2025
0x58e327d64fc77fa36f698989623c3e4f058c8a89,0,186.6,341.4,2167.8,,77,25,,723.2,,,,,43.4,27.5,1613.8,1.1,05-02-2025
0x52553f7a95a66dd036ab186e067194e40660f610,-472.4,-123.4,-229.1,-697.5,,24,2,,1.2,,,,,27.4,-23.6,2.9,-20.2,05-02-2025
0x2b8a5ca44a3497e1b809a97751dc4466ff95d6fc,0,0,0,0,,0,0,,12.2,,,,,0,0,,,05-02-2025
0x534c4ac1b89bc559aa46a1d4bcabb4cc9a17c79a,-5.8,0,12.1,15.2,,0,0,,6.3,,,,,24.4,0.7,6,-97.6,05-02-2025
0x4adaf2b54201f63daaf538e3617ff6f2505e99f6,17784.8,0,0,17784.8,,1,0,,15.7,,,,,9.8,20101.2,,,05-02-2025
0x70d8c5ac904688a3796b889e195b2d7ee9fc5a22,6.4,0,578.8,585.2,,0,0,,95.3,,,,,149.2,98,,,05-02-2025
0x256b7ac4705c3101006ca798000c6856a7e9d821,9620.2,2507.1,2507.1,12127.3,100,108,127,1.4,0,0,1,0,177.9,10.7,-0.6,3306.5,366.7,05-02-2025
0xdbe57c8b3f8a69678aa90c119367bf29e5b74c87,-2562.6,0,447.9,748.4,,0,0,0,232.5,0,0,0,,60.2,-2.3,335.1,2,05-02-2025
0x5a4277cb7626b3cb23602292bc852e929881dcac,0,0,0,0,,1,0,,0,,,,,0,0,,,05-02-2025
0x57a350d3bfa865925bdda203b40ee6eaaa173c1e,149.9,-179.7,829.1,-2035.2,,7,3,,4.9,,,,,110.1,-1,289.1,-5.5,05-02-2025
0x76939e84e5f432aaffd264de282b4c9b6f0ddfc9,-0.1,6.9,6.9,-1002.4,,0,2,,1.3,,,,,78.6,-19.6,132.5,-0.2,05-02-2025
0xc27eb7db0e31c1fc018831340d5ec249b5311658,-131.3,141.5,393.8,1902.5,42.9,16,22,0.1,325,7,2,0,265.8,63.4,77.3,100.7,1.8,05-02-2025
0xcdcf238c06b8326426370f6b2a94222d15346415,0,0,1344.2,1344.2,,0,0,,0.1,,,,,0,0,10.4,28556.3,05-02-2025
0x91a83b533f9afbaa127e337229807a1d8d523323,0,0,0,0,,1,0,,607.2,,,,,206.6,0,,,05-02-2025
0xaa9dc226a997a031e67e75f58f196094e78afddd,-89.4,341,198.9,671.3,,45,39,,117.8,,,,,62.9,-7.3,108,8.3,05-02-2025
0x5b558d20e564a158c9d803ad36c3ab05cfc322c8,0,637.3,637.3,637.3,,7,0,,67.2,,,,,23.8,-0.5,,,05-02-2025
0x61435d351ed70a716399e07bbdfa007c7ff600ca,24911.3,0,0,24911.3,,0,0,0,17.3,0,0,0,,32.9,6458.2,,,05-02-2025
0xd33002eafd9a069622010f4507323a31356b2f91,0,0,0,0,,0,0,,1,,,,,0,0,,,05-02-2025
0xfcf55bca3ef567505d317e4bca24544c999efa19,-2262.8,2994.6,16442.1,150917.2,100,4,4,2994.6,10074.3,1,0,0,0.4,813.5,-10.2,2050.4,-9.9,05-02-2025
0x4df845dfebbb2815cd026586e883147152025a99,1,0,0,1098.2,,0,0,,0.2,,,,,0,0,,,05-02-2025
0x782d8aebc0e704ded8b342519b35e0f3ab012345,0,104,104,-1068,100,1,0,104,44.9,1,0,0,5.1,16.6,1.9,,,05-02-2025
0x6ff85cbc3b0005ae63f077194301ed96b0aa179a,0,0,0,44.4,,0,0,,11.2,,,,,0,0,,,05-02-2025
0x89b37a65846eb0aa4b7906de093cdf152ac28a31,0,7.5,7.5,7.5,,4,0,,0,,,,,0,0,,,05-02-2025
0xf0142963702c08c909740c2e6146825efd172a52,0,994.7,994.7,994.7,,29,0,,973.9,,,,,11,0,373,-20.5,05-02-2025
0xd6f76814fa1bf3895bcee10000c8616876911bc0,7396.9,0,0,8338.5,,1,0,,24.1,,,,,235.4,97.1,,,05-02-2025
0xf9819f7e4b98604deb2c83247b8d8741e1676b25,0,0,0,0,,0,0,,0,,,,,0,0,,,05-02-2025
0xc1c47fc898feb1f2bb3a649b7e516d4f32e97465,-10.6,0,0,-10.6,,4,0,,97,,,,,0,0,1198.5,533.2,05-02-2025
0xb5cb0555a1d28c9dfdbc14017dae131d5c1cc19c,0,0,0,0,,0,0,,5.3,,,,,0,0,,,05-02-2025
0x274d185a164cc83289213c417781baec324b409f,0,-2551.9,-2551.9,-2551.9,,135,115,,0,,,,,201.1,-11.8,,,05-02-2025
0xd17cefea03af479f38289a9bcf7b64712ec94553,23404,0,0,23404,,0,0,0,17.5,0,0,0,,35.5,4820.9,,,05-02-2025
0x6c43450cb6721e7e519cb39b7c6ad21101b6f112,-168047.8,0,0,290648.6,,0,0,,14.4,,,,,545,-1.1,,,05-02-2025
0xf4ded2117be51818e9119e5a0e8a00063f28a75d,0,0,0,0,,0,0,,0,,,,,0,0,,,05-02-2025
0xce52080995bd919d1e2368c83dd364db09c011a9,-264807.1,497482.8,1480209.5,7709427.9,,3333,1912,,1670,,,,,40566.1,-9.7,124416.3,3.5,05-02-2025
0xf2e5d0d9b0563b9f4458fe4c58a5d044ed409946,0,0,0,0,,0,0,,0,,,,,0,0,,,05-02-2025
0xc25ce52eda6cb310aacda619226846d925c6579d,0,-560.4,441,76.3,41.7,31,23,-43.1,1.2,7,0,0,24.8,467,-4.8,450.2,-19.1,05-02-2025
0xf732f7e2b89a92bf922f003f1f1c7e755cea4501,0,140.9,167,167,,1,1,,0,,,,,0,0,177.9,11.6,05-02-2025
0x8ff830ed13231e85761d7b11b8b6d743c7a31244,0,356.1,743.5,743.5,,22,15,,67.6,,,,,105.7,19.7,644.7,-8.3,05-02-2025
0xaab961723e77c77af13968f89beb80ee8c815cf4,0,0,0,168264.3,,0,0,,762.3,,,,,0,0,,,05-02-2025
0x4480d32e8dab1bc04a596cb17a48ccd8c3416188,0,0,0,0,,0,0,,9,,,,,0,0,,,05-02-2025
0x4102f231acb3b28738c49dde5311def48a5b5fcd,7513231.1,-159.2,-3532.5,7506590.9,40,4,2,-26.5,55.6,3,0,0,0.5,116.7,-17.3,443.9,-27.3,05-02-2025
0xe86567452895eb02ff94cd86ee8af0f7763febd6,0,0,0,0,,0,0,,0,,,,,0,0,,,05-02-2025
0x33e5192b74e559c7433fe02eb54599e9b6731341,0,1386.7,248.6,-1033,33.3,29,21,0.1,0,2,1,0,27.8,453.4,-25,2115,-0.1,05-02-2025
0x05a269b5df21e88754adefc8b23b952303c1888b,0.2,1859.1,3801.8,3802,75,28,38,0.1,1100.9,10,0,0,64.7,103.5,0.1,503.8,-15.8,05-02-2025
0xe2750ee43139285a29e06b6b6fe37546472c0fc4,0,323.8,-312.7,-312.7,,17,3,,7.7,,,,,128.8,-9.8,1732.7,-10.5,05-02-2025
0xccaaba914193e80666524aff526a268e588137cf,-14,0.2,0.2,-37.6,,2,2,,8.9,,,,,6.2,-2.1,2.7,-95.7,05-02-2025
0xcf8650307d837cb72808470644619927c95f63ff,-139.1,561.3,561.3,422.3,,16,8,,1633.9,,,,,43,10.1,394.1,53.8,05-02-2025
0xa08efc6835e1f3e8c8be7efa36dffd64d0ccba03,0,120.4,29.2,-530.9,,26,28,,2,,,,,26.2,-5,59.8,1.4,05-02-2025
0x9892e2f7a80a2735472921ffb1792dde229aca0e,0,0,0,0,,1,0,,69.6,,,,,0,0,,,05-02-2025
0x6394075d6944b5a00681954e59678bfa65e70d71,6553.3,1016.4,1016.4,7569.7,,66,50,,0,,,,,28.8,-15.9,1418.1,533.6,05-02-2025
0x446c847545afd644a9ea509cdc52aad30409b99f,0,2.6,2.6,2.6,,6,8,,0,,,,,0,0,,,05-02-2025
0x812127a34ac57ae7495216aa68a6f0de6bdca7cf,0,1206.8,967,8569.7,77.8,34,25,109.7,300.8,9,0,0,0.3,385.3,3,1147.5,11.3,05-02-2025
0xad6ee7c40d7d80a6c404e82e77cde5c5088e98a5,18378.9,34429.1,34429.1,52808,,1,1,,671.8,,,,,0,0,,,05-02-2025
0x9698ccb6e003adb260651ee0e24d438686e25ee5,0,0,0,0,,13,0,,0,,,,,0.6,0,3.2,0,05-02-2025
0x41b7ffa78db85db11bf777ea6beb8bbb4116e1d5,2406.9,0,0,2142.7,,0,0,,56.3,,,,,429.7,125.7,,,05-02-2025
0x8897cf51807a8fed52ba729b2996c164f195bc6b,-33.7,0,5.6,3809.8,,0,0,,2.1,,,,,108.2,29.1,217.9,-0.2,05-02-2025
0x4e0cdf71d301133a896f33fdb726ded87fbc68d3,-66.9,477.7,1779.9,15567.6,100,4,4,159.2,2643.8,3,0,0,26.5,482.2,9.5,2694,6,05-02-2025
0xe8197e62a939acb912008d47df6a19c604a0b38c,0,42.5,42.5,42.5,,105,0,,0,,,,,0,0,,,05-02-2025
0xc922eeed9188a2d3023d540e19e56eb0f951a849,0,914.4,-186105.4,-181596.3,,16,19,,12.1,,,,,1038.2,-0.6,464.5,1.8,05-02-2025
0x0bfc8d69f9acabfa8eef8eaf4ea83c804872b0f8,-748.6,9122.4,22254.3,23605.9,39.2,227,227,175.4,840.6,24,0,0,29.2,733.5,-15.4,5814.6,-6.8,05-02-2025
0xe3be60c15c57b1747d772975d3a957aefb472757,-412.9,935.3,4322.1,6377.4,75,6,4,155.9,2808.4,5,0,0,68,267.5,-3.9,1263.9,31.7,05-02-2025
0x5ceb316e7f2cbba9270f41e9c8971e6d95853c82,0,0,0,0,,0,0,,0.8,,,,,0,0,,,05-02-2025
0x145acde954c4a2e533ef107ee8bc26935be7cf34,0,1238.4,1238.4,1238.4,100,2,2,0.7,0,1,0,0,143.6,0,0,,,05-02-2025
0x0000007b3d53f88fe8227640693bcd095a8a0b0f,0,-2.9,-2.9,-2.9,53.3,12,7,-0.2,26.2,9,0,0,28.2,20.8,0,,,05-02-2025
0xf03de1cdf13378159db7c11fd54fdfee5bbe534d,-2423.6,19869.2,21538.8,78085.9,50,9,16,3311.5,13810,3,0,1,446,918.7,46.3,3202.1,50.7,05-02-2025
0x2ee29bac5227e99d76669e8a4452b2de40a46550,0,0,0,0,,0,0,,0,,,,,0,0,,,05-02-2025
0xe62ac972c20eba04941f7d6e4bcc79376887d573,0,0,634,1993.8,,0,0,,0.1,,,,,1233,10.4,,,05-02-2025
0x29395f9173152612c5217518f31683154231e27b,0,0,0,190127,,0,0,,125.8,0,0,0,,0,0,,,05-02-2025
0x1ba973a1c815994a0a0094faf455fa4750209047,0,1067.9,540,17602.3,40,8,10,213.6,624.6,2,0,0,0.3,310.1,1.5,419.9,-46.6,05-02-2025
0x4fa4d29f5ebd4bb9d848ce19ce5c3ed9866281b0,-155.1,0,2.6,-253.4,,0,0,,70.7,0,0,0,,0.6,-2.1,62.3,-65.5,05-02-2025
0x7f7a5752473641e4b8a8d80860f413e0f29cbfa5,337.8,5370.7,10293.4,24565.9,52.9,25,25,282.7,4241.8,10,0,1,5.7,321.5,26.9,177.9,-50.3,05-02-2025
0xceca4c4852dea8a354d7550c4b588341924a316b,-1400,1085.3,105.2,-1482.5,,9,6,,4.9,,,,,195,-29.9,873.9,-37.5,05-02-2025
0x3a22f1ee89175e1e89cfd982faed04dda065df4e,0,12334.5,12334.5,12334.5,100,8,14,6.8,0,0,0,1,143.7,0,0,,,05-02-2025
0xd3978c3636a5105cdac7f286dbefe8a731a8af0b,-428.6,-16305.5,-17259.7,-8787.8,25,1,4,-2.2,4088.7,0,0,1,540.7,2237.9,117.8,2009.1,210.5,05-02-2025
0x2088463668729c1e73e6a1782bf119971d3a2146,18444.2,0,0,18444.2,,1,0,,15.8,,,,,10.9,18791.4,,,05-02-2025
0x458e4380721aa50fe5fa1726499bd7acb41472db,-257.3,-3286.6,-3896.3,-4153.6,,11,3,,9.8,,,,,295.5,-13.8,,,05-02-2025
0x5eab6533195858b8dd072b0b47fb177f81f0709c,-200.3,-70.7,-86.8,-287.1,,5,1,,82.8,,,,,12.9,-11.5,717.1,-53.7,05-02-2025
0xf9189cc01aa7684f93048e02f47a3e7f10d33656,0,0,0,0,,1,0,,0,,,,,0,0,,,05-02-2025
0x6678f38e0d609e4c9e1971c8bd9e697dd8e50b1e,0,195.9,912.4,912.4,73.1,62,53,7.5,303.1,19,0,0,15.8,154.7,4.1,391.1,3.9,05-02-2025
0x3cad6c09df1eed4122240d07ac02fa9c9415b1cc,-1410,-155.5,-789.7,-3501.6,,19,19,,2.5,,,,,11.2,-10.4,414.2,-11.5,05-02-2025
0xab18039cbbfc83bff8bcc5562b7fa89bd2f8c002,0,0,-251.2,-2845.3,,0,0,,0,,,,,620.6,-6.6,1261.6,-30.2,05-02-2025
0xef5d48f40a94e884110dfff819595b36270b7b55,0,-358,-1098.2,-1484.2,,51,37,,83.4,,,,,9.6,0.1,261.8,-11.3,05-02-2025
0xddbe212f669e1217b15401e9f03e46d9cd8a16d2,0,0,0,0,,0,0,,0,,,,,0,0,,,05-02-2025
0x32f53343df0271558db595439fe7f0fbdfb9a189,0,3.6,3.6,3.6,,8,0,,0.1,,,,,0,0,,,05-02-2025
0x5632d8878f810f5f1635c59dde65ce96c5e95d98,-0.3,1617.4,1519,1518.7,,2,1,,9.7,,,,,0,-2.9,0.6,-81.1,05-02-2025
0xf920edc6bf13f7ebbcc01fd69289d31f01298e82,0,0.2,0.2,0.2,,0,0,,0,,,,,3.8,-1.1,,,05-02-2025
0xa1b85f1b4b79490dcc78bb114d3c0b804d44e9aa,0,0,0,0,,0,0,,0,,,,,0,0,,,05-02-2025
0x5992a2beb499f2bcac258f80ac5a7db4afdb2060,-51.3,0,-987.4,10923.1,,0,0,0,210.7,0,0,0,,298.4,0,438.4,-38.9,05-02-2025
0xbf1a6e87e971cdb57da51703c3d9542f3932786a,0,0,0,0,,0,0,,16.5,,,,,0,0,,,05-02-2025
0x8415f5799b8381ee96ef545e406d5d8577b1af0a,0,-57.7,-57.7,-57.7,,1,0,,16.2,,,,,31.8,-0.4,,,05-02-2025
0x98c1f6e3061d9635039b70bd28a98a1798d49dfb,0,0,0,0,,5,0,,0,,,,,0,0,,,05-02-2025
0x909ca99850275b8cb33078112b599176f7a046e6,0,-39.1,-39.1,-39.1,,0,0,,0,,,,,94.2,42.1,6.2,0,05-02-2025
0xb2b9a282f7d8484aa841866b4cd66ac461629686,0,862.8,862.8,862.8,,4,3,,0.1,,,,,0,0,,,05-02-2025
0x63ef476b6e4532be56313529cbbbf909552f34b0,0,1252.9,1252.9,1252.9,100,4,2,0.7,0,0,0,1,143.8,0,0,,,05-02-2025
0xb012c16609e79551c69632955d3bebff1135950d,0,0,0,0,,0,0,,321.5,,,,,32.2,36.6,,,05-02-2025
0x149accbd52490299573e82945a3796b0f1b513ad,-47.9,435.6,2055.5,5849.6,55.6,12,12,43.6,665.1,5,1,0,11.6,133.5,15.3,275.4,10.6,05-02-2025
0xb7c559cf8323f39efa247da4fc9c1b2bc47570cb,0,0,0,0,,0,0,,0,,,,,0,0,,,05-02-2025
0x9470c4e757329d8c72ac561acd15c0fb23d6ab9f,0,-118.7,105.1,130.3,,32,35,,108.3,,,,,74.2,-3.8,,,05-02-2025
0xc84c3bfe25b1c5af0908944b6be5d53da237bec0,0,0,-12.8,3089.2,,0,0,,10.4,,,,,183.4,7.8,21.5,-65.7,05-02-2025
0x597dcf972eff9402dbd3f2f212656d90f9f5279b,0,0,0,0,,859,0,0,75.8,72,0,0,44.3,57515.7,0,6373.4,0,05-02-2025
0xf9ce6ccb74d797f4974869d8155b2a3be358fd1c,0,0,0,0,,0,0,,1.3,,,,,0,0,,,05-02-2025
0x08e149c793b66231c269097b89a70eb020d4c7b6,-210.6,14.4,13,-197.6,,9,2,,107.2,,,,,1.9,-6.4,12.2,-45,05-02-2025
0x4d75b5ddf88b2e3c5f90b188e87beb215fa9783c,-31.7,0,-122,-1178.4,50,0,1,0,5,0,0,0,,10.7,-21,148.3,-48.5,05-02-2025
0xb4c33fbaf8b2212364797bf0cb343f1dadc6a749,0,-144.7,-262.9,-376.6,13.3,19,20,-9.6,0.6,2,0,0,0.1,54.2,-16.8,53.5,-37,05-02-2025
0xc0c7d911b56f6d37b68d26dfe815f07328ead9e6,0,0,0,81,,0,0,,1.2,,,,,2.1,7,9.7,4.6,05-02-2025
0x259d5c110eb8a0d695b6589de04f039bae649091,0,2107.4,2107.4,2107.4,,2,1,,0.3,,,,,0,0,,,05-02-2025
0x5f8f91903902d9c52a3d46fdd224c0dde853b8a7,0,1445.6,1445.6,1445.6,100,2,2,0.8,0,1,0,0,143.6,0,0,,,05-02-2025
0x569f987d927833976c0248215bf2fcf125b7b0c6,0,0,1713.2,-121522.6,,0,0,0,275.8,0,0,0,,9784.9,3.5,6404,1.1,05-02-2025
0xe9055e0781ae2f0c4a2418993d3bc9dfd046903a,0,0,0,0,,0,0,,0,,,,,0,0,,,05-02-2025
0xdb9d694223b137aa440cb16136e7038c78ec9c54,-10.8,-26.5,31.8,21.1,66.7,34,11,-13.2,164.4,1,0,0,60.9,22.2,-2,78.1,-39,05-02-2025
0xfe0b5e73316993a1156956c8c229af5cd360ec45,0,0,0,0,,0,0,,0.8,,,,,0,0,,,05-02-2025
0x1cdaeb35421f925dc15193b2824f876245546db0,0,59.5,59.5,59.5,,1,0,,0.5,,,,,32.4,7.6,106,-87.7,05-02-2025
0xf1b9740c76466cff34afacd438bc5f962f2edf3f,-0.3,12.3,12.3,-14,,3,2,,341.6,,,,,389.6,-2,,,05-02-2025
0xcc065ded301464cea8a14d85af7934e9f7f7f17b,0,5.2,5.3,8.4,,1,5,,5.8,,,,,0,0,10,7.5,05-02-2025
0x2d48e2c5ab420a5982544f32aa5ba40fdb74f704,0,-429.4,1104.7,10800.1,,0,1,,296.5,,,,,194.8,34.5,428.3,17.3,05-02-2025
0x69cf212d147175289753978e912f4d9f6d62527f,-232.1,378.7,558.2,144.2,16.7,7,7,0,47.1,3,1,0,62.8,5.7,7.2,204.9,-50.8,05-02-2025
0xf69e2483f04a2a42370d3fe39c1523c092fbb850,-728.3,573,65.3,-1028.1,,18,14,,312,,,,,259.1,1.2,1048.4,-6.6,05-02-2025
0x8ff47244782866e12c40f269c17176eeb4734a8b,-0.9,58.4,59.8,157.3,,11,7,,188.1,,,,,159.9,5.7,208.8,0.1,05-02-2025
0x739e4189f44f0cc08207eccbee5722bf5b2ba0f9,0,0,0,0,,1,0,,0,,,,,,,,,05-02-2025
0xd191adb65c2858b1cdd1f40a15be905f93b4127d,-46.9,0,0,15120.9,,0,0,,0,,,,,493.5,11.8,759.5,259.6,05-02-2025
0x9bf6ac8582030a205fdc2afc0f4293704ea5cef3,0,0,0,0,,5,0,,28.8,,,,,0.1,0,,,05-02-2025
0xac3eeb4865ad2c973c37f3948bba1762abe65a3b,0,1383.4,1383.4,1383.4,,2,0,,0,,,,,0,0,,,05-02-2025
0xe2dcc6b4c63b85b8f0662a0e6974e13be507c2f2,0,0,0,0,,0,0,,0,,,,,0,0,,,05-02-2025
0xc2fbdcf1c2b6ad286ef8bb8f4d6bfd29e506c4d5,0,0,0,0,,1,0,,0,,,,,0,0,,,05-02-2025
0x1d4e8e17f11af0766c8430b91a09e168d472ee3e,0,0,0,0,,0,0,,0,,,,,0,0,,,05-02-2025
0xcca1a4b3ae305539086636b325ee1bb23636dd83,0,0,0.2,0.2,,0,0,0,0,0,0,0,,0,0,,,05-02-2025
0x4c96c5f11525c221d270f9f458ecd76200629e73,0,570.9,2982.4,5354.3,33.3,10,11,190.3,1874.8,1,0,0,0.1,458,22.7,515.8,-5.5,05-02-2025
0x5efbdf54d8c4290500a4ef4b62e317a0dd0c592d,0,0,0,0,,3,0,,1.3,,,,,0,0,,,05-02-2025
0x8e249fadff4261b5913d9a2a50384bc7969bcb12,0,-238.2,-238.2,-238.2,,7,0,,0.7,,,,,8.6,0,,,05-02-2025
0xb5485b09dc3c7f7f5b62e5988703de9c6a1645b6,0,-1235.5,-1809.4,-5525.1,,63,41,,24.3,,,,,188.3,-8.5,543.9,-6.5,05-02-2025
0x4d0dd6cad1176707b3bb0f19d83d30b67e8aa69b,0,105968.3,105994.2,660097.2,73,4036,4048,211.9,59,419,6,3,145.6,82.1,434.7,400.4,5605,05-02-2025
0x9c11d81f4f32ad7af13860129a24e969d2bc5e6e,0,6879.5,6879.5,6879.5,100,8,12,3.8,0,0,0,1,143.6,0,0,,,05-02-2025
0x811f0b9cf3744b9482a99bab06e63dda11d27d0a,0,-73.4,522,522,,5,2,,6.4,,,,,34.2,-8.1,810.4,14.5,05-02-2025
0xfc1413086b26f727a65d8554ab5982781ef84e04,0,0,0,1526.6,,1,0,,0,,,,,72.9,65.2,,,05-02-2025
0xdef10f9af79efc006a9919f735d6b469ef59371a,0,-72.6,-486.4,-13388.6,0,1641,2,0,76.5,207,0,0,54.3,111084,0,31284.3,0,05-02-2025
0xf3003bbbdeb4f2861bbb9185c715b7811feee3f4,15257,1121.1,1121.1,16378.1,,62,64,,0,,,,,13.6,-12.7,1603.5,1020.6,05-02-2025
0x7803cfd55a81a1a53447cb1c09de684c8230aa25,-0.3,25.5,-48.2,26.2,100,0,2,0,6.1,1,0,0,53,26.8,-11.1,,,05-02-2025
0x75b40f622350b43ed62eb7945f8dfde3c8076847,416.2,171.5,-1939.3,-1518.9,50,2,4,85.8,16.1,1,0,0,0,21.8,-2,,,05-02-2025
0x6c1ff8e51e22ec3c46d657dd45d1644fb7605584,0,0,0,0,,0,0,,0,,,,,31.7,-1.7,1566,-79.9,05-02-2025
0x34fb8e702aa404be9e5e03b32b55184492a0a340,-703.3,0,0,-703.3,,8,0,,6490.1,,,,,0,0,,,05-02-2025
0x688d0c5acd355e7d7181c76d68201295cfadefb3,0,0,0,0,,0,0,,279.5,,,,,0,0,,,05-02-2025
0x8d80842866211c3dc1d7067f4ac8465382d14011,-13.5,0,-8.6,-29.2,,2,0,,0,,,,,3.4,-15.5,7.7,-36.3,05-02-2025
0x7039ab3a075b0b4dfc41fc1e23cd31858ca98873,0,0,0,0,,0,0,,0,,,,,0,0,,,05-02-2025
0xfda79e71730253e50d3a1a14dc149bf697e78cc5,-133.3,0,0,-133.3,,17,0,,0.4,,,,,84.2,-93.5,76.8,-25,05-02-2025
0xfa311a18f6b13abea2173a36f1e1a316bddca143,0,0,0,0,,0,0,,0,,,,,0,0,,,05-02-2025
0x9e2e4afb4502f536ead0b7e11d47386403ce1f91,2158.4,5083.6,4848.2,6517.9,41.7,17,25,0.2,7.7,4,1,1,40.1,185.9,20,507.5,-14.6,05-02-2025
0x3b94aa4971891d995b6fbe5e97d557fa7bd39817,-0.1,0,0,-0.1,,0,0,,0,,,,,0,0,,,05-02-2025
0xf25054507ac92c740cd3cb1027110558d2fe0346,-0.7,1288.6,4829.5,127804,100,42,39,0,2525,21,0,0,47.2,34675,4.3,5482.8,11.5,05-02-2025
0x39ccc79aa0dbbed8e27f313630ab97feaf6771d5,0,-2257,-2257,-2257,66.7,28,23,-0.2,0,4,0,0,4.1,398,19,12616.7,-10.8,05-02-2025
0x3de1a87a5ab95b0638977f1fa38baae7dcda2570,0,0.1,0.1,0.1,100,1,2,0,0,1,0,0,,,,,,05-02-2025
0x9d9f2ff0fc4c0e22c8329710382fa38ed6c879ec,0,119,119,119,,2,0,,0,,,,,35.7,6.4,,,05-02-2025
0xf9ff655b41216f25f14127d151cc376e80c4d0bd,-74.7,-2927.6,-5397.3,-29268.8,12.5,2462,136,-35.7,1363.8,76,0,0,89.4,2804.7,0,8408.4,0,05-02-2025
0x0ef9bf922613695f37f62009da574c7796b4ecd4,0,-63.2,225.8,-4040.6,78.3,2150,1977,0,11.5,183,0,0,116.5,10271.4,-1.5,261.1,-10.9,05-02-2025
0xd354ba46f7d03bcf44df5cf46ee597f4fc6f9a2c,1.3,0,0,34569.6,,0,0,0,0,0,0,0,,0,0,3785,913.3,05-02-2025
0xe514f7e0dd96d8afa8f918ff5800f9d69b2713f1,37.9,12,19.3,-5547.7,20,39,34,2.4,3.1,1,0,0,51.5,128.4,-0.7,5738.1,-1.6,05-02-2025
0xdca0da1d5db656f99013da173da6657ccfb071f9,0,0,0,0,,0,0,,60.7,,,,,0,0,,,05-02-2025
0xd9b238f0a062c7f38ab3b0979be2287923496ca4,0,0,0,0,,1,0,,60.3,,,,,58.2,-11.9,,,05-02-2025
0xfbdaf82998fdb726806cc46faf7b8c8bd0bce28e,0,0,0,0,,0,0,,0,,,,,0,0,,,05-02-2025
0x367beed636b3f5dc25d853882edfb98c58d5d2a5,-82.7,4754.9,6751.4,12019.8,50,12,17,1188.7,5697.7,1,1,0,5.5,867.2,9.5,1825,8.4,05-02-2025
0x3dccf0cc9c6d8720ab1d9003cd6211f1f0a27147,0,15059.5,-200489.4,298663.5,47.5,401,485,75.7,557.9,167,1,1,159.4,30005.7,9.6,39159.5,2.1,05-02-2025
0x6c066e7ca53a62ed04e0a4989af2bef1f24dcecc,0,7033.4,41780.9,72220.6,46.4,887,1524,40.4,565.4,82,0,0,183.3,11743,0.1,5749.1,-7.7,05-02-2025
0xdefe565979248f768d98ca380c4d5375752d23ee,0,0,0,0,,1,0,,0,,,,,30.2,58.8,,,05-02-2025
0x343f6ea50b093531d0248bb4fc1a9a03329e3e05,-3764.7,0,339.6,-259.5,,0,0,,18.2,,,,,294.6,0.1,996.8,-22.5,05-02-2025
0xe03bf410c2ef4d70fb567c2dcd4ae03311d0f73d,0,-2.6,110.7,110.7,,2,1,,0,,,,,183.6,0.7,440.2,-5.5,05-02-2025
0xd70ce47ec32625420640da206f0b3525c2bec678,-15470.9,1946.5,10367.4,2073.6,78.6,46,19,0,2499.7,7,3,4,68.9,35.3,59.7,36.1,-98.3,05-02-2025
0xe1da803f80479bcb8c15a16d1d73e2bf503db94b,0,2475.8,2479.1,2444.4,,50,50,,0,,,,,0,0,,,05-02-2025
0x328e9668ff8388e82b925e89f19e40081d4d6e17,0,-11.2,-11.2,-11.2,,22,0,,0,,,,,7.6,-2.7,2,13.6,05-02-2025
0x34f9d0008566766a636355a3b3c8e5ef035cd13f,67490.7,0,0,658326.2,,0,0,,1,,,,,1008.1,138546.4,4867.3,4252.4,05-02-2025
0xcecb0c6ed1300376495b73fb58d7cef4132e154f,0,1568.4,1569.4,11794.9,100,3,3,784.2,0,2,0,0,5.5,196.9,65.6,185.4,-13.3,05-02-2025
0xa4f744b8c1008c2067597348c39e6dcc308340eb,-8.3,2.4,-334.2,-342.5,,77,8,,14.4,,,,,1,-16.7,1.3,5.5,05-02-2025
0xa1705b92050935493f8e7981e66b115a0ad7e49c,178.8,69.7,73.3,79.9,,7,3,,4.3,,,,,0,0,,,05-02-2025
0x81d907343b1928c8c0b831b1c798d898bc2e9f4c,4882.7,2408.9,2408.9,7291.6,100,115,101,1.3,0,0,1,0,177.8,22.7,-13,3237.9,225.8,05-02-2025
0x6e4e8f2808d19189ae9ed848c909c1a5372564c4,4.3,2198.9,312.5,-1549.4,20,130,31,88,11723.3,6,0,0,75.9,2030.4,-1.5,103.5,-50.9,05-02-2025
0xe2a5b8dc962a78fd8e7a9f44bebee117d22a4bc7,0,0,0,0,,2,0,,0,,,,,0,0,,,05-02-2025
0x4fdc7f266c35da906c5d0e4efc5546b936748fed,-129.4,-3701.2,1537.3,33427.9,77.8,127,133,-205.6,0,15,0,0,73.1,362.2,-34.6,22635,4.4,05-02-2025
0xb8a5c47e2c89560746abaeea14954ff398bc943b,0,425.3,553.8,553.8,,23,13,,1843.8,,,,,132.4,-0.4,432.9,29.5,05-02-2025
0x45f50331c62925ffba1ebc4bea94eaa061ce2051,0,1358.2,1358.2,1358.2,100,27,2,0.7,0,0,0,1,143.8,0,0,,,05-02-2025
0x106cc5391fc3f009f9278cf84511f42c1ab76b9c,-38.1,629,641,143.6,,24,22,,97.4,,,,,114.7,-7.3,359.5,-24.8,05-02-2025
0xe19a67794a8b9ceecdab4410722a7f6100794345,0,-781.1,4359.6,4359.6,,48,49,,0,,,,,198.5,122.8,490.1,-13.5,05-02-2025
0xe44b9af1204a445a36eb6b3f5348945aac50202e,0,0,0,0,,0,0,,0,,,,,0,0,,,05-02-2025
0xcc96d4a069f9ef6db34e21b7d7e0c234273de6bc,0,0,0,0,,0,0,,0,,,,,0,0,,,05-02-2025
0x1a20acf44612cbaea8c245904e75eb5256178dde,-61.4,-5.8,-129.6,-105.2,,21,20,,56.2,,,,,13.3,-19.9,29.5,-47.2,05-02-2025
0xb48d8446a726f911bc6c0ea4dc922a1c55b1fe97,0,0,0,0,,1,0,,0,,,,,0,0,,,05-02-2025
0x71a4211b80fd0ddb2aee9119d002a8c28db064e2,0,0,0,0,,0,0,,21.7,,,,,0,0,,,05-02-2025
0xfd760d1f97558f90f03459d3a021daa1b959e3ef,-11,0,0,9,,0,0,0,0,0,0,0,,17.9,-10.2,45.1,-72,05-02-2025
0x3843ecd2e6e8b8087029b7dc2973a38ea772f539,26342.1,-7541.6,-13001.7,-4199.9,35.3,54,49,-0.2,36.5,5,1,0,429.3,1430.2,-24.1,6518.8,71.6,05-02-2025
0xb6eb8fb5f3d13b3586932c0906c43c348b7c486f,18254.1,0,0,18254.1,,1,0,,15.8,,,,,10.3,19694.6,,,05-02-2025
0xf2a29c862e123a36a263cbbd74be15f22df19047,705,0,235.5,940.5,,0,0,,57.6,,,,,112,210,,,05-02-2025
0x247fb5b3178ca6ce0a834f883b701352066d0d5e,0,3953,3953,3953,100,3,6,2.2,0,0,0,1,143.8,0,0,,,05-02-2025
0x072a9f9ba4ab8a893383d76739d764c508602c77,0,0,0,0,,1,0,,20.5,,,,,18.6,0,,,05-02-2025
0x04adb1ae1853dd9f5ea6cdd98e444751002bb3cb,-0.2,3621.4,8545.3,47743.1,25,5,11,905.4,15670.7,0,1,0,0.9,676.4,14.3,1666.6,42.4,05-02-2025
0x504f7adcc16d656e0fd6db7f12c6e86549834b68,10961.4,70.3,70.3,11031.7,,18,11,,0,,,,,63.2,249.8,,,05-02-2025
0xd8c811a29078d91cfe87d35a5b342e8fb865c4b8,40.1,299.5,299.5,339.5,,3,1,,2107.7,,,,,0,0,,,05-02-2025
0x017b0500fb3ff18a8aeeb03c75825bf7902be39d,-52.6,109.9,142.3,89.7,,7,5,,113.9,,,,,31.7,38.7,118.8,-41.4,05-02-2025
0x8096bd49f36a5caa1abd20ff1c5c74521e491e64,-526.7,97.8,1767.4,37422.2,45.8,30,46,4.1,1123.7,10,1,0,58,337.7,12.1,120.4,46.9,05-02-2025
0xb8a2c3eb4398cf9d0a0316ef1562db02f83b8be5,-29.9,-987.9,-983.7,-1013.6,,13,12,,2,,,,,75.4,10.4,787.5,-24.5,05-02-2025
0xd16b2294604ed099d479b71ce32c6b53d3f8ca6b,0,608.4,818.3,1359,62.5,16,14,0,632.6,5,0,0,14,182,3.2,,,05-02-2025
0x667c0c9d2192efcfe902090431dde1e4cda784b4,0,0,0,0,,1,0,,131.9,,,,,0,0,,,05-02-2025
0x099e5d3d6d404a8905909020717f775358989f8d,22,0,-97.8,377.1,,2,0,0,4,1,1,0,799.8,2.8,-10,27.6,-26.1,05-02-2025
0xd2be3d4e34a8331c82612152bf11aebbc6c5d8c6,0,0,0,0,,0,0,,0,,,,,0,0,,,05-02-2025
0x801cfb33d3b83ad30301027b39afcdbe473e2cb5,85.1,-361.7,-4451.8,-106.9,,101,100,,261.3,,,,,0,0,,,05-02-2025
0xe78da12c49cfccbe18e79076d4235f0ee2f34d63,-248.3,-9.4,-9.4,-257.7,,20,15,,21.1,,,,,507.6,-7.8,,,05-02-2025
0xab25b76040e61783e565b9a16cc068645be4fa4b,0,1458.1,1134.8,-12425.9,50,5,4,0.3,23.2,2,0,0,158.6,286.1,-16.5,1308.3,-15.9,05-02-2025
0xcd6c604295c27aea6d004eb3233563bb7c99e3ab,20544.8,246.4,246.4,20791.2,,22,17,,0,,,,,70.6,266.5,,,05-02-2025
0xcc5f0f49f91309886085dc9d0909c243dd92736b,187.4,597.8,755,2207.9,20,4,10,85.4,48.3,2,0,1,153.4,87.1,152.5,156.4,-35.8,05-02-2025
0x2c8b99379d717531fbfe89af34bcd53bc7ab8ee1,0,0,0,4049.8,,0,0,0,0,0,0,0,,1534.9,-0.2,1048.9,-8.7,05-02-2025
0x592bb4239f1c43fed9c88449e53dca698ae421fd,5475.3,4324,4324,9799.3,100,211,212,2.4,36.1,1,0,0,177.8,7.4,-6.5,,,05-02-2025
0x9016c23b29b67a24ed77a84566f976aede98a065,-8.3,0,354.7,392.1,,0,0,,87,,,,,98,45.7,,,05-02-2025
0xd6ffd21e41effe66302ab11c64eb59e2401418a1,0,146.1,944.7,942.8,66.7,3,8,48.7,433,1,1,0,0.4,50.2,36.8,,,05-02-2025
0x7efc49fe387c42029f3a42e0847a97b5df7e202f,-104.6,28,60.1,-150.1,50,75,6,0.5,51.1,17,1,2,172.4,5.7,49.8,6,4.5,05-02-2025
0xdd9124f4ed3048019cb4e22c18c75c6b7c354cd0,0,43.5,-69.2,-610.1,50.6,4185,3562,0.1,84.4,263,4,4,181.7,510.9,6.9,1.8,-36.1,05-02-2025
0xdfb09ed4c0dc08685b26cc7bb1ec1b1639bae94e,0,0,0,0,,0,0,,0,,,,,0,0,,,05-02-2025
0x002a0aa623b4da88fd6f471b35c14bc0e9ed0696,-1.2,1807,13518.3,23695.9,45.9,135,135,0,460.1,44,0,1,12.1,179.2,3.5,,,05-02-2025
0x90a045b90e17c4c031d0e5d9b3dd977643ef6bef,0,0,0,0,,0,0,,0,,,,,90.5,0,,,05-02-2025
0xf3d3e15aea839c1cee46861f9766ae84e6cfebe3,0,0,0,0,,0,0,,19.6,,,,,0,0,,,05-02-2025
0xb37630e4474c34dba55fb09570fec7a4c7e0215f,0,0,0,0,,2,0,,0,,,,,0,0,,,05-02-2025
0x93ae1230cc3d6f14b7c8804ba9be256c84d56760,0,964.5,1139.7,2757.6,54.3,72,71,20.5,726.2,25,1,0,1.4,142,13.9,598.5,1.4,05-02-2025
0x37907914c6c676d592025885bc4d8fd8371a8095,-0.6,400,793.3,1090.2,50,66,93,0,7,23,0,0,13.7,89.1,5.4,334.2,14.8,05-02-2025
0xd60d9a56f827e62d2278c45d5387dce60b8c5464,-125650.9,-1145.5,7476.5,162739.8,14.3,10,7,-114.5,7236,4,0,0,67.9,790.6,12.1,1267.1,359,05-02-2025
0x4628db45d63850db6334e26c45c54788937a2233,395.6,0,0,395.6,,21,21,,25.6,,,,,0,0,,,05-02-2025
0x997407322e90aedc941af225ab18f3e13cad7b56,-26.1,0,218.9,203.3,,0,0,,0,,,,,18.7,-0.9,15.5,-25.6,05-02-2025
0x87780b083b5d5bb7fa3e267dbee6536497494f61,-1.4,0,0.9,-12.6,,0,0,0,0,0,0,0,,0.5,-8.5,2,-83.3,05-02-2025
0x68cd1e99fcdf409e5865a4a0863cf776592f35a7,24806.8,3769.5,3769.5,28576.3,100,163,170,2.1,0,0,0,1,177.9,12.7,-14.5,4519.2,632,05-02-2025
0x691a33f6158333a06b9e31a6b1fabf62e74de02c,18524.6,0,0,18524.6,,1,0,,15.8,,,,,10.7,19231.2,,,05-02-2025
0x96393801cae2ca2b53b990e711a4909bf52084dd,0,0,0,0,,0,0,,0,,,,,0,0,,,05-02-2025
0x1978bd0f32d43ef58f8a6452dec76f743ea08887,0,1658.2,7865.5,7865.5,,41,37,,843.3,,,,,414,4.5,301.9,-20.4,05-02-2025
0xb9925d0b4976285a7324feddc518e2a792e2810a,0,0,0,0,,2,0,,30.7,,,,,0,0,,,05-02-2025
0x8c3fc67903607f20bbb3d9f8948cfdac2023b23a,0,0,-714.8,-714.8,,11,0,,11,,,,,288.4,-17.2,,,05-02-2025
0xe35a0ed1e144972a9cc9bd4c8d8c96df3cb12134,0,0,0,0,,0,0,,0,,,,,0,0,,,05-02-2025
0xcaeb61670be97b305c0230761a432a564ebd0fad,153.5,0,646.7,9723.7,,0,0,,0,0,0,0,,1015.6,-6.2,388.6,-1.5,05-02-2025
0xa69e948ca987f1780face148be526d217969619f,0,77.1,77.1,77.1,,6,5,,6.3,,,,,5.1,5.2,,,05-02-2025
0xeafce17abe58ad34efe35bb1b8f6999b2996fcef,0,0.1,0.2,-4.8,50,20,89,0,157.3,10,0,0,278.3,5.4,0,,,05-02-2025
0xf8dfd96821001833d8ebe8aaecf291548782f078,0,0,0,0,,0,0,,0,,,,,0,0,,,05-02-2025
0xcf7d3acab025eb35f958e29423624ca0cb7730c7,0,0,0,0,,3672,0,,120.6,,,,,348810.1,0,,,05-02-2025
0x0764621e141194841e8cdb3df807f0e6a25ec1dc,-21.2,675.7,1793.2,7334.3,50,38,49,52,363.9,9,0,0,68.6,141.1,-1.1,402.9,-15.3,05-02-2025
0x1ccf3051a6bdd298f10862248219269c2ba2dd95,0,616.6,616.6,616.6,,260,0,,0,0,0,0,,0,0,,,05-02-2025
0xc04afa7264071397f8a6fe53efb2b9a5976254e5,0,-4.1,-4.1,-4.1,,0,0,,0,,,,,0,0,3.8,0,05-02-2025
0xdc8d24f2fcc192609cc48db565f1273821e4c6dd,12.5,640.9,-18.6,-4074.2,50,7608,2849,,56.6,0,0,0,,315.1,2.3,218.3,-9,05-02-2025
0xf4d151d05a0f39384ff35eda43c18667aa0ac9bf,-193.3,1116,-2428.4,-1868,,20,8,,5.1,,,,,176.2,-1.1,1383.2,-33,05-02-2025
0x9dcd79b6521d83c4b11ee997158ec0433b352b1b,-213.9,578.5,7230.7,19496.4,100,2,2,289.2,60.7,2,0,0,3.4,17.9,1.8,9441,-66.4,05-02-2025
0x223ce4fa2cf17155479a341c16fedf371a52d8c0,-917,13519.6,22848.7,21931.7,100,671,669,12.4,1361.6,1,0,0,182,0,0,,,05-02-2025
0x32cb2792763912b9dfcb30d34b0fc86b4384020e,0,-114.5,3204.3,3795.4,,13,13,,923.8,,,,,289.7,2,614.4,21.9,05-02-2025
0x9622b1c2fc6774826f2f813ad00f53a9a5b18fed,0,0,0,0,,1,0,,0,,,,,0,0,,,05-02-2025
0x9ada6b2e1affe12e5c346512658d54235fffe5ea,-3617.7,-34.9,-645.4,-837.7,0,5,2,1.5,3.5,0,0,0,2302.8,0,0,1106.7,-85,05-02-2025
0xe89a9dcc5e8aed10224b51eac9925919576ac4e0,0,2542.4,2542.4,2542.4,100,1,9,1.4,0,0,1,0,117.4,0,0,,,05-02-2025
0x2bc3b66226a56633b671d0eade0298409e7c849b,0,0,0,0,,1,0,,0,,,,,22.2,0,,,05-02-2025
0x602c16ebcd62930414614a89f96db226a9b3d21b,0,0,0,395.4,,0,0,,2.2,,,,,611,15.9,,,05-02-2025
0xaafd9deda736f070f1f61e1b14c8b2bcefb2bd7d,0,0,0,0,,0,0,,3.2,,,,,0,0,,,05-02-2025
0xb20a641b59f55a7c62fdd534cfbb61c1456f5f54,0,-268.7,-268.7,-268.7,,35,21,,4.3,,,,,198.2,-11,919.8,-2.9,05-02-2025
0xef734d0e2024f5eab92dd7f9fd348084311c7ec0,0,0,0,0,,0,0,,0,,,,,0,0,,,05-02-2025
0xfd65d84946e056f93aa2ee9da9e684608b747b3f,0,1059.7,1051.7,2879.3,,4,6,,0,,,,,363.9,67.2,359.8,-45.6,05-02-2025
0xe2e2836e5507b92134ae1c3aa876cd62f63f4d9d,0,0,0,0,,1,0,,0,,,,,0,0,,,05-02-2025
0xaf80f0291e85f1400d194d4f25fc603dc18c75ec,0,0,0,0,,1,0,,0.2,,,,,0,0,,,05-02-2025
0xc296f8405cecfc16637b150ae6897769ec37e42b,0,222.2,1092.3,7501.1,,20,20,,240.1,,,,,529.4,3.8,,,05-02-2025
0x761e1d553248eddf497ea0356d56e693a61fd544,-347.2,885.3,946,598.8,,31,18,,9.1,,,,,224.8,-12.8,1122.3,-10.9,05-02-2025
0x73757aa58bdcf988714d2e15965d92b70c44d03d,0,0,0,0,,3,0,,0,,,,,0,0,,,05-02-2025
0xb7ed840d6f276d38d357a38faa515d58b549e3ab,-598.4,-607.1,-636.8,-1889.8,,2,10,,1713.2,,,,,108.4,-16.3,194.1,-57.5,05-02-2025
0xce43e95d723beca2b313ab7ba9da87278fadd0b5,0,0,-623.3,-623.3,,12,0,,10.7,,,,,257.1,-12,,,05-02-2025
0xc44930675ce075ab5858fe707fa494c1adc4af5a,0,2,2,2,,0,0,,4.2,,,,,0,0,,,05-02-2025
0x89517b90a966971945313ada3a01851aeaf37856,0,0,0,0,,1,0,,978.8,,,,,0,0,,,05-02-2025
0x02513b24086c8076ec5879a53224eb0c5bc8be27,-528.9,0,0,-287.7,,0,0,0,19.9,0,0,0,,0,0,,,05-02-2025
0xa329aeb7f370996a6b86f296f89c65498c7dab47,-57.4,-1291.5,-3134.7,-27215.4,,0,5,,3.5,,,,,273.5,-11.9,1486.3,13.3,05-02-2025
0x308f8a3fc9e0742d8bab5a39ebdac655f686ab6a,0,0,709.9,709.9,,0,0,,0,,,,,,,1022.4,40.6,05-02-2025
0x226ea87c1dfbfae4823dd41bc96ba5ff5b1ec8c9,-56.6,0,0,-56.6,,16,0,,0.4,,,,,24.4,-14.3,72.8,0,05-02-2025
0xd1dacd1b77bc6fffacbbd19a66ad51ae808e7f10,-210.3,0,1435.6,918.7,,0,0,,6,0,0,0,,106.3,-13.3,174.9,75.2,05-02-2025
0x98708a66f5ac385ba509649896867d1b2b8141a1,482.3,1129.9,689.7,-671.3,100,23,6,0.4,3450.5,0,1,0,13.9,123.6,5.1,249.6,-96.9,05-02-2025
0xd42cf8c0701147264185dd65585df9b64499e56c,0,444.3,444.3,444.3,,1,1,,0,,,,,120.9,367.6,,,05-02-2025
0x059e065f92a3deaa87491b69e676f5293785923c,0,257.9,257.9,257.9,,1,0,,0,,,,,271.2,-1.3,,,05-02-2025
0xa96e10117b917f19c0cbd738ba0893787e8f58e4,0,0,0,378244.1,,0,0,,628.8,,,,,0,0,,,05-02-2025
0xc76c568dd83c9c05d73ca4ffcf5fde89b56d87df,-721,-57.4,11770.3,50212,50,2,2,-28.7,2243.9,1,0,0,0,613.7,25.2,2141,-18.2,05-02-2025
0xee16131c4d5cc830f8f1042d3a125d0182986a23,0,0,0,0,,0,0,,0,,,,,0,0,,,05-02-2025
0xd97a2504870eb3ee55fb3eb3d58ca0cd6e564d88,0,0,0,0,,0,0,,0,,,,,0,0,,,05-02-2025
0x85c9d6c15908755b6536d5de9d11601a49ca9f8a,0,-4.6,-4.6,-4.6,,0,0,,12.5,,,,,23.1,0.6,,,05-02-2025
0xa77bf7991f9497f8c80298fd7ccbbb50a2203d66,73.6,82.9,82.9,154.8,100,0,1,0,9.2,1,0,0,511.4,0,0,,,05-02-2025
0x0000000000baee80cbc27085a5249e1bc93b6af0,0,1179.2,4916.5,489674.8,92.7,132,114,26.2,26.9,38,1,0,80.1,723445.4,42.6,2803.2,3.6,05-02-2025
0x68fb874ef0d873e9e27e14449772f504344028c3,0,58.6,58.6,58.6,,10,0,,0,,,,,49.4,0,,,05-02-2025
0xfa13be1b35979450b0a288bac5bf22a407191896,1739.1,377.4,377.4,2116.5,,0,1,,2210.7,,,,,,,,,05-02-2025
0x3569fbc7ad944a84f2fec578f816ecf30f9c46b5,-1348.4,220,110,-576.1,100,1,3,0.1,35.1,2,0,0,764.7,0,0,,,05-02-2025
0x91c437c5d674f08f21fe32d751a0eabd43975966,0,0,0,97543.2,,0,0,0,7.5,0,0,0,,0,0,,,05-02-2025
0x8523547fa505a263546632379a4b9fdaf1c10596,0,0,0.4,0.4,,0,0,0,0,0,0,0,,,,,,05-02-2025
0xe612d98b683c0e6f87bc1311e3ed523085184b65,-148.1,387.9,1647,7105.2,59.4,40,44,10.5,1803,25,0,0,174,733,7.8,969,-4.8,05-02-2025
0x8f0b5bb53cb3897cfe28330d4ac3b18674915ea4,0,26.9,26.9,26.9,,47296,0,,18.1,,,,,0,0,,,05-02-2025
0xe14f88ed507148967c303aef1ae6010ce7a79f46,-71.4,-684.9,-1872.4,-2844.4,,106,164,,44.3,,,,,0,0,,,05-02-2025
0xb1f789fada6a02642c05eee4e425dfdd0823721c,0,28.3,28.3,28.3,,3,0,,0,,,,,0,0,,,05-02-2025
0x44a1779ebaa86ba32445539cdeefa79a6a3c1019,0,181.8,181.8,181.8,,2,0,,0.6,,,,,0,0,,,05-02-2025
0x8e2d6f8c68f1e50e9cf8dec1e4b6a834f730dd2e,-2.9,0,0,372.3,,0,0,,0,,,,,128.4,8.3,277.6,-6.7,05-02-2025
0x83d41e96f93e4b3bf77b246761f0bc76dba8b11e,0,10.9,10.9,10.9,,0,0,,0,,,,,3.6,16.1,,,05-02-2025
0xcc04e4edb12c166bd58499ebd55150a3f00062f9,0,661.7,661.7,661.7,,0,0,,0,,,,,0,0,,,05-02-2025
0x054a5f1cf8225467e6c1495a921ac6ac5ca3c92c,0,6317.8,6390.4,6390.4,54.5,61,47,0.3,4542.1,7,0,0,5.7,391.8,5.9,2423.8,6.5,05-02-2025
0x790871b38de090231492162066c6a5a6e0994cb0,0,-275.1,-275.1,-275.1,,9,0,,0,,,,,10.6,0,,,05-02-2025
0x18451db799d2af11230a7985be02fe74ea60d176,-10.7,-157.3,-291.2,-1669.2,0,22,15,0,2.9,3,0,0,12.7,223,-38.8,85.5,-24.1,05-02-2025
0x2cb390f3641c749c10d2f8d769949c9bbf5cbf60,-112.3,-4404.1,-6876.9,-6875.2,29.2,25,25,-183.5,4142.2,7,0,0,8.5,337.8,-21.1,1188.6,-11.5,05-02-2025
0x496ef52cd582de4a8ec62f8f7b22130b5809a7d4,-221.4,88.2,34298.5,101826.6,34.5,75,86,1.5,3839.4,22,1,0,19.5,693.8,1,622.2,21.3,05-02-2025
0x330f0de862fbec488560a65551cd30b7d3025237,0,39.5,-7.7,-7.7,33.3,121,66,1.5,8.1,9,0,0,7.8,219.1,-0.2,540.4,-1.2,05-02-2025
0x5b9ed5b4e1bfadba14a40bf91132fe204474bf3b,-494.4,1826,3193.2,12129.2,57.1,11,17,260.9,733.1,3,1,0,0.4,363.8,12.7,,,05-02-2025
0x01e2406685519f7c91b895710666d2ba98600781,0,2995.8,2995.8,2995.8,,13690,0,,0,,,,,0,0,,,05-02-2025
0x6c8ccdd900cac1b8d2d628948cb498bc2ab679f9,0,116.5,116.5,116.5,,8,8,,106.5,,,,,151.8,7.2,120.3,-0.8,05-02-2025
0x39814394636b61e92021635c9d1d866b5695b1b5,-49.7,12.6,-85.9,-135.6,62.5,10,13,1.6,1,4,1,0,19.7,27.3,-0.8,41,-12.4,05-02-2025
0x58a0cd62089762f4e9d1456bffc3f7564e3b3b2a,-89.6,0,-53.4,-12.4,,0,0,,0,,,,,68.7,-10.4,48.2,-66.4,05-02-2025
0x2910ace8e1a5bd5098c90e026c3504a6823eacda,0,1296.2,1296.2,1296.2,100,2,2,0.7,33,0,1,0,154.6,0,0,,,05-02-2025
0xfbf5d2b8df4db40b1f7eb6a13b1367372e4eb759,0,0,0,0,,0,0,,0,,,,,0,0,,,05-02-2025
0xfd21001bcc47182b18b905ede1720cdf9bdd8510,0,0,0,0,,0,0,,0,,,,,0,0,,,05-02-2025
0xcccb4cdc34a2e9263ab21419ad7d21caaea9083b,0,0,0,0,,4,0,,4.7,,,,,283.3,-9.2,,,05-02-2025
0x0cdffc24544dc13751c7a0b5e6df4ba1f7d8ff29,0,-144.3,-109.4,-173.6,,20,11,,5.8,,,,,66.6,6.5,147.6,-26,05-02-2025
0x8b37c93f9fbd5e7ec5b59411111c6a7e20012e1e,0,4239.8,4239.8,4239.8,,8,0,,3.2,,,,,114,16.1,185.9,-13.6,05-02-2025
0x2213182a8c54b06cb0e874375796ed4616997955,-0.2,41.7,361.5,10461.5,40,4,4,8.3,522,2,0,0,1.5,79.1,7.7,102,-22.3,05-02-2025
0xb50904d99ee1884afb78c88b07b5ae4997fca9c5,17.6,0,0,113.2,,0,0,0,4.2,0,0,0,,0,0,,,05-02-2025
0xfafef2ce9afee4aff0a2dce1ef82389a4248cfa8,0,0,0,0,,0,0,,3,,,,,0,0,,,05-02-2025
0xfc59d4cc02a6003c0edf2aeed4992e797231a86e,0,0,0,0,,0,0,,8,,,,,0,0,,,05-02-2025
0xe08044591a57cfeb306a8b3d7e89b808be815888,0,0,0,0,,0,0,,0,,,,,0,0,,,05-02-2025
0x23fbeee6731d11406437f0d636313b8d1fd3d93f,0,2919.7,13501.8,-9083.7,28.6,81,100,46.3,29.2,47,1,0,155.1,655.6,3.4,3249.8,36.4,05-02-2025
0x01bc31424a929783fdda18e45eedfb1991a17f84,-13663.9,-238.8,-1128.1,9680.6,33.3,9,6,-34.1,16.9,2,1,0,411.9,188.6,-104607039.2,613.2,-26.5,05-02-2025
0x3e9eee59f070a09c19e56ef029f572dfa2d326f2,-95.1,0,0,-95.1,,38,0,,0,,,,,54.4,-59.1,72.3,-11.1,05-02-2025
0x819ac645ff9bdda7fd6f1fdf8dabc584c88578a6,0,3518,19508.3,142849.2,59.3,35,44,130.3,907.5,16,0,1,6,612.2,12.7,601.8,24.2,05-02-2025
0x2b0e5e23fc8355a19115a8ebb41c3b21b3b04014,0,704.1,798.6,798.6,66.7,3,7,0.1,649.9,0,2,0,0.3,69.8,97.3,,,05-02-2025
0xcf10efdc6ed0ae610bbea989f0b05599fed668a7,0,814.4,4320.2,20131.6,100,6,10,407.2,0,2,0,0,0.1,425.6,84.2,794.5,1.5,05-02-2025
0xd8806fef016eb8ca19bf6af48b81e6e0dfea67b8,0,0,517,1458.9,,0,0,,12,0,0,0,,368.6,-1.1,384.8,24.6,05-02-2025
0x3eaf16fc34a0d6db8973a67f6735161eb367b7a9,-78.4,0,0,6131.2,,0,0,,1.8,,,,,275.7,17.1,139.6,-18.3,05-02-2025
0x2e8ec97641e88af6e6165073209613e2892385f1,-142.9,186.4,151.9,-64.6,,15,14,,33.8,,,,,34.3,-10.9,1820.6,-3.9,05-02-2025
0xe2629a1340d3b5d933309227825323518609fe9e,0,0,0,0,,0,0,,0,,,,,0,0,,,05-02-2025
0x6d67efa42ed70d4456e3e78f9b95c15b6e5293d9,0,0,0,0,,15,0,,0,,,,,43.1,0,71.7,0,05-02-2025
0x7a83e6c35ed43233940a1c287c5ec1748adef6bf,0,0,0,-3.9,,0,0,,0,,,,,4.5,-1.6,12.5,-0.1,05-02-2025
0xdac49310a9fdc9a017bbeed67d7d9bde9dda13c1,0,0,0,0,,0,0,,0,,,,,0,0,,,05-02-2025
0x0000412b8ccb938cd2a3f473c3ce466cdedee049,0,7189.1,7032.4,-10.9,43.3,68,65,266.3,17496,18,0,0,236.1,14,-4.9,1,-44.7,05-02-2025
0xeefde78ebb54d483b6c4580ff67f6a15e8416f15,0,0,0,0,,1,0,,0,,,,,157.1,9877.7,,,05-02-2025
0xdea1215f2af63b2d5c9fb49f758ed4a7d306ef98,0,70.7,4318.5,4601.7,,90,0,,12.1,,,,,1291.2,0.3,1400.5,0.2,05-02-2025
0x9ef2f9c5de95a2cdf441fca01b6c49929b8dc196,-130.4,0,0,-130.4,,48,0,,0,,,,,16.9,-5.9,71.2,-3.1,05-02-2025
0xede629498ac86bebf98dcdee5d7d2bd4d40afc37,0,0,0,0,,3,0,,1.9,,,,,0,0,,,05-02-2025
0x9004af1b3d2d233c677ee7dadc7b68c1bdd756d2,0,0,239,-433.7,,0,0,,0.6,,,,,54.6,26,85.3,18.7,05-02-2025
0x47131df994d11cde67c64d33abf7ddbe252ab69e,0,1249.6,5186.1,92028.8,33.3,56,30,83.3,108,6,0,0,4.3,226.7,-14,1041.8,8,05-02-2025
0xa3b84013b51047f4ad5018d2668b6c785c484ea4,0,0,0,0,,1,0,,1.8,,,,,0,0,,,05-02-2025
0x6f5b9dc38023f0a013312ac5bd732f7c50b27ad4,-8.3,0,-43.9,-1721.9,,0,0,,2635.4,,,,,266.6,12.2,342.5,0.9,05-02-2025
0xe4b5b2667e049ac8c79ae6c5a7e3300815aa32be,0,0,0,-1.9,,0,0,,232.6,0,0,0,,0,0,,,05-02-2025
0x8277a861499e114d5dc94d27a06b16620f2ce59f,-13.1,0,-447.6,13334,,0,0,,1358,,,,,487.7,-22,3375.8,-4.5,05-02-2025
0x62d883974484dea30bc5bbf798dc462e8e74608d,0,164.9,164.9,164.9,,7,0,,0,,,,,329.9,0,,,05-02-2025
0xc590175e458b83680867afd273527ff58f74c02b,0,0,0,0,,0,0,,0,,,,,0,0,,,05-02-2025
0xaad23082adcab9cf6c70a80c37d910ed5f35d1c4,-1348.3,2240.4,2437,1639.4,33.3,23,7,373.4,1822.7,2,0,0,7.7,176.2,-3.4,416.6,65.6,05-02-2025
0x533ae4b1a6e1a0903ae2186938a1552a486d4dd9,0,0,0,0,,0,0,,11.1,,,,,0,0,,,05-02-2025
0xffd7bb88bc8d31f6dfbce61f5e748fce69633d42,0,0,0,0,,0,0,,0,,,,,0,0,,,05-02-2025
0x548c9dd7ceed06fb1759176a6ee2460cc00c2f0c,0,-52.2,-52.2,-52.2,,20,0,,0,,,,,97.8,-2.3,224.8,-4.4,05-02-2025
0x52f3c8b91381fda6f07ed6cfa4b76e4f5e4c28f5,-1486.4,2921.6,4520,2210.7,,177,67,,18.3,,,,,389.1,-4.2,824.9,-2.1,05-02-2025
0x7a05ed696f1eb41ecde722cb23d0bea2ee0ace1a,0,0,0,0,,1,0,,0,,,,,0,0,,,05-02-2025
0x85d49ea4927eb7f72f37404fd3c5b3ffae7e9539,-10.9,729.2,660.3,649.4,,28,8,,22.1,,,,,519.8,-2.6,,,05-02-2025
0x021cf4070fec4f17d073d687a77d8de69deac288,-399.7,283.3,708.7,309,54.5,15,10,17.7,153.9,11,0,0,43.9,102.5,3.5,380.8,-5.5,05-02-2025
0xc39dc4980ea4de135ffcee5016bdd30cf9aa0ef5,0,-1244.1,-1244.1,4392.7,,10,6,,12.1,,,,,1379.8,-3.9,3903,0,05-02-2025
0xdecd7f0057fd276d43d6fcfba877fd7128784c07,-0.1,-3769,-11708.4,-11708.4,,11,7,,2.8,,,,,210.3,-0.9,902.9,4.6,05-02-2025
0xd9a715f8a70bf7e970126908d7d1a6811b1dc933,-32.1,-28.5,-98.2,-171.8,29.6,100,93,0,15.7,18,0,1,19.1,13.6,-7.6,13.5,0,05-02-2025
0x3913fbcf098de3b6085b3835cc17d4841c272e5d,374,0,0,374,,1,0,,8.4,,,,,0.3,31269.3,,,05-02-2025
0xed4476a3c94ee0938aa594c809bbfd59acc653ca,-19357,0,0,548650.8,,0,0,0,4524.9,0,0,0,,154.8,16799.4,1873.7,-90.2,05-02-2025
0xe1e3eaf7b4a658da4a0107a40e3a35bef8a28fc7,0,0,0,-1504.3,,0,0,,12.3,,,,,0,0,,,05-02-2025
0x6f901e395d26d4ef97f373ed57746768bd393bfe,0,0,149.6,149.6,,0,0,,0,,,,,0,0,,,05-02-2025
0x777336ae2cef9ddc261a61a97cbfb4e0aa7d1329,-117,0,2113.7,21746.7,,0,0,,15.1,,,,,15.4,0,,,05-02-2025
0x49a1f0bcb937faf765a4d7ed660e6d9d85ef0cca,-61.2,0,0,-61.2,,7,0,,0.4,,,,,50.4,-66.7,,,05-02-2025
0xc78180c67168ccb9c7c0ad695d38cda36b32b50c,0,0,0,0,,0,0,,0,,,,,0,0,,,05-02-2025
0xfb38670c1cfab78f61cc0e8e3b083117932b3558,0,0,0,0,,0,0,,0,,,,,0,0,,,05-02-2025
0x595212e2af47f96e07a63707cf47ad22cf6d1f24,0,0,0,0.9,,0,0,,0,,,,,5.2,-0.8,,,05-02-2025
0x5a8324e2bc1dd7309ef001c5534875251481b47e,1,0,0,2.1,,0,0,,0.6,,,,,0,0,16.2,-16.5,05-02-2025
0xa21ebd358f83aec3690a855e9e9420311fc18c01,0,22.1,22.1,22.1,,7485,0,,0,,,,,0,0,,,05-02-2025
0xc55ff9982140a644d13188c27aa28ca41edab45c,-250.5,0,0,-250.5,,5,0,,0.4,,,,,57,-74,,,05-02-2025
0x4d4a9195ff3a2e602e15055c0d09690df260f2d9,0,66.5,132.5,2172.2,100,2,2,0,173.7,1,0,0,5.1,64.6,7.5,,,05-02-2025
0x366d2fbb26dcc77ae5360bf98203d5ea6d82afd6,0,0,1.2,1.2,,0,0,,0,,,,,0.6,2.8,7.8,14.5,05-02-2025
0x475660ff7b8dbe8e0ff81d4e0433181a7983f24f,0,0,0,-5.9,,0,0,,0.1,,,,,16,-10.3,,,05-02-2025
0x8863a4b9b53a3a71c948cab9fe12bd9a3c950c14,0,0.1,0.1,0.1,,3,0,,11,,,,,0,0,,,05-02-2025
0x9c4767050c8e72c9db27210a1dbdd260ecd4d42b,0,47.5,2809.2,14106.4,40,6,5,7.9,15944.9,3,0,0,8.3,272,-17.1,718.3,74.3,05-02-2025
0x47e452075f043a7a6de6f0031cd9e7aeef2b9eff,-426.3,47.8,528.7,2763.6,,11,10,,227.8,,,,,97.1,6.8,92.8,27.6,05-02-2025
0xdf0b773932d6a85bf67e22e5af328b523d689b21,0,0,0,0,,0,0,,0,,,,,0,0,,,05-02-2025
0x0989e9dfe6765af334f3f166f04825a73e8aca84,0,0,0,0,,0,0,,0,,,,,0,0,,,05-02-2025
0x96616e58d0755f6390b4557af06aea5c9e090e76,0,0,244.9,244.9,,0,0,,0,,,,,68.8,-27,1489.3,56.3,05-02-2025
0xf3521f3fced82e4b8925409b68f0d274344eb657,0,169,1083.9,-285.7,,11,7,,0,,,,,1931.6,-20.3,1761.5,3.9,05-02-2025
0xe999faeecc28bd54cd80ac467b40306ff6089124,0,238.9,206.9,416.8,33.3,2,4,79.6,1577.7,1,0,0,0.5,149,11.5,297.1,11.5,05-02-2025
0x01fd0484014142e12598cc4db20db6ac7e07703a,0.1,-124,965.4,25397.8,67.4,8462,7432,-0.2,15.6,348,2,1,129.2,12240.7,-0.1,34080.7,2.2,05-02-2025
0x3f8d237687798555dc35548dba437fe261579cb1,0,0,0,0,,1,0,,0,,,,,,,,,05-02-2025
0xda5acbfe1759335a404af8701ceefae8c52da85a,705.7,1130.6,1130.6,1836.3,100,61,88,0.6,0,1,0,0,177.9,0.4,-22.1,,,05-02-2025
0xb8897cb0284821bd78d2c671e7e59a9677741d14,-945.5,-2086.7,-2197.3,894.9,0,9,5,-0.2,29.6,0,1,0,218.6,340.8,-4.2,1262.6,36.9,05-02-2025
0xc1e8cee1b60db8855b72dfd3567bf59123e772ca,0,112.2,-64.5,-355.9,,27,24,,0.5,,,,,18.6,-16.3,191.3,-30.3,05-02-2025
0xa41b4f9c809a80ac71949cdc83dce83340f59bf1,23611,0,0,23611,,0,0,0,18.5,0,0,0,,41.3,3571.1,,,05-02-2025
0xe974537528432da32a49fc9e8b9dc28828eb5d32,-8.1,2071.5,695.2,156947,25,6,11,517.9,8790.6,1,0,0,34.6,1283.8,-4.7,,,05-02-2025
0xc83e190567db19b3dcef1a5493e567012d6abad6,0,0,0.2,0.2,,0,0,0,0,0,0,0,,,,,,05-02-2025
0xf27586ebae26f70ff3723d23e66d7c7b4ef8aed4,-30745.8,9474,9474,7980.8,100,3,8,9474,57768.6,1,0,0,2.6,1246,-7.6,4109.8,51.2,05-02-2025
0x4c7bbc6905cc4885683b38e46575d592414e1c2f,0,0,0,0,,1,0,,65,,,,,0,0,,,05-02-2025
0x7ffbda5d7658e4e00a39236947afe47055f9ad05,0,6074.6,6074.6,6074.6,100,3,6,3.3,0,0,0,1,143.6,0,0,,,05-02-2025
0xe1bcc3c94d3397c4affb547c87a3847124ac1bde,0,0,0,0,,0,0,,13.5,,,,,0,0,,,05-02-2025
0x6694a2ffdcf8a9d294747a2b97ab78cb66d0bcd5,13511.3,419.3,419.3,16353.5,50,2,3,209.6,179.2,2,0,0,748.8,322.7,234.4,,,05-02-2025
0x7a7c797e762a974e35415eae636ef7cdda870868,0,0,0,253.1,,0,0,,0,,,,,98,-3,211,8,05-02-2025
0x7e913274e3026cff8292d6ddecae29744162073a,-274.5,1058.5,1286.3,1098.8,25.8,98,64,0,212.2,9,2,0,28.2,132.8,-3.1,,,05-02-2025
0x3ae6455804d82939e5d6c9da01bd37b4db0baa6d,-97.1,0,0,1481.7,,0,0,0,184.5,0,0,0,,45.4,-1.8,1296.7,-97.7,05-02-2025
0xb287ef1a0a4c77794e1a223b24727bf1fe382c10,-0.5,3106.9,4550,4410.3,,7,13,,7.7,,,,,418.3,1.2,5706.6,40.8,05-02-2025
0x201e763b0a0d3e55872397ff782c95fccc7d2f81,260191,0,0,808304.5,,0,0,,468466.1,,,,,426,0,5101.1,15810.1,05-02-2025
0xd2d0694344684c19917c9f84c499d74f1e7dce1a,0,-480.2,-480.2,-480.2,33.3,8,4,-0.1,3436.7,1,0,0,2.9,360.9,5.1,,,05-02-2025
0xde9f697652ec65e9523e178ff4edfdf4641908f0,0,982,982,982,,3,2,,0,,,,,0,0,,,05-02-2025
0x4e73812473077df2ce7b1e6172bce38d8dea031d,-538,282.7,-1354.2,-90.9,,45,0,,16.3,,,,,898.3,-11.8,,,05-02-2025
0xf3805bc13e1bc1caec5c6757771b127c02f67068,0,0,0,0,,0,0,,0,,,,,0,0,,,05-02-2025
0xc5f7b9363058f5bbdb695c53a85d7853c38030ae,0,369.4,676.7,18132,75.9,5743,4920,0,2.9,237,5,5,169.6,308.1,15.1,95.3,80.4,05-02-2025
0x41b507c0ec868017aaec3f062b54a40b658cee52,-504.9,0,35.3,-1746.7,,0,0,,4.7,,,,,97.3,-17.9,706.8,-2.8,05-02-2025
0x74a498aab6a24a280a7e27fc31f2984f1761f6e1,0,0,0,0,,0,0,,0,,,,,333.4,-10.4,,,05-02-2025
0xb95b20a8706534109abb8bc4aaa02f9af9a14e52,-247.9,0,0,-247.9,,5,0,,0.4,,,,,56.4,-74,,,05-02-2025
0xd0e86864f016d59dc59c3c99a70fd1f55c1fa55d,0,-102.1,-102.1,-102.1,,4,0,,12.7,,,,,22,-11.8,27,-7.7,05-02-2025
0xf81b141afe692816368a20c2e9bd9136f9f8dd9f,3.7,41.7,635.2,46158.8,33.3,7,9,7,534,2,0,0,7.1,104.4,0.1,117.2,16,05-02-2025
0x5b567b1f08bd89280111598a34dcdae348d4e4ee,-0.1,-2549,-3066.2,-3066.3,,46,48,,30,,,,,53.6,2.4,3048.5,-1.2,05-02-2025
0x33e041a728c05c43e08c420f9b7018817d553a76,-2,0,0,14707.9,,0,0,,0,,,,,1540.7,0.2,5910.5,38.5,05-02-2025
0x64a0d646b33b6af347612894277df1b9b0944894,0,0,0,110778.6,,0,0,,0,,,,,8306.2,-2.5,741.9,4.2,05-02-2025
0x8b36bc00e8e29058519dd6310e46faf3e71c07f0,-13.3,1318.4,2189,61860.1,71.4,7,14,188.3,915.7,4,2,0,0.3,573.1,28.5,864.7,-61.3,05-02-2025
0x84338075c3166e294745f11d5c59c805b8d95fe4,0,7767.4,7767.4,7767.4,100,9,12,4.3,0,0,0,1,143.6,0,0,,,05-02-2025
0x7777752537d0bc5b5e3eaa976222431f0aaa788a,-1651.4,121,505.9,3037.6,33.3,9,14,0,3884.1,2,2,0,246.8,302.3,25.7,472.8,-27,05-02-2025
0xfc5f32f21a81101201d56cdaba30151381afd4f0,0,0,0,0,,0,0,,0,,,,,0,0,,,05-02-2025
0xd6721157da309031bdccd3d487ece0b08b18f0a9,0,330277.9,-624212.1,-51627,46.8,396,484,1668.1,592.6,158,2,3,198.8,32394.1,0.3,9378.4,1,05-02-2025
0x2cca512e51d3852801eaafd70efb479621b24e7b,6446.9,2116.7,1148.2,4439.8,25,14,9,0.3,62.5,3,0,0,31.4,9.4,-6.9,303.9,-56.8,05-02-2025
0x075e5a107a23e348e295227dd266e92673d5e2ed,0,16.1,16.1,16.1,100,4,1,0,0.5,1,0,0,0.5,36.1,4.9,,,05-02-2025
0xdaf34f450e7572656e91ab77a62bfde62b295dd3,0,0,0,0,,0,0,,0,,,,,0,0,,,05-02-2025
0x8b4a41fd43f267d5b57c305b8816ef7b6483de9a,1102.7,682.4,1521,15698.6,62.5,17,25,42.7,563.7,9,1,0,137,170.3,26.9,551.9,-4.2,05-02-2025
0x3cb41c4d65a0258bf9d7a95656c74ebbc01da803,0,0,0,0,,3,0,,3.5,,,,,0,0,,,05-02-2025
0xf3c33f17b75393917e0e662d7a695e029b4f5db5,-24.2,22.3,33.1,9,,56,52,,23,,,,,8.3,-1.9,20.8,-61.4,05-02-2025
0x521506e472b7189a222506bf4a35443791231ca0,-153.5,0,0,-153.5,,40,0,,0,,,,,42.7,-42.9,73.4,-10.7,05-02-2025
0xd7beeecfbbd663fe64c4773ac9916979cd0846a1,0,0,0,0,,0,0,,0,,,,,0,0,,,05-02-2025
0xe48894d9d731d1f6dfe1e25f426a312c96ebd320,-0.3,0,0,4916.9,,1,0,,0,,,,,315.5,21.6,616.8,-11.2,05-02-2025
0x66f8766c33482ae705be94455f6cff93cd366c52,-301.1,-440.2,-440.2,-741.3,,54,25,,9,,,,,284.2,-15.9,1580.9,-5,05-02-2025
0x34d1386b303e59a455d1e79b3db4f5fcc3786e07,0,-1586.5,-1586.5,-1586.5,100,4,0,-793.2,0.8,2,0,0,449.8,0,0,,,05-02-2025
0xa6f568b07921231b695958ae11cdaae776c7660e,-947.6,0,0,7589.9,,0,0,,0,,,,,2478.2,6.2,1872.6,23.3,05-02-2025
0x4038a4870558a89e826663f817701878ebf709a1,0,348,1063.4,1501.1,50,6,15,174,636.1,0,1,0,5.5,151.1,-2.9,246.5,134.6,05-02-2025
0xb5f308c84a22842d93f7b73dfb0ec1683c710f01,0,0,0,0,,8,0,,0,,,,,1.4,0,,,05-02-2025
0xf1310c2674568544e4ef660a6f278592518448b9,0,0,0,0,,0,0,,0,,,,,0,0,,,05-02-2025
0x3b60e3a06af5aa4da178aade658211a0d3f51222,-1,8732.4,-47989.7,143306.5,48.1,134,420,264.6,228.1,14,0,2,947.6,166.6,100.3,1716.8,-7.3,05-02-2025
0x39ac19f8103215dc2b2780b3011dd841035820b2,0,0,0,0,,0,0,,0.5,,,,,0,0,,,05-02-2025
0xf0dc21130e1bb3704fe35d34d4735c90e51a4906,0,36.6,36.6,36.6,100,21,4,0,0,1,0,0,60,1619.6,2.3,,,05-02-2025
0x8d53f4d63b24780c8a6d131d3d984926590f3935,0,876.8,876.8,876.8,,1,1,,0,,,,,120.9,725.3,,,05-02-2025
0xcb4e5fcd218cdf31e6515f130e3d4cfa0231099c,7585.2,784.6,1657.4,9454.1,100,1,3,0.4,844.5,0,0,1,56.6,26.1,533.8,1949.8,45.9,05-02-2025
0xa7c5953c0612f97b3817ed277a5238b0bf8350ee,0,1077.3,1077.3,1077.3,100,2,2,0.6,0,1,0,0,143.6,0,0,,,05-02-2025
0x975221b40969a1d328001925faa2a68318374c77,-68.8,47.3,621.6,705.5,83.3,31,29,0.1,135.2,4,0,0,215.1,211.9,-0.9,50,0.4,05-02-2025
0xb71a5358f44492c9be690ae85f51efb282b96490,0,0,0,0,,0,0,,5.6,,,,,0,0,,,05-02-2025
0x98c0a95a5c02537781e79b43926f9674f6fdd55d,-1909.5,0,0,-1909.5,0,4,4,0,2123.3,3,0,0,49.3,398.1,-25.5,601.6,4.7,05-02-2025
0x9eb5fa90118c896c2ce0aa8f97d606a0917df2dd,0,0,0,0,,3,0,,6,,,,,0,0,,,05-02-2025
0xca4fc33912b4d412b0861f0ff3df7bf9f3109a4a,0,0,11750.2,11750.2,,0,0,,27.4,,,,,743.2,23.6,1858.2,22.4,05-02-2025
0xbc15f913aeaa1a1ec8de2a5bfc39d6ace8272fb6,0.1,0,0,0.1,,0,0,,0,,,,,683.2,0,2977,0,05-02-2025
0xca1a2bd3fda3c5aa005ab44dd72ee0aab3be20a6,-6,0,-95.5,-77.7,,0,0,,0,,,,,18.3,-16.1,30.5,-8.1,05-02-2025
0x3501c9e7738aebbc7bb5a283368eabf85f11140f,0,0,21.2,13.7,44.4,9,9,0,28.8,4,0,0,0.1,15.2,2.3,26.8,-8.1,05-02-2025
0xbf15283245be2fc637174ba3a3f15fa3dda75317,0.4,737.8,1346.1,662.2,,13,6,,0,,,,,311,11.6,275.4,-31.7,05-02-2025
0x0bdb41091217d6582d940535048960f2ad20017e,-23.5,770.7,1461.5,4540.4,33.3,13,5,128.5,22.1,1,1,1,17.2,429,8.2,1217.9,-40.6,05-02-2025
0xf2f35029ffdca405a25d34c847bdc656715071fd,-1817.4,1362.9,989.3,2363.4,40,4,3,194.7,4835.3,5,0,0,173.3,273.4,-17.5,943.7,0.4,05-02-2025
0x8d7811ac30446f62fa77ad63a11399784133f91f,0,0,0,1420300.2,,0,0,,0,,,,,0,0,8935,-92.7,05-02-2025
0xf68093e29b7864ac1646aec721548de58940db77,0,0,0,0,,0,0,,0,,,,,0,0,,,05-02-2025
0x28b4af84cdecf850c0fc28d9ba0c10b704f72b8c,-283.1,0,533.9,-430.9,,0,0,,9.7,,,,,29.8,-1.1,179.6,46.9,05-02-2025
0x4781b93375acc7ece4217ad8e606f6debfd59a46,3672.5,-20371.2,-20371.2,-16698.8,22.2,120,206,-2263.5,537.4,2,0,0,5.2,0,0,,,05-02-2025
0x0339c3fdc0e6706fe69fe95945a7ab2a4975c0ee,0,0,0,2583.3,,0,0,,0,,,,,0,0,3714.3,152.5,05-02-2025
0xc39823cf115e9304d1c49982448bf2721b5492e0,-1.5,0,0,-1.5,,3,1,,11.8,,,,,0,0,,,05-02-2025
0xca57e9550efced9af99b5b61896f370fb4c94b4e,-735,0,0,17378,,0,0,,0,,,,,140.6,-20.8,2110.8,166.3,05-02-2025
0xff6d11af29b8bb77d07775addb39e068125d4108,0,0,0,0,,0,0,,0,,,,,0,0,,,05-02-2025
0xa6f79fe4b5160948de20dbd06a038c15c9f7452a,0,6827.6,6827.6,6827.6,100,9,11,3.8,0,0,0,1,143.6,0,0,,,05-02-2025
0x9ee1afae3dc2dc7524b0423725d557f204807736,214.1,2886,3502.6,14808.2,76.9,13,20,222,3678.2,9,0,1,3.6,348.6,26.3,274.5,2.7,05-02-2025
0xca3e7364d47693f700aec81204c6047d8ca749db,-253.5,0,0,-253.5,,5,0,,0.4,,,,,57.6,-73.5,60.5,-100,05-02-2025
0xdca1797e07005b72da06abdcecd35671f7a346be,0,0,0,0,,0,0,,0,,,,,0,0,,,05-02-2025
0x1dcc9c38f34ca89dd0c400290aa11d8e1c90c404,-251.3,193.5,-14.7,-2225.9,,72,90,,36.3,,,,,5.3,-1.5,589.2,8.3,05-02-2025
0x2b80abb09a1fdd8ee9a69955f96cab880b98356b,0,86.2,86.2,86.2,,6,4,,270.2,,,,,60,7.4,,,05-02-2025
0x3dbed41882bb4f73423f8cb55678177688de5f77,4.3,582.5,620,624.3,70,18,20,0,1676.1,10,0,0,39.8,13.5,3.5,,,05-02-2025
0xe64f36a2070bbe4fe710e76bac363087b037a25a,0,156.3,397.9,1246.9,100,1,7,156.3,0.6,0,1,0,0.9,110.6,8,212.3,2.6,05-02-2025
0xdfe2eb953f59a5a3fce4e3bc0ba3ce4b4434b4ab,0,0,0,0,,0,0,,0,,,,,0,0,,,05-02-2025
0x330bc5487d415f5386312fbc687254b50023eaa9,0,-24.9,-24.9,-24.9,,0,0,,0,,,,,35.4,2.3,142.1,-18.1,05-02-2025
0xed6bb86c5a41f3b1f47a0966d13d43d0a2e71152,0,1488.5,1488.5,1488.5,,390,0,,482.3,,,,,0,0,,,05-02-2025
0x73f5fa1c729b43a9af2e3f2a96ae0b89b6d07e74,0,0,-8188,-2062.2,,0,0,,0.3,,,,,806.6,7.4,2074.9,17.9,05-02-2025
0x8dd9ab87c0856ab01a2a2c1173e4d34d16258fae,0,-213.5,-213.5,-213.5,,63,0,,0,,,,,25.4,7.6,,,05-02-2025
0xa2f29e0f306457097837c85fc1fa0337d84e71ac,-1530.3,45.3,-195.8,43769.2,100,10,5,25.1,8.6,1,0,0,2303.9,0,0,2684.7,-50.9,05-02-2025
0x37df92d3541500c75cb62a6061317d2d20329bfe,0,36.8,36.8,36.8,,6,0,,6.1,,,,,0,0,,,05-02-2025
0xf505281d6f778b009b7ed377b1db1ca92002ee1d,0,0,-0.2,2453,10,1,14,0,22.2,9,0,0,,0,0,,,05-02-2025
0xf81ad4d9e0a4c8ac50574c40f9cf8a041f3a52d6,0,0,0,0,,0,0,,0,,,,,0,0,,,05-02-2025
0xf42e4690858f40557888e5ede5c76b52eb477000,682.9,34.4,34.4,717.2,50,72,12,0,1292.1,5,1,0,4.6,215.6,1.1,,,05-02-2025
0x2c4324623cb5a28d5840ad0ccb49d579e5174486,0,663.3,740.4,2889.4,33.3,3,2,221.1,12036.6,1,0,0,0,5.3,-3.3,2777.2,-7.5,05-02-2025
0x39a4d8522fa0dd8568ed817fdfb9c733df338374,0,-90.4,7214.9,7063.9,55.6,14,11,-10,12,5,0,0,0.1,241.9,23.1,62.8,-8.6,05-02-2025
0xd3538c3c94bd88a2d57763ff5444a9d3b0e93b9b,0,0,0,0,,1,0,,2.9,,,,,0,0,,,05-02-2025
0x6154228d8129da2dac394c6e5f90b5bfc5fe6338,-2947.5,-119.1,-735.6,-1692.1,0,3,6,1.4,7.8,1,0,0,2287.6,0,0,1317.9,-98.5,05-02-2025
0x10c0de5137085820946bfad248dced5a90fa8f4b,-4.8,1509,1509,1504.2,,27,12,,225.7,,,,,137.7,-13.9,548.1,45.4,05-02-2025
0xa9f1e292d84b494c6d03a3cf1f11322ebd6069cd,0,0,0,0,,4,0,,3130.3,,,,,0,0,,,05-02-2025
0x4487d2d226b8bb94dca559ade9b3c1454ffd8c00,-0.4,0,-309,-837.5,,0,0,,1,,,,,539.6,4.4,212.4,-15.2,05-02-2025
0x302d5be34217d91f285ee2a8dc103b5144e56b46,0,0,0,0,,15,0,,0,,,,,32.2,0,72.9,0,05-02-2025
0xab4d6747887d1111e0122e346d485828c67784bf,0,0,0,0,,1,0,,0,,,,,0,0,,,05-02-2025
0x9c98558e571e25a22a8a110b17d6d2b678fad7e3,0,0,0,2374.9,,0,0,,10.2,,,,,1241.3,12.3,,,05-02-2025
0xa1de03a8331f05d2ecc4bf913fcaaa81f1fd80fa,-72.7,0,156.6,84,,1,0,,27,,,,,68.2,0.1,145.4,61.7,05-02-2025
0x156498f9901048b9866fba2515b6e671a8402001,0,0,0,0,,1,0,,115.6,,,,,0,0,,,05-02-2025
0x387211090c05859ef4bb3be6a7ab8676e32b0bb1,0,3918,6899.1,12190,62.2,14126,12987,7.8,441,305,7,5,98.7,16447.7,100.6,43.5,578.2,05-02-2025
0xb3f5e41ab08b0d56c6517ab7ad95c3e0c70c1090,-551.7,2074.3,-2050,-244.8,,8,4,,13.9,,,,,293.4,-34.6,1207.8,-21.2,05-02-2025
0xdb3812cd8d20f27888677ddc97df1241850f8c48,0,-667.7,-490,-3564.5,,31,15,,54.3,,,,,611.8,-6.6,5999.1,-3.6,05-02-2025
0x1b23fed32b329cf2c0ffa66d887a22524ada114f,0,203.5,203.5,203.5,,47484,0,,34.1,,,,,0,0,,,05-02-2025
0x617324d3ca4bde529f464e15a7d0be31667ff34a,0,0,-230,-436.4,,0,0,,23.2,,,,,0,0,,,05-02-2025
0xa797b02383653522fb1dc7ef47812102ff2eaf48,-211.5,767.4,4013.8,8009.1,,6,9,,857.7,,,,,162.2,0.9,315.3,20.2,05-02-2025
0xffeefc35c1c520f46ca478ab15098b1aeb547f1a,0,0,0,0,,0,0,,0,,,,,0,0,,,05-02-2025
0x1f04f2bf4aa71d95762b20b0644ed345f587bd94,0,618,618,618,,76,0,,10.2,,,,,0.5,6.1,254.7,-57.6,05-02-2025
0x4cbe093f1355398b445224fd7583ed5c7489eeee,-164.3,0,-163.6,2861.4,,0,0,,69.1,,,,,105.7,-0.9,743.9,-57.1,05-02-2025
0x3fe2dc6e82eaea89cdff9b2573df483c2a26b3b1,0,0,0,0,,1,0,,91.9,,,,,0,0,,,05-02-2025
0xe869310941edc83b340c264f8f346dc9af1aadd6,0,0,0,0,,0,0,,0,,,,,0,0,,,05-02-2025
0x4eb6c4307a6972a2a3ca8b1ae5ffd8032827f102,-5172.4,-51.9,-995.7,-282.2,0,10,2,2.7,5.7,1,0,0,2287.5,0,0,1024.8,-97.2,05-02-2025
0x3c7592b1850991820cdc6076743daee4b7ca99be,0,4356,4356,4356,60,27,13,0.5,954.8,3,0,0,1.7,0,0,,,05-02-2025
0xb8622d88da883846549af48ef68a2df6a1a21149,-3548.9,353.2,655.4,-2089.9,,20,12,,8.8,,,,,0,0,1197.6,-97.5,05-02-2025
0x44bbe3e998b67df9a18798e9a2a46e8092584b39,0,0,0,0,,0,0,,0,,,,,0,0,,,05-02-2025
0x808e6021dc00fc9bd266ad91209d55859e79cf66,0,9.1,9.1,9.1,,1,0,,0,,,,,18.1,52.5,,,05-02-2025
0x18d5f95ba52b74e709c9ca80f1e602ed2af072b1,-60,0,-317.7,-71.5,,0,0,,164.7,,,,,41.2,0.9,72.4,-39.6,05-02-2025
0x1935a1efc87460c56365ac05b3071f3ff7cf5187,0,544.5,828.2,828.2,,67,61,,1145.4,,,,,139,2.5,209.9,5,05-02-2025
0x1d2d60fb8de6fe453b9b8955b155fd49eec2c613,0,0,0,26.3,,0,0,0,0,0,0,0,,0.5,0.4,2.1,-0.6,05-02-2025
0x27e0a5b97f0772b2c840704988ae1fdbc19ee902,-2405.3,0,0,-2405.3,,5,0,,2.9,,,,,0,0,,,05-02-2025
0x3cbce2e06a721dcaed421def44dd28b83e079f28,0,-230,-230,-230,,5,0,,7,,,,,312.1,-1.6,,,05-02-2025
0x93d27a0230ebeb771cf752ba7043297be8915f9a,0,-6.1,-6.1,-6.1,,2,0,,1.9,,,,,23.2,42.4,,,05-02-2025
0x9b8b992153e0b4ab6c311418f857584cb0e390ae,0,-2578.6,-2578.6,-2578.6,,75,0,,0,,,,,22.9,1.9,274.5,3.6,05-02-2025
0xfd2f3a2973bb9942ebe38900e78719481af6c6b7,0,0,0,0,,0,0,,0,,,,,0,0,,,05-02-2025
0xdd79c9d8dad507ed9fd7ce332009ad33b1b817e8,0,0,0,0,,0,0,,0,,,,,0,0,,,05-02-2025
0x344b563712f53d981bdcde55632f000abdf9c038,0,488.4,110.4,-558.9,100,1,1,0.3,0,1,0,0,0.2,310.3,-10.1,455.8,18.6,05-02-2025
0x16f45842651883740deffe5190587ecd87ece979,-329.1,491.5,-2890.1,10893.9,25,8,6,122.9,546.7,1,0,0,14.5,318.3,-21.1,515.5,51.3,05-02-2025
0x22176b5d109bb1958694210c5d80e99dbcf093be,0,2017.6,2017.6,2017.6,100,3,2,1.1,0,0,0,1,143.7,0,0,,,05-02-2025
0xe21a5269db0e601898331e1e3bf34f8a7641aaca,0,0,0,0,,0,0,,0,,,,,0,0,,,05-02-2025
0xfc521cfc43a3f5a118cb76366e7434b1ad675688,0,0,0,0,,0,0,,0,,,,,0,0,,,05-02-2025
0xd240553de2fc911369d9e6fd6ff0cfc3baa549ad,0,0,0,0,,0,0,,0,,,,,0,0,,,05-02-2025
0x98d58ece2433ccf216db0d43064c605bf95f3ae6,-4.5,-489.7,-704.8,-726.4,,1,0,,12.3,,,,,176.4,-8.7,869.6,-2.2,05-02-2025
0x77e7c5cbeaad915cf5462064b02984e16a902e67,-1080.3,264.6,6705.2,82861.9,41.5,1115,1986,1.6,256067.4,65,1,0,1722.9,4171.5,-3.5,5687.6,-4.6,05-02-2025
0xa343f054bf8273b150e860a0a31000d76772b685,0,0,221.3,13554.3,,0,0,,0,0,0,0,,418.6,6.7,445.8,-11.7,05-02-2025
0x71cae8cac115f39252e73abe58552a90e3d67437,-84316.5,0,1218.6,194134.6,,2,0,0,24826.4,2,0,0,116.1,432.1,-66.2,828.9,-88.3,05-02-2025
0x5d730f3a95056e2828544e1cde2e59cbf1e28089,-54,0,-45.2,-70.1,,0,0,,11.1,,,,,3.5,11.6,10.1,-39.8,05-02-2025
0x9ea9af3c545e040de630e54acef22eb65e81fce9,7377174.1,24842.4,20545.8,7389292.8,62.5,20,18,3105.3,7.8,3,2,0,41.9,778.4,-4.2,3536.6,-5.6,05-02-2025
0x77d3b6281087e64a68e46018e246780adb7714e8,-1425.9,8776.8,9174.2,13214.2,50,75,62,292.6,21260.9,14,0,0,48.2,261,-9.7,1433.1,-10.4,05-02-2025
0x3e41e4f503dde84d7c0efa79002167e0176dbf26,0,294.6,3586.1,184868.1,71.4,41,55,0.1,0.1,35,0,0,142.5,1148.8,3.1,5243.4,2.1,05-02-2025
0xd8d6bf8bee55147f980be03e60e27b86c96394fc,0,0,0,0,,0,0,,0,,,,,0,0,,,05-02-2025
0x73d9bcf91288ca529308d9bf49a5d5973477b5b6,423.9,-463.1,-515.1,-91.2,,58,46,,0.9,,,,,85,-10.1,434.6,-8,05-02-2025
0xcc3461fa8c04360f50a417d43420e63afbd65878,-0.1,-955.8,674.8,398.4,,6,11,,12.9,,,,,417,1.3,1193.2,24.3,05-02-2025
0x032472b4dbe51a325e2edf4a432014cd0be15589,0,0,0,0,,15,0,,0,,,,,33.5,0,74.6,0,05-02-2025
0x496affe2dc1146fe48f71476834b291d1c63021b,0,0,0,0,,1,0,,6.8,,,,,0,0,,,05-02-2025
0x5c6368af944a3d4e45d88888102c244a95086f29,-247.4,-780.4,-7613,-5526.1,,37,32,,5,,,,,182,-22.2,492.1,-2.6,05-02-2025
0xfc80baf6ff6c3ce14317151668f75597d1729301,0,-1439,-1439,-1439,,1,0,,13.7,,,,,49.5,-0.9,891.8,16.2,05-02-2025
0x11235534a66a33c366b84933d5202c841539d1c9,-4.9,-482.4,-4263.9,-148917.9,42.9,1044,227,-4.3,34204.4,103,0,0,110.1,4121,-1.3,1191.5,0,05-02-2025
0xdcc73675027a4f0f58c875807d38a7ba4d67a438,0,436.2,2067.1,2034.8,50,7,12,72.7,1056.8,3,0,0,0.2,157.6,18,140.5,-11.3,05-02-2025
0x85769d666af68720c9f2df4090a02f780aaef0ce,0,0,143.7,926.3,,0,0,,364.4,,,,,77.1,19.7,288,-2.3,05-02-2025
0xb16a6094ab88776a5b9e080f71b08acde58b9d7d,0,0,0,0,,1,0,,41.9,,,,,0,0,,,05-02-2025
0x7325f5ba83cf8942b3941d874bf1aac13f0d5108,0,-1095.1,38252.6,144458,25,10,13,-136.9,3456,2,0,0,4.3,809.5,30.7,5582.7,-72,05-02-2025
0xcc86891507414790564aa47ec3667751166d340b,-0.6,0,0,16520.2,,0,0,,0,,,,,10033.2,3.4,14544,2,05-02-2025
0xc857d9a7d17f12f75bb9dcad90efc8b4dc0fced7,0,0,0,0,,21,0,,11.2,,,,,0,0,,,05-02-2025
0xff263fefaaca8cc8c0ca255a4cc648a198c29b35,-0.2,135.2,712.8,752,16.7,6,6,22.5,200.5,1,0,0,35.4,30.3,1.4,174.5,24.3,05-02-2025
0x8474fc7e98e0b151a0bf62465890304c9155be72,0,0,3574.8,2737.7,,0,0,,6.2,0,0,0,,853.2,-0.9,451.4,-11.1,05-02-2025
0x6eb1327f7334175d43c07dd4f53c2946b2677969,3921.3,0,0,3921.3,,0,0,,62,,,,,392.1,111.1,,,05-02-2025
0xb74a583f740c01420d5cbb38a15a96886503571e,0,291.1,291.1,285.9,,32,30,,0.5,,,,,97.2,13.4,75,-2.2,05-02-2025
0xcf5d7242e848bfaa1de943e7536f8018f4754658,-0.6,0,0,27933.4,,0,0,,0,,,,,42.5,-3.9,299.2,1457,05-02-2025
0xa8a5248e8b6d1febc595bac7193a5d7fa7d9e16f,-0.1,0,4452.3,9138.6,,1,0,,27.1,,,,,380,1.1,7668.4,1.2,05-02-2025
0x8b1ab9539d41bae612d0ab9e6413cd6eced78cd0,0,-7723.5,-7723.5,-7723.5,,22,0,,0,,,,,176.3,-8.2,,,05-02-2025
0x284b11b14ce6d7cf005885c4476e155e0d07b8f6,0,0,-159.3,421.3,,0,0,,1164.1,,,,,160,-13.8,166.6,14.1,05-02-2025
0xc61346e881259d1fdd74831371dff65330751d66,179.3,12574.7,12564.9,33408.7,,52,10,,110.5,,,,,3685,-0.7,,,05-02-2025
0x06d6f3f82d8ff45306f0076a044755c73ad14f59,-122,-26.4,-26.4,-189,0,5,1,0,1037,0,0,0,2.1,98.7,-4.3,313.1,-1.8,05-02-2025
0xc6d2aac515b9903dd9c518e3b01682b14f2cdb67,0,3840,3840,3840,100,3,6,2.1,0,0,0,1,143.7,0,0,,,05-02-2025
0x8aed0e6a7a7f70de85174082336f3cae501179f8,0,-0.1,-0.1,-0.1,,2,0,,0.8,,,,,15.8,-2.1,,,05-02-2025
0x11e7a81e8e0eb7adfeab905eecd8919ac5889f4d,0,340.3,340.3,340.3,,2,0,,0,,,,,41,6.7,405.1,-38.5,05-02-2025
0x91270deddfe765d69fca3083ce18a7b0a66ce9e7,0,0,0,1438.9,,0,0,,0,,,,,48.7,36.4,68.4,50.8,05-02-2025
0xcef2a8542abe66d8ac15b9320d1d63eaf7cda986,0,0,0,5316.6,,0,0,,0,,,,,1032.5,8.6,,,05-02-2025
0x97e1b5da2aaf67c723dde31b9eca5eabfbc42f2b,0,0,-46.4,-665.7,,0,0,0,0,0,0,0,,26.2,-4.9,,,05-02-2025
0x98a875b8558da1c91b111d9ea83a97acf01e6825,-1859,371.7,1464,-122.1,85.7,10,7,33.8,19.8,10,0,0,153.7,517.9,-10.2,1252.8,-5,05-02-2025
0xbc7a8a8674276c9a555c40b8c99aaec239f01148,-26.2,-8.2,1.7,-159.8,20,6,1,-1.4,8,2,0,0,0,12.9,-8.3,45.8,-7.2,05-02-2025
0x700d8899150e1796fd2bbc7c4b9a6d3dd58ef28d,0,0,0,0,,0,0,,0,,,,,0,0,,,05-02-2025
0xdbcb22252922035bf73d11abceee6881d494d293,0,0,0,0,,0,0,,0,,,,,0,0,,,05-02-2025
0x7586854ec236f3ef8e7e5c7cc55dd3b449feed98,0,828.9,1769.9,1821.8,,33,33,,402.4,,,,,148.7,21.9,230.5,11.4,05-02-2025
0x787bb5e05f09fcffb9882029a7248792946cd546,0,0,0,0,,0,0,,0,,,,,38.9,5.4,,,05-02-2025
0xd444d358cdab421f2b7d3ebd705d71c64e72189d,0,0,0,0,,0,0,,0,,,,,0,0,,,05-02-2025
0x59806f81782533748c02306c52da40ecdbb06edd,-46502,29456.8,29456.8,-20920.3,,39,39,,422.7,,,,,357.2,-0.6,606.4,-87.5,05-02-2025
0xcda8f79c9027aa1d029389bc22bda23e1ca12a2f,0,0,-2964.6,-3279,,0,0,,0,,,,,736.3,-14,2001.8,-13.7,05-02-2025
0x2314071d5b44a4d6ae444033856441494e62ac88,0,0,0,0,,0,0,,1.3,,,,,0,0,,,05-02-2025
0x6f20cf31427ff7adee1b37c24a3f3a7554875bb6,0,55.8,55.8,55.8,,7,8,,5.9,,,,,12.2,2.9,,,05-02-2025
0x54da397012b6824faca053cff68fc25e226f9452,0,58.1,-52.5,-52.5,85.7,14,6,19.4,0,3,0,0,9.4,72.3,-0.2,62.2,30.3,05-02-2025
0x9a29e99c171899dc9d8c2a2931ba66426365b4b1,0,0,0,0,,0,0,,0,,,,,0,0,,,05-02-2025
0x0f17414cdb0bd125f65aa4d2f547d51284d727d8,0,-622.2,455.5,1041.9,,3,8,,4.2,,,,,892.4,20.6,292.6,-23.6,05-02-2025
0xc921d2e7f77193c42520aa4248f2769080f3d126,-1152.2,396.6,123.5,3930.9,50,51,48,0,577.4,14,0,0,21.7,399,-4.6,2560.1,4.1,05-02-2025
0x72ea11fb04525c45c5aaaf2cc77a1908f428db2a,0,0,-1162.5,268979.2,,0,0,,11.4,,,,,717.7,360.5,2353,-31.2,05-02-2025
0x3a1bf920485a6a95e6fa35979aceef4e165ebb56,0,0,0,0,,2,0,,0,,,,,0,0,10.7,0,05-02-2025
0xa656150f653ddebd858f6ed28828b5fde9709601,-2.3,-32.2,-324.8,-821.5,,59,58,,0,,,,,0,0,,,05-02-2025
0x9a6582d557291ae228ff10903c2dabf701d70389,-259,-25.3,67.4,-330.5,,1,1,,54.3,,,,,42.9,-32.5,73.1,-36.4,05-02-2025
0x5239191cdeeb74f0b2c93ec11bf392bbb0c7e78b,0,2334.6,-516.5,-516.6,,2,4,,428.4,,,,,76.7,-2.1,,,05-02-2025
0x118ceb9a535184127f6c76f72dfd035bbabbb528,0,0.1,-2.3,-2.3,,0,0,,0.6,,,,,10.3,-0.1,,,05-02-2025
0xc5b39c73d066a93dfe0afe096bdf44fc9bf52c7f,-2.4,0,0,-2.4,,0,0,,2.4,,,,,0,0,,,05-02-2025
0x74e81a16ca3d49d62c98f328a0329c09407091c4,-0.1,0.4,-117.9,234.9,,10,9,,3.5,,,,,32.6,44.2,47.7,55.3,05-02-2025
0x278eaf20c69971b2531f218ea93c1598b4cc0760,0,272.8,272.8,272.8,,58,0,,0,,,,,0,0,,,05-02-2025
0x4f9ecbd0a9e656e8f16f602c409641a72222b3bc,10257.2,-530.5,1018.2,12084.8,33.3,3,3,0.3,56.2,0,0,2,398.5,66,524.5,1208.2,-79,05-02-2025
0xd602a58b5c94f229ce4592ec1891affde65644ee,0,465.3,2298.2,2315,70,92,26,23.3,691.1,14,0,0,0.5,286.2,12.8,356.5,-12.6,05-02-2025
0xf1d1743b6b4c100ec3cefcdcd654a46c67515a5d,0,0,0,0,,0,0,,0,,,,,0,0,,,05-02-2025
0x71a59906b65df9e0948c2c18fb3e6b8cead7e062,-1562.2,-528.6,-2305.1,-5566.1,,27,10,,26.4,,,,,88.5,-6.2,1340.4,-19.4,05-02-2025
0xf7c966566c7e524617b70a65b51532439f42c910,0,0,0,0,,1,0,,10.8,,,,,0,0,,,05-02-2025
0x5f33c0b2c343921f9f37d33364a711cc31cdd648,-69,2379.7,10534.2,12100.1,75,13,30,264.4,587.2,6,0,1,11.7,257.9,44.1,1041.5,22.2,05-02-2025
0xfdc7cd4b8f4f93392901b94e348e1001ed104825,0,0,0,0,,0,0,,0,,,,,0,0,,,05-02-2025
0x6ada8c63598507cd1487957a6e6f458fe7ae684d,0,0,0,0,,1,0,,2,,,,,0,0,,,05-02-2025
0xe314b8dbb20564ab80d51f74620a2a231d6054fd,0,-1732.7,-1732.7,-1732.7,,80,0,,0.3,,,,,42.2,0.8,388.2,7.6,05-02-2025
0x0882e0e53a349e2323f1049e0b40cf206e64e96d,0,0,0,0,,6,0,,0,,,,,0,0,,,05-02-2025
0x2826df8968bbe218abf8f4db336c4908a2b273c7,0,7151.6,7151.6,7151.6,,2828,0,,289.3,0,0,0,,0,0,,,05-02-2025
0x68b8c1524cf213f8d2d9811ef0b765ceb62011d4,-147.7,18.5,136.2,-173.3,50,6,0,9.2,92.3,1,0,0,0.1,65.9,-9.5,80.6,-39.6,05-02-2025
0x57adcf0b95e0b6b681451aaec79ace5247cd0741,0,100.5,-680.5,-2055.9,100,4,3,0.1,80.4,1,0,0,70.2,129.7,-1,1280.5,0.6,05-02-2025
0x5ad67a54f3a46ba904ecb3a2cc29a77a29a82f7e,0,0,0,3654.2,,0,0,0,0,0,0,0,,68.7,1.2,,,05-02-2025
0x4f0d7124fe04033a4a5a3257f3274bb350b2bd57,-126.5,0,0,-126.5,,36,0,,0,,,,,67.7,-71.4,71.4,-9.5,05-02-2025
0xde03ba1a2f953be7c1f3097c377cd33cd97c77d1,-461.7,-206.8,-3625.3,-6109.4,0,0,2,-103.4,6,0,0,0,2845.7,17.6,-22.3,62.6,-21.6,05-02-2025
0x77c0eae25a43e6432158476177bb1802e26b6a05,0,-318.2,-318.2,-318.2,,0,0,,17.5,,,,,21.2,-0.5,,,05-02-2025
0xf3679df3307861ee71414238ee385d5214e817ba,-621,0,0,3112.1,,0,0,0,3,0,0,0,,0,0,,,05-02-2025
0x98f14cdf4f22021193cd1c980ec2f848e057b761,0,0,1103.1,1103.1,,0,0,,0,,,,,44.5,22.6,130.8,-1.4,05-02-2025
0xee5ee45235132494e415ce06ce1dde419b491f68,42,108.2,101,-283.4,100,4,5,36.1,5,2,0,0,78.2,0,0,,,05-02-2025
0x9ea5dbabc042073c60a22b0919fc56f92c56fc86,0,0,0,0,,1,0,,0,,,,,5.9,0,,,05-02-2025
0x22a1111d0e6f6ab81b6d10976b8747542574b06a,0,1772.6,1772.6,1772.6,,15,0,,561.3,,,,,0,0,,,05-02-2025
0xdc646433a76ba9920b75d7be91cf5394011ccaef,-350.5,-424.5,2037.8,1586.1,33.3,11,0,-84.9,231.4,3,0,0,249.6,86.3,12.6,1608.5,2.7,05-02-2025
0xa40ff8e4fa90c94b427a8d5a7e665b3f81b06510,7940.5,273.4,273.4,8102.1,100,1,1,0.1,363.7,0,0,1,58.4,136.2,253.5,,,05-02-2025
0xbd399473e82bc2b48ab43abea068e2544ed681f2,0,0,0,0,,1,0,,87,,,,,0,0,,,05-02-2025
0x6028dc86b9816b69c2357541ed68d191ef62fc11,411.3,34979.9,37722.8,51047.5,,17,35,,1935.9,,,,,245.8,-5.9,656.7,-96.9,05-02-2025
0xddbafd420f107e05b29e3fe83205b934f5a34a33,0,0,0,10846.1,,0,0,,2073.6,,,,,3.8,0.1,550.6,0.7,05-02-2025
0xfd5f83f8851b130bc2f0572f261d920f8e141e00,0,0,0,0,,0,0,,0,,,,,0,0,,,05-02-2025
0x7237e71a56938c59b5e42eec2a4a3e7c393f98fa,-11.8,0,0,148,,0,0,0,0.2,0,0,0,,3.6,-27.2,9.9,-100,05-02-2025
0x11f805076c5f0459dcbd01ee6e850474beaf62c3,0,0,0,4135.9,,0,0,,1.1,,,,,392.4,0.2,99.3,81.3,05-02-2025
0x8166aed75190737d0a63ac6363162a93c601a044,9133.7,-1896.7,209.8,12206.8,0,3,1,-0.5,23,0,0,1,94.6,225.1,534.2,2408.8,-78.7,05-02-2025
0xe23d5f0ac35fe23b447df0b6a018c1fe4443fdf6,0,0,0,0,,0,0,,0,,,,,0,0,,,05-02-2025
0x0f907d8c995c28fcc77214ea1832a1a773f3e21a,0,-244.9,-244.9,-252.1,50,7,0,-122.4,621.4,1,0,0,0.3,0,0,,,05-02-2025
0x9284cbad38de9658d1ff6b5db37b1ec4594894bd,0,0,0,0,,0,0,,0,,,,,0,0,,,05-02-2025
0xe725b5d9d2916d3d0c392603cdfb7a2bd784f09f,0,0,0.4,169.4,,0,0,0,11.2,0,0,0,,0,0,,,05-02-2025
0x0f6412d13948c63983b28ffa5a69778d362a19e9,0,0,0,107.3,,0,0,,1.2,,,,,0,0,,,05-02-2025
0xa17629fc4a9cefe4906293c072f32f7c3f1d87a7,-130.4,93.4,256.1,6096.8,,2,3,,454.7,,,,,174.1,17.4,522.7,16.4,05-02-2025
0x55799a9e71548ff86141211df000f74592f65efb,0,0,2593,3023.2,,0,0,,24,,,,,30.7,-2.7,,,05-02-2025
0x28dd52129cb17a0c56f577c0bed2d48979b22328,-3205.3,-11,-568.9,-1353.2,0,4,1,1.6,3.7,1,0,0,2302.8,0,0,1428.8,-92.1,05-02-2025
0x6bd20806740b4c72b92c1798ccad53a7bbd28849,7439.6,0,-25.3,10011.1,,1,0,0,13.8,0,0,1,60.1,45.9,545.2,2271.9,132.9,05-02-2025
0xfd74606dffae7bafe7cc2b943ee44d9f077dd944,0,7519.4,4225.5,4107.8,53.3,47,47,0.3,1390.7,9,0,0,7.3,713.3,5,3487.4,21.5,05-02-2025
0x4384769a2f52c8341699ebebdc790bad03adb403,0,236,5029,5029,,1,4,,0,,,,,398.8,0.2,624.2,9.9,05-02-2025
0xe45df008a6112b35103a8cabf8dd0bb150068f2d,-2521.1,988.2,1351.7,4824,30,20,34,49.4,591.9,6,0,1,255.5,105,95.9,105.9,-49.3,05-02-2025
0x33333333ff15c5799dc13bcacca4ce9f3dfd718d,0,-1457.4,-3475.5,-5933.6,69.5,7697,5508,-3,42.1,311,5,4,138.7,5186.7,165.7,0.1,0.4,05-02-2025
0xcdecdf8af68d18c7b82f8570f3b050df776f5cc2,264.6,2775.1,1235.3,497.2,42.9,76,56,0.1,49.5,10,0,0,63.8,109.7,-28.3,955.4,-6.4,05-02-2025
0x394d3521e6f08bf40cc58bc0a7170bea64f15cc4,-10412.6,1564.3,35786.3,49503.7,36,35,41,53.9,1508,11,1,2,144,408.9,12,618.5,62.8,05-02-2025
0x60cfb8d14efe24e3389c557ede029729396ebfd2,0,2854.3,2854.3,2854.3,,19,0,,31.8,,,,,0,0,,,05-02-2025
0x6a042bef1b78e532b67a07a8b76148cbcf2f9dcf,13.5,0,0,8.5,,0,0,,0.5,,,,,11.8,-1,9.6,-43.8,05-02-2025
0xdba604bef695f1dba3bc43bd3e2e65cbe22765a3,0,0,0,0,,198,0,0,713.7,137,0,0,83.7,27.6,0,,,05-02-2025
0xf10744e18564aab051e3037cb3f5e1497d097053,0,0,0,0,,1,0,,11.6,,,,,0.4,0,0.6,0,05-02-2025
0x39305001d3bea6f1fc0e146b29606df00164904d,0,52.7,52.7,52.7,,1,0,,0,,,,,164.8,1.8,,,05-02-2025
0xfbe5adfa71cea57b670a9b8f6f6b960038990b5f,0,0,0,0,,0,0,,0,,,,,0,0,,,05-02-2025
0x14555f0b909f720738171d7c02854d1e7071b952,-63.3,0,0,-63.3,,7,0,,0.4,,,,,46.2,-63.2,62.6,-100,05-02-2025
0xfcb9c5b3ce2719e7de6b3b39d3b660b98b72286d,0,0,0,0,,0,0,,0,,,,,0,0,,,05-02-2025
0xcbc8b0aa280ccfac3cf800e20dee0a6d05fd520e,0,2535.2,2363.2,2363.2,,32,8,,22,,,,,204.7,-2,8366.6,-26.7,05-02-2025
0x2812faef6837955ae28b53d19cd0a3e7d4284798,0,1090.5,1090.5,1090.5,100,2,2,0.6,0,1,0,0,143.6,0,0,,,05-02-2025
0x23abebee43cb9c4821b01b9e8aa5eb99d91f8eb6,0,304.8,304.8,304.8,,3,0,,15.9,,,,,0,0,,,05-02-2025
0xfabf78b64d91d387032f250e54900c1e655e4e7d,0,0,0,0,,0,0,,0,,,,,0,0,,,05-02-2025
0x89e6ce65213c31fbf8be03d6105ff3ce729cd766,0,0,0,459.3,,0,0,0,0,0,0,0,,0,0,,,05-02-2025
0xd0768cfdffa911005d6e20f0095ee2830e5298af,-5.6,205.8,-120.9,1092,33.3,109,101,5.7,0.9,12,1,0,87.9,30.6,-5.2,950.2,1.2,05-02-2025
0xf6920b8bc02b58f52eab098e688f202ca14254a2,0,0,0,0,,0,0,,0,,,,,0,0,,,05-02-2025
0xec39b3eca3a8260f89e24641440f95e7122ca233,-872.8,6530.6,6530.6,5657.8,25,306,254,1306.1,570.5,2,0,0,77.6,0,0,788.3,-18.8,05-02-2025
0x5d26b7852087c60c9b951152ff5b15785beae329,-90.6,-14.9,55.1,-945.1,39.5,44,37,-0.3,202.2,18,0,0,3.5,64.5,-4.1,152.3,-4.5,05-02-2025
0x8c0d4c6e423eb396dad710e993cc20ce07ff78ec,-1,32.9,-37.7,49.8,,9,8,,6,,,,,0,0,,,05-02-2025
0x801090f517be6da14ed7a51adc975f6e635edf79,-0.6,427.6,906.1,19986.9,75,19,11,0.1,433.2,3,0,0,0.6,105.3,9.1,495.4,3.3,05-02-2025
0x6ad45e3fe4729acf0ec80e419c4ecd2b03227aaa,0,20.2,20.2,20.2,,15,19,,2.8,,,,,29.8,-1.9,62.1,2.2,05-02-2025
0x763f1048cbf05b4d0570d86aeebaaf672307db52,0,0,-25187.7,55329.5,,0,0,,16.7,,,,,3.1,-0.9,,,05-02-2025
0x3fee8a3642b7326fdb73234fd9a4c9fd41f1a526,0,110.6,110.6,110.6,,5,0,,0,,,,,126.8,0.1,388.5,5.9,05-02-2025
0x8f614a9c2c66425df3b89b1da5b1af35810de35e,0,0,0,1046,,0,0,,0,,,,,1409.4,0,5248.8,0,05-02-2025
0xcb9716ea34eeb425f9e15280569f15e0dfc0a9e9,0,0,0,0,,0,0,,0,,,,,0,0,,,05-02-2025
0xd9fb19322d1e0d9ea220c6a82f7fc68eb294dca8,0,0,0,0,,0,0,,0,,,,,0,0,,,05-02-2025
0x2912c6769d84ad36fe6bd6281d9fbc29dbec5709,0,0,0,0,,1,0,,0,,,,,0,0,,,05-02-2025
0x117513afaec49e53d6e82c307fce9292b855a4e7,0,0,506.2,506.2,,0,0,,0,,,,,235.9,0.1,220.1,229,05-02-2025
0xe2ffa4fca5cd0b74c4b9a1ede81686393e302b76,0,0,0,0,,0,0,,0,,,,,0,0,,,05-02-2025
0xdac5c5b12050e94f0e24801cc7a1e33a421097c6,0,0,0,0,,0,0,,0,,,,,0,0,,,05-02-2025
0x3e1e2fb63ec747d0ef4c1eaf281114159e0c1591,15127.5,4926.9,4926.9,20054.4,100,191,205,2.7,27.9,0,1,0,177.9,7.1,-3.5,7742.9,275,05-02-2025
0xda1b361083b8e60ba201aa1510e96276cc4204d1,0,0,0,0,,0,0,,0,,,,,0,0,,,05-02-2025
0x7f0639b463054b1109579ab54c9f0575d0246038,4503.5,0,0,4503.5,,1,0,,16.4,,,,,582.5,773.1,,,05-02-2025
0x27aaa306822d125fe852fdec8edb0cbd1a66ef94,-288.7,332.4,506.7,698.4,100,4,1,0.1,2,1,0,0,134.4,30.3,11441.7,159.1,-80,05-02-2025
0xcf88881ce14919f88a5dc442aa47f33efe535fc4,0,0,0,0,,0,0,,0,,,,,0,0,,,05-02-2025
0xa517faf6f01b0ca3099c39b6fb0867f04a8839ae,0,10.3,10.3,10.3,,1,0,,0,,,,,0,0,,,05-02-2025
0xfa2644536c8ffa6172f55aa9d85e7dc67db52a15,0,0,0,0,,0,0,,0,,,,,0,0,,,05-02-2025
0x1083d9da5e8a2b34a46d804983d0f9d9182f0e18,-0.1,0,656.4,-4446.3,50,0,0,,84.9,0,0,0,,296.1,-5.6,12012.3,-2.4,05-02-2025
0xcdba94d9b729f80b97c5decf4e983ef6551b1cc4,0,0,0,0,,0,0,,0,,,,,0,0,,,05-02-2025
0x329c5685b3c4b90ca885226ba631b33b0ec579c8,-548.7,0,0,363753.2,,0,0,,28.6,,,,,263.8,1727.9,2000,44.9,05-02-2025
0x76225e5239b92b502ea6d1509e916f6069a6b44f,0,711.4,3963.1,3963.1,60,4,5,0.1,3.9,4,0,0,1,451.6,22.1,1962,-4.1,05-02-2025
0xc74bca92077e8a795a19bb16ec44afa5e72ee8a5,14994.7,-128.7,-1245,13698.7,25.6,94,79,0,1830.1,10,0,1,62.5,474.1,12.8,4639.5,5,05-02-2025
0xce15eae4aff014b5730a880545c9881fd7f0097c,-0.2,0,1857.7,2888.3,,0,0,,0,,,,,542.4,5.7,3995.3,-14.5,05-02-2025
0xa7ca2c8673bcfa5a26d8ceec2887f2cc2b0db22a,0,0,0,0,,0,0,,82.8,0,0,0,,0,0,,,05-02-2025
0x54551380f79539ffbc787c14942c9491af57d0a2,-50.5,0,0,-50.5,,17,0,,0.4,,,,,60.9,-62.5,85.5,-75,05-02-2025
0x3754dd1bb26f850adcfc7bd0413f1207205ebdd0,0,17.5,776.9,26810.2,,3,0,,43.6,0,0,0,,405.2,51.3,9103.9,0.9,05-02-2025
0xfd320de2185a3a01bc5a41794b755c0743453f65,0,0,0,0,,0,0,,0,,,,,0,0,,,05-02-2025
0xf3f15ee2d641e943b810ab552f06cf9fb3f09361,4535.1,0,0,4253.8,,0,0,,82.9,,,,,390.7,272.2,,,05-02-2025
0xfa0bb98634707ea5ae66e977f1719dd25c215b36,0,0,0,0,,0,0,,0,,,,,0,0,,,05-02-2025
0xacf1e98524761c0fc9909cdf580f685e8ddc8a88,-380.5,-149.5,1008.4,122400,44.4,30,29,-8.3,1200.8,9,0,0,6.9,425.5,26.6,602.1,-17.4,05-02-2025
0xcc60b87c1031f1c90b644ebf22937c1a73654534,0,0,0,0,,0,0,,0,,,,,0,0,,,05-02-2025
0x3f5c3cdeaf1fda484b16087e31346cf97ed59be4,0,3937.7,1971.8,664804.3,55,712,573,35.5,12.2,84,0,0,265,21483.7,1,64.7,7.7,05-02-2025
0xe578f5fc0e1178fbfe579a469ece42422e20c4d7,0,0,0,0,,0,0,,0,,,,,0,0,,,05-02-2025
0xd9958cc58db1857e4e347aaedb97ec39c724f17f,0,0,0,0,,0,0,,0,,,,,0,0,,,05-02-2025
0x6fc5dc874d8ab14515bbcbb6cb1985aedd3af24f,0,3163.1,41595.2,155570.2,66.7,8,7,527.2,9399.7,4,0,0,0.1,613.9,13.6,3135.4,31.3,05-02-2025
0x71980d34e54ed1a09f70cd2e6cd7cf4213b9a425,0,0,0,0,,1,0,,0,,,,,0,0,,,05-02-2025
0xc9672dc10cc1183c710a305f902b336741a2b2a3,0,93.9,93.9,93.9,,36,0,,141.6,,,,,139.3,-0.2,,,05-02-2025
0x161308f191a813a82fab43b699e664747383ccf0,2125.3,3115.6,3115.6,5240.9,100,157,164,1.7,65.4,1,0,0,177.9,1.6,-6.3,,,05-02-2025
0x51447153accd01bfd0fe35dc3066303605380dd1,0,985.2,985.2,985.2,,1,1,,0,,,,,120.9,815,,,05-02-2025
0xad3b67bca8935cb510c8d18bd45f0b94f54a968f,0,0,0,0,,0,0,,0,0,0,0,,0,0,,,05-02-2025
0xd9df49ae1c004cd25598e50f94511356276bbcd5,0,-513.4,780.4,7088.9,0,3,3,-128.3,2338.5,0,0,0,0,377.6,6.6,295.1,-43.6,05-02-2025
0x167a37f493c589a5b36ab4778d33fdd5002ed29f,2895.3,0,0,2895.3,,1,0,,1320.3,,,,,0,0,,,05-02-2025
0x70cfa157cd64599b9dc012071be25741b1409072,-8.5,0,-0.9,-50.8,,0,0,,0,,,,,2.4,-26.3,1,0,05-02-2025
0x4750115a5d27dfdaa8861a33d8602041d6795301,0,2.1,4411.3,9521.8,,1,1,,7177.6,,,,,531.9,13.4,872.5,-8.8,05-02-2025
0x79bf1bb5f27aaa5abe7afbaee7545f77fd747a4f,-892.8,4479.8,8859.2,7823.7,33.3,33,22,1.1,28.2,2,0,0,219.3,35.8,-1,3664.3,36.2,05-02-2025
0xe9b44d932d7f3685f49f84e2e65ff5e96082f71e,-11.2,0,0,19.2,,0,0,0,0.5,0,0,0,,14.1,-9.3,,,05-02-2025
0xff03e7f921aa7e09132c74284c6b1aca18a55341,0,0,0,1206.5,,0,0,,0,,,,,977.7,14.1,,,05-02-2025
0xc5bf41df02f80d4066fbf553e40c2943af5087c4,-33143.2,-528.2,-2207.8,-38085.7,34.8,164,60,-10,236.3,11,0,0,1285.1,5.2,-0.7,925.6,-21.1,05-02-2025
0x1a911cd783c32e9dd43e5baa9a7386133cee0c36,0,354.1,354.1,354.1,,0,0,,0,,,,,0,0,,,05-02-2025
0x0c552d8c641dae53bd0cc2b5d56318b6bcf0944e,0,4233.3,4233.3,4233.3,,14,0,,0,,,,,56.3,1.6,339.2,-46.4,05-02-2025
0x9443edf5315cbe0cb7096ab750c27394d296e527,-126.2,398.4,431.3,305.1,100,2,2,0.2,5.4,1,0,0,305.1,0,0,,,05-02-2025
0xec172f1ef078ca97a0147bbeaee2e09e6f5b52d3,0,-59,-214.2,-777.5,,2214,1,,120.6,,,,,230256,0,51384.1,0,05-02-2025
0xe681985ca8ae19e574991d11455a29af0591f486,0,0,0,0,,0,0,,0,,,,,0,0,,,05-02-2025
0x928510e27b9f9f465fbb7057240096e42aa2cfe6,0,0,0,0,,1,0,,0,,,,,,,,,05-02-2025
0x38683708bc4732a51968528cdd1c17d6ea683caa,407.3,741.4,741.4,1148.7,,0,2,,2859.9,,,,,0,0,,,05-02-2025
0xf520f82471dad05b96ba73f8e5852f0ae81ec0b1,0,-63.6,-371.8,-108.8,0,5,1,-31.8,11.2,0,0,0,0.3,64.1,-1.2,161.9,-38,05-02-2025
0x1b57d23e425d19e8c3a0cb0eae24747b600af442,0,-828824.1,-831596.2,-570103,53,505,583,-3855,595.4,177,1,1,131.1,22245.4,7.6,1304.2,48.9,05-02-2025
0x50ca596fd26f7260c493ec6aa95393b07714fc86,-160.7,1485.1,1485.1,1324.5,,77,54,,1.6,,,,,108,-6.3,1785.6,-5,05-02-2025
0x0b0e86a9e5b834c4573466b7235c44229cacadf1,0,16.3,-70.7,-26.9,,1,0,0,0,1,0,0,1.7,11.6,7.6,22.6,23.6,05-02-2025
0x3ee5912eb88d15f2487193c5dffb418bd97b949f,0,-54.5,-54.5,-54.5,,8,0,,4,,,,,8.2,-7,,,05-02-2025
0xfe644ae24f21bfe70d8a136c5eae4712eda5ae53,0,0,0,0,,0,0,,0,,,,,0,0,,,05-02-2025
0x0c8afa31d68028ed8054493ee92f52b82ab992a2,-0.5,0,-22128.8,-73686.6,0,0,5,0,3774.7,0,0,0,0,0,0,18788.3,-4.1,05-02-2025
0x013444545f4b5fc8268c35e47466aaef3d2c5b5a,-1083.9,2967.9,-1550.7,-3843,80,47,33,0.3,304.9,5,0,0,56.6,795.3,-8.9,1581.9,0.1,05-02-2025
0x46f73c69c84af46849e3f73b40e9342be28d2c92,0,0,0,0,,1,0,,0,,,,,157.1,8473.4,,,05-02-2025
0x23beea0467685c3e8ce4b31d7306b2d758010f56,0,0,0,-54.5,,1,0,0,48.7,0,0,0,,8,0,,,05-02-2025
0xe44fa104509fbfc6ee45f3f2fb96f8bd1dd9d7f2,0,0,0,0,,0,0,,0,,,,,0,0,,,05-02-2025
0xb914da577da250fd745f51df637684540952da2b,0,0,0,273450.8,,0,0,,6,,,,,0,0,6012,11.2,05-02-2025
0xfac6a0e46a38a341eb127ef9965ae5dc64283a32,0,0,0,0,,0,0,,0,,,,,0,0,,,05-02-2025
0xdbc1f876b678d5f04146f36030ccd47c7bfd76fb,0,0,0,238.9,,0,0,,0,,,,,29.6,-9,198.9,2.9,05-02-2025
0x734506c26f90817c37a8ea2a21eaa9c31e568f43,0,0,-605,-605,,13,0,,9.8,,,,,279.6,-9.3,,,05-02-2025
0x39080a66217c1d8aff62df2739629d8e46eb7547,0,31.9,-95.9,-276,,22,22,,0,,,,,21.6,-15.6,28.4,-24.6,05-02-2025
0xd197b1bb82a3afd1c68167ce5514f90ed86521b6,0,1771.8,1771.8,1771.8,,7,3,,0,,,,,0,0,,,05-02-2025
0x675f62505a41d2e3c7d918889d665ce8031d156a,0,262.7,625.2,328.9,55.3,2850,2351,0.5,84.9,297,11,3,168.6,277.9,5.7,100.6,-2.9,05-02-2025
0x07f6e50b028edfa373fbedf33232c2284f97aea7,-97,0,10.8,141.1,,1,0,,101.8,,,,,19.4,-14.7,118.8,2,05-02-2025
0x3fa3a735d2bbc2cadb934fcc83611e9c98da2fe0,0,0,0,9939.7,,0,0,,0,,,,,165.3,-0.5,5018.5,63.9,05-02-2025
0xd69ea33526d11b8eca72ad71c0282509c9886e98,0,0,0,0,,1,0,,1278.7,,,,,,,,,05-02-2025
0x42dd0e50716205d7d497309be18cfb19a4a10631,-233,5072.1,3838.2,1318.7,,20,6,,27.3,,,,,2761.2,-2.8,450.7,-50.6,05-02-2025
0x08ab732ef003f00bf0a18838df1ff58a6a53dda7,0,0,0,0,,5,0,,0,,,,,0,0,,,05-02-2025
0x6c5068370d9eee39df53b4124f7b63b181e3515f,195.8,-6,597.4,801.5,0,2,1,0,545.7,0,0,0,144.4,12,-3,117.3,0.5,05-02-2025
0xab7bf20f8ebbb286644b2c57ea448f27ef0598d4,0,6923,-14251.4,41515.6,,1059,1434,,596.1,,,,,48044.3,1.1,24032.8,-0.9,05-02-2025
0xf150b6f7382a96b728d799b5ac3f63f99d9ad393,5563.8,745.4,745.4,6309.2,,112,116,,452.5,,,,,108.9,26.6,,,05-02-2025
0x6757477fab1a6b39e0431b577fec24f89675c371,0,1194.4,-5095.9,-5095.9,,30,18,,0,,,,,1428,-0.9,,,05-02-2025
0xf13ca3da5c0360355e498b1a68a621393df6c98c,0,0,0,0,,15,0,,0,,,,,28.2,0,73.8,0,05-02-2025
0xd1988f0fee787bdeb2496c2b43411bff09dc6421,0,0,0,0,,0,0,,0,,,,,0,0,,,05-02-2025
0x24caff21b71a54eb694539e3acaa1ee923ed0892,0,0,0,0,,0,0,,1.5,,,,,0,0,,,05-02-2025
0x6432ce463c0b4af2b8af8813f7032770a4e54548,0,-2454.1,-2454.1,-2454.1,100,43,0,-2454.1,39.4,1,0,0,,85.3,-0.3,,,05-02-2025
0x6f2e6d51061f67fdb23bcdae758a2f7335513a1f,-192,-268,-516.5,-2473.6,,56,53,,3.3,,,,,80.7,-22.8,325.1,-15.8,05-02-2025
0x78ab41014b5df5276b03188e529550357914e5aa,0,0,0,0,,0,0,,29,,,,,0,0,,,05-02-2025
0x096d9fafc2df113827ce5a413243bf63cfd3c218,-0.3,25.5,8.4,1418.3,,2,0,,32,,,,,30.6,35.3,79.5,1239.3,05-02-2025
0x02abc7b66e2d83d1ce329d09f2fbe1d36ad92b38,0,51.6,51.6,51.6,,1,0,,211.4,,,,,28.3,62,39.3,-4.3,05-02-2025
0xf7b7b254f6dbf2614492cd2e2877e6d130878d17,0,0,0,0,,0,0,,0.5,,,,,0,0,,,05-02-2025
0x4fafc22395fa84ce2f4d289d6d04b56f74414518,0,0,0,0,,0,0,,60.3,,,,,0,0,,,05-02-2025
0x8406137e8c14b2282cf040697915531c2458c5b6,0,0.1,0.1,0.1,100,2,2,0,0,1,0,0,,,,,,05-02-2025
0xe45b943cd97a37b64dd5f53111911e4609e5e7d3,0,0,0,0,,1,0,,0,,,,,0,0,,,05-02-2025
0x67147b9ab5cd0d784adf4106fcbd583416c0c2cd,20.4,110.7,110.7,131.2,46.2,14,22,8.5,450.9,4,2,0,10.9,36.1,28.8,,,05-02-2025
0xfcdb6dad24e18b006fc6e221187537806f8ccb26,-1.1,-72.1,83.9,-601.4,28.6,10,10,-10.3,1115.2,2,0,0,0.6,129,-0.1,294.5,-98,05-02-2025
0xaf14874f32ba3fe131e08d27d99730cb05bb7b29,0,13.4,13.4,13.4,,1735,0,,0,,,,,0,0,,,05-02-2025
0x25e2a34bdd7e87fd67c04a3caef56b22f96c4133,86.6,197.2,238.8,2120.1,29.5,61,49,0,195.5,10,4,0,34,49.2,17.7,57.5,-43.9,05-02-2025
0xfbb84d8b532b8391ff1f9308c17c5f6347d62d61,0,0,0,0,,0,0,,0,,,,,0,0,,,05-02-2025
0x145c106fbf81f932d6440bc226d43b0362b7b7ff,0,166.5,166.5,166.5,,41,0,,0,,,,,25.5,-0.7,,,05-02-2025
0xb3e86b73f7490c7766e41eddd9df458bab2afd6e,0.8,-0.6,-4.3,-3.5,,3,4,,0.7,,,,,23.7,5.9,,,05-02-2025
0x682e1afe175532f51469c4692a05c88b0a4a8731,0,-88.4,-583.3,-800.8,33.3,58,54,0,1.4,10,0,0,19.8,126,-12.4,84.9,-25,05-02-2025
0xcd09f1fce8cf2f0a9fbdfe8b45979467e09e0b64,-2154.4,0,0,-15431.4,,0,0,,1.1,,,,,2397.8,3.5,5265.6,8.4,05-02-2025
0xe10266f2c3e146c3731edd3bdf87ac7c5a2224b1,0,0,0,0,,0,0,,0,,,,,0,0,,,05-02-2025
0x238b0c2cdd2e683c978f7ef3d8e71e435a84b7fc,-0.3,-104.9,-1013.7,85241.9,,1,2,,5.7,,,,,2029.5,-15.7,2456.1,-14.6,05-02-2025
0x7248b66ad70e492d10b803ff8c32dabf2756e2fa,0,0,0,0,,0,0,,0,,,,,0,0,,,05-02-2025
0xd9a2fa689bed781b1c79e9507e0f42d00570280d,12425.8,0,1057.4,13674.6,,1,0,0,55.4,0,0,1,59.9,134.7,509.4,,,05-02-2025
0x0a80ae587ffb58dbc84f60a64fdcc26ffa0dd794,-39575,4645.8,5019.8,90547.4,,1,34,,8552.4,,,,,1.4,-0.6,4956.1,-79.5,05-02-2025
0x1ceda56b6466dd909b2df4ed06cb12efbed6e6dc,-16.2,32.3,32.3,16.1,78.6,45,14,0,15.7,8,2,2,51.3,0.6,60.9,0.6,-98.1,05-02-2025
0xa3a273f356eeb3c68ad7e34141ad71848421a07f,0,0,0,0,,1,0,,0,,,,,0,0,,,05-02-2025
0x0718b413b67771c166dcffd5154874f5dbdea5f7,0,2029.5,2214.7,2134.1,,2,3,,0,,,,,1.4,-3.7,31.1,-87.4,05-02-2025
0x4031e5854ab491b0e24e3ea419f65e12f33d612f,0,85.1,288.4,-847.2,51.4,3356,2896,0.2,90.1,282,7,2,203.6,328.7,-11.6,16.3,48.8,05-02-2025
0xfed6c91add33e6b0073645350d0068f25a0cc69e,0,0,0,0,,0,0,,0,,,,,0,0,,,05-02-2025
0xfe5ca8e1d67479f7d11e4959fda15b0a8de40acf,0,0,0,0,,0,0,,0,,,,,0,0,,,05-02-2025
0x0b6b885e766f6f07ca45b9f49d3f4241ccdc2a60,0,0,0,0,,0,0,,0,,,,,0,0,,,05-02-2025
0x4bd8598cdca1b218f2f964f3832ebbea354383b8,0,8.6,-28.7,185.8,,3,4,,21.1,,,,,30.6,5.7,,,05-02-2025
0x6deafc45a0c86644f08e74cabaf0103e749a54ee,0,511.3,725.5,826.1,100,4,3,0.1,3.3,2,0,0,6.5,41.7,8.2,600.1,35.7,05-02-2025
0xd5bc754d8461850629475bb502adde63f5a530ea,0,110.2,110.2,110.2,,13,0,,0,,,,,1.3,-1.7,,,05-02-2025
0x35ded1de2848276ed6ddbc28a42abf0e6c8bfdb7,0,0,0,0,,0,1,,0,,,,,0,0,,,05-02-2025
0xb9c10b2045b03c4d4c8f9aa0bfd5d25509da102b,0,0,0,0,,1,0,,0,,,,,0,0,,,05-02-2025
0xf9428a7b0033273a46390880d8434c0b368d2775,0,0,0,0,,1,0,,5.9,,,,,0,0,,,05-02-2025
0x0efd0584109ba3036f22a882b63d1b6524e86337,-134.3,844.2,1060.5,8422.5,50,29,29,84.4,544.6,4,1,0,17.6,98.8,-3.7,279.7,16.2,05-02-2025
0x58a550c97c33d35cd099dd894bd8f20c8426d77b,0,1726.4,1726.4,1726.4,100,13,2,0.9,0,0,0,1,143.7,0,0,,,05-02-2025
0xee408b626af5f5a0431a9b05b88636128b391203,0,0,0,0,,0,0,,0.7,,,,,0,0,,,05-02-2025
0x464f2b4d29d21ff308818dcafd59c3ceb98ca745,0,99.5,23.5,212.6,,9,13,,75.4,,,,,35.9,-1.4,,,05-02-2025
0xcf5bd27ea2411712b688e0cf75bdd68f770270cc,0,2637.9,2637.9,2637.9,,23,13,,0,,,,,993.1,-1.5,2829.9,12.4,05-02-2025
0x3f9839c2b27c589ed5b4f46fbaaf0989b7115bef,0,0,0,0,,1,0,,0,,,,,84.6,21339.3,,,05-02-2025
0x2d7c6c3ab7ca06b610c99e68c17b6c08921cd424,5.5,0,-449.6,9206.3,,1,0,,205.1,,,,,154.7,-6.9,390.1,98.3,05-02-2025
0xec23eb9276e89e779cb8a148b9f19a31a186039d,-96.5,365.5,178.7,-2874.2,37.5,57,24,-0.1,89.5,4,0,0,1543.5,139.8,-0.9,6051.2,9.4,05-02-2025
0xcb7931872a8a5d3035015fb01d1f50479de89b57,0,0.4,0.4,0.4,,8,0,,0,,,,,39.6,0.1,,,05-02-2025
0x597015a8f0fd78e46ed579fc9a55b67d4e788eb1,0,0,0,0,,0,0,,60.3,,,,,0,0,,,05-02-2025
0xc55a90fe28fe30897658b11d81f0bfd7b4ec3475,-257,0,0,-257,,5,0,,0.4,,,,,58.4,-73.5,61.4,-100,05-02-2025
0x1c5920ac2d2e1c9fe626e06e4abdde4cb2b57d29,0,14.7,12.5,-377.4,,4,5,,135.8,,,,,11.9,4.6,236.9,-16.2,05-02-2025
0xc33c5405a78d5ce19a283432cc4c9a43c4842fe2,928,9675.6,37134.9,38062.9,23,320,301,0.2,136.9,24,2,1,24,394.3,-8.3,2338.3,75.5,05-02-2025
0xe0a7a40a8ecde2a7a7229ef72503cdbf1b5be52a,-1.2,-0.4,120,118.8,,1,2,,83.2,,,,,11.5,-0.4,16.8,14.6,05-02-2025
0x0b7c57a13b1fcf185cbdf40382c721429b4352f0,0,0,0,206385.4,,0,0,,0,,,,,1383,-2.3,2831.5,1.9,05-02-2025
0xc5a7353b90e536880c10ad72bab4e272881e9898,-168.9,-66.2,-182.2,1045.1,10,8,0,-33.1,5.2,1,0,0,183.5,91.1,-23.9,1343.1,-30.7,05-02-2025
0xe0dc484052208f8ccbf26361812ea415119cca12,0,0,0,0,,2,0,,11.4,,,,,5.9,0,6,-31.2,05-02-2025
0xcd4de6ba9d17ae334672885224ac953da13b4e3e,0,-138.5,-180.5,-180.5,,5,3,,6.8,,,,,28.9,-19.8,47.3,-84.5,05-02-2025
0x44ad2dc3a59432aece3130faa824064dd378ac62,33.9,548,2931.8,10029.5,76.9,64,99,0.2,848.3,12,0,0,182.4,737.1,13.5,3269.5,12.8,05-02-2025
0xdad1f4a6fe41e118a56161a04ba393424f00ffcd,0,0,0,0,,0,0,,0,,,,,0,0,,,05-02-2025
0xae25973dd01d24f9a54a924592fd90b82681b383,0,0,0,0,,0,0,,0,0,0,0,,15.1,0,670.7,0,05-02-2025
0xa9ac97874ca977643dd9400552053c60f09d5e09,0,515.3,299.7,27650.3,57.1,7,10,73.6,1059.5,4,0,0,9.9,625.6,10.9,602.4,-34.1,05-02-2025
0x2450ad3b05c6e04de5fe4481980d96ec7a29cc02,0,0,0,0,,1,0,,6,,,,,0,0,,,05-02-2025
0xe31e5a9c23d77e46f161ebc008a3a7b0a111465a,0,0,258.8,-5233.3,,0,0,,0.6,0,0,0,,434.8,-16.5,799.4,-13.6,05-02-2025
0xb6924a3bc33dec3d3e1fe758e44b36738e579dfa,0,565.4,-147,-147,,22,2,,6,,,,,343.7,-9,,,05-02-2025
0xd4e2fedb0c93081b24e01d09f0a5399b17c2bb4b,60.3,1233,1525.3,2142.9,20,296,288,0,73.1,8,0,0,0.6,1415.9,-4.9,10405.9,1.7,05-02-2025
0xfc4ab72038de573bd487f823f891685e6dbf791b,-40,-703.3,-1614.6,-2837.7,,129,204,,51.8,,,,,0,0,,,05-02-2025
0x59ddc4b6073b016e52ab9985f83e3485e7639894,-1.3,0,0,70.8,,1,0,,0,,,,,25.4,70.4,,,05-02-2025
0xb7a9c8b04d217d7802e66196b7ee512f972bae01,5842.9,1360.9,1360.9,7203.8,100,65,76,0.7,0,0,1,0,177.8,23,-11.8,1831,394.1,05-02-2025
0x59cb8faa382683793027a5f512f5e84f2fac9292,-9.6,319.2,228.6,219,46.2,60,44,0,75.9,12,1,0,5.4,92.8,-9.4,71.1,41.6,05-02-2025
0x920b33302775428a1f7f0aad556fc1ae1861e83d,-0.1,640.3,450.8,11361.6,,65,60,,3.1,,,,,210.3,8.6,754.3,-0.9,05-02-2025
0x968b7295971d7898c6946fe32d509e7316d109a2,0,136.5,136.5,136.5,100,8,1,0.1,0,1,0,0,1.1,713.6,19.1,,,05-02-2025
0xfb36860f0b5abd252922c47d708a4799d9468a59,0,0,-187,-187,,0,0,,0,,,,,4.2,-2.8,22.5,-14.3,05-02-2025
0x53a2f1f78839df9a365bae9fb4bbd6ba98bdbca2,0,1444.6,1584.3,1584.3,,16,7,,68.7,,,,,0,0,676,14.5,05-02-2025
0x9f5bbdfeef4757f92279d53ee5db47a265d17ff0,0,-94.7,-2507.6,-2507.6,0,1754,2,-2.8,1014.9,33,0,0,141.6,128.6,0,1535.2,0,05-02-2025
0x13cc9d45e2651fa7bf26f1e2f683c033dd636e17,0,296.5,2652.3,25869.1,68.9,8160,7790,0.6,13.9,345,1,1,85,348.2,4.1,386.9,-0.1,05-02-2025
0x6125e3bf6e87e0e4b136111392e2c28186d9b8d6,0.2,728.5,728.5,728.7,100,5,5,0.1,1467.2,4,0,0,10.5,200.6,40.1,,,05-02-2025
0x1083da9b7086cd55ff42df167b5d38a313d789b3,0,0,0,0,,0,0,,0,,,,,0,0,,,05-02-2025
0xe652ddd4224d86490ac3313652ac4dc4908e119f,413.8,-404.2,-251.3,2620.8,,8,5,,120.7,,,,,558.3,-3.2,752.3,-14.5,05-02-2025
0x7dd540c46ceb7d66284e1ed13d2d1091fecdd2c1,0,94.2,94.2,94.2,,8,0,,0,,,,,26.8,-8.6,,,05-02-2025
0x5d1f32832d0a4f7e6a93d70e4868386ea7ed0988,0,583.3,1342.5,15153.8,100,11,10,145.8,922.9,4,0,0,0.6,420.8,2.9,878,23.8,05-02-2025
0x8b3b4a126fd8167f94bce14391198c9f1e1f63d4,0,0,0,0,,1,0,,0,,,,,37.7,7.1,,,05-02-2025
0x6f500777adbf39130f24e2209eedc815e5c1f5f5,0,2.3,-255.7,837.7,,4,5,,0,,,,,55.6,-1.3,66,-13.9,05-02-2025
0x1a5ad35e704f5251d3a624884b2cdbbaf2281a14,0,36.1,36.1,36.1,100,8,3,0,0,1,0,0,63.8,778.9,4.6,,,05-02-2025
0x80ecc7feff6ebe47c35ec33dab7704282853a4cd,367.3,2750.7,2750.7,3118,100,182,189,1.5,41.5,1,0,0,177.8,7,-9.3,,,05-02-2025
0xe25774b741118900c6ebe7901dd177a802dfe768,-61.6,2448.3,4801.8,8036.7,,6,6,,2072.7,,,,,21.1,-7.3,244.3,-19.5,05-02-2025
0xedffcda04878d88a369fa48019c2acb6d3072182,0,-3635.9,-1830.8,-1830.8,17.1,490,295,0,1204.1,52,0,0,44.1,1607.7,-0.7,10779,-3.1,05-02-2025
0xba4b8de5caca1755e0c5ac1447ed6fd0106ff569,0,1865.8,10689.5,16378.8,71,374,141,26.3,903.4,53,3,3,167.7,773.9,250.9,124.3,7.5,05-02-2025
0x6189cba7e571e5d4e096cc38a7791a46578a8c36,0,275260,275260,275260,12.5,64,111,34407.5,241692.1,1,0,0,5.9,0,0,,,05-02-2025
0xb6f76926623ad94e9a3526a55bdcdeb379822b9c,0,0,0,0,,0,0,,87.1,,,,,0,0,,,05-02-2025
0x1b2a2614cd3dac3d61b7e89e7c71ce4bfffecbe6,0,51.1,51.1,51.1,,20,0,,0.7,,,,,39.4,-4,61,0,05-02-2025
0x0fdaa14ad23c391b3c45145cd00b67946f29a46e,163.8,2894.9,2894.9,3058.6,100,202,222,1.6,66.9,1,0,0,177.9,0.2,-0.5,,,05-02-2025
0x5abd2f8aaef92277297c526066fffcece4f83476,27955148.2,1568,882,27960161.2,61.5,11,17,112,713.7,9,0,0,27.5,113,48.1,121.3,-10.7,05-02-2025
0x264f2944c3a5b6b6afed35ed28bc3f8f02af1b90,0,1109.2,1109.2,1109.2,,101595,0,,95.2,0,0,0,,0,0,,,05-02-2025
0x1d3a8d3329872afebba937767c2d2025b666d629,0,1830.2,1830.2,1830.2,100,14,2,1,0,0,0,1,143.7,0,0,,,05-02-2025
0x16147ee2b286d3146c82097b489f1ed743a40de8,0,12.1,12.1,12.1,,27,0,,25.3,,,,,4.7,-1.6,,,05-02-2025
0x54dc6782d6fc5fc05f8486d365186ff25cc44ba7,0,0,0,21.7,,0,0,,466.4,,,,,0,0,,,05-02-2025
0x506c4f34e4a6fcb6b0f53d5a77a341e1167704f9,23784.3,0,0,23784.3,,0,0,0,18.6,0,0,0,,41.5,3582.4,,,05-02-2025
0xd38eed52c732f16a9621c5ae027527bedf02bfaa,270.8,1377.7,1377.7,1648.5,100,4,3,0.4,350.2,2,0,0,1085.6,0,0,,,05-02-2025
0x232a1d29b19f3a840b165ecaa0bd3cc84dbcb91f,0,-0.4,-0.4,-0.4,,6,0,,12.1,,,,,0.1,-9.9,,,05-02-2025
0x575b5257935340570c56858d8bb8e67cf91cab8f,-3369.5,-224.8,-1033.1,-370.6,0,15,11,1.8,5.9,1,0,0,2303,0,0,1421.5,-59.7,05-02-2025
0x7f9426d5991baab3622f99c10cc0fcaa6829263e,324,1114.2,873,14140.9,79.3,56,47,37.1,2354.7,22,1,0,22.6,180.3,19.8,1620.8,13.8,05-02-2025
0x84e2191000c51b9802e51f153c513b1001597c18,0,3106.2,3106.2,3106.2,,38,0,,2073.3,,,,,0,0,,,05-02-2025
0x0a69d484cb936e977ea3db9ba6af2225770ffcc3,-3554,-271.8,-1067.9,-940.4,0,18,11,2.6,4.6,1,0,0,2302.8,0,0,920.7,-66.7,05-02-2025
0xaa8d2a6a61b721161e89217ad85eae6e1afb4348,-5615.6,4464.5,4464.5,-10485.4,,5,4,,1000.4,,,,,436.6,-2.7,,,05-02-2025
0x64d55eb974e2fa798ae3d01e49bcba555077b88b,0,423,423,643.4,100,2,3,211.5,769.8,1,1,0,0.4,83.4,95.7,,,05-02-2025
0x4aca66eb811eccc698bbf23bee9e7f55e9097749,-170.2,0,113.2,72.2,,0,0,,0,,,,,61.6,-26.7,109.7,-4.1,05-02-2025
0x5b326af034155c03fee197510ac44322b477346b,0,57.9,-120,-120,,3,3,,0.2,,,,,149.8,-10.4,269.5,2.8,05-02-2025
0xdc912ec93d56acd5c321866d05ada0802c85dcb3,-2778.1,0,0,15967.1,,0,0,,0.6,,,,,905.6,18.1,3550,-27.4,05-02-2025
0x754a67645120c480d3d934f48dd66a657b943fd6,-654.8,-175.9,2405.6,1559.6,37.5,56,12,0.1,12.5,3,0,0,95.6,329.3,-6.7,271.2,-16.5,05-02-2025
0x72c1e8d4aea5d743b9f380b5ef98f94ab235341a,0,0,0,0,,0,0,,0,,,,,0,0,,,05-02-2025
0xc234f467ae85e7a0ca118dc5ffbe830c2ba00a9c,-143.5,0,0,-143.5,,41,0,,0,,,,,65.8,-60.7,68.5,0,05-02-2025
0xffc86681c40d8d7da63d15114769c953dbecb245,0,0,0,0,,0,0,,0.8,,,,,0,0,,,05-02-2025
0xa63207e419aefbfbca41ccee92520c4015bde7c0,0,2.1,2.1,2.1,,1,0,,3.3,,,,,11.1,12.6,9.5,-14.8,05-02-2025
0x6fde54e37d5f8d624f39b99ab4bf40ba492a71ee,7.2,210.6,210.6,217.8,,2,1,,1195,,,,,0,0,,,05-02-2025
0xf3baef4a10df3dd660e542eba98a76eb12b39f23,0,0,0,0,,0,0,,0,,,,,0,0,,,05-02-2025
0x464051810f29337eb773dde00b14793061812252,-251,0,0,-251,,5,0,,0.4,,,,,57,-73.5,59.9,-100,05-02-2025
0x6b0d1826220fa81d2dd0b79c2e55ebcb5d1caa69,0,3.5,-574.9,-574.9,,1,0,,2.1,,,,,435.6,-3.7,811.9,-17.7,05-02-2025
0xf5ab33fd7f5034b52f149639000c9116b30481ed,0,179.6,179.6,-4504.8,100,3,1,0.1,0,1,0,0,70,579.7,-14.4,319.1,-37.3,05-02-2025
0x1a3d0f6cec26529caceb4939c1fbb84658ec70ff,0,-14.7,-14.7,-14.7,,6,0,,3.1,,,,,1.1,8.9,1.4,-45.2,05-02-2025
0xe2098cb3699b3c3732b1af6ccb9ccc1eba4e26c8,-52.3,-899.7,-1644,-3111.4,,114,158,,35.6,,,,,0,0,,,05-02-2025
0x7d59937097e0284055ab41ade81e4b214455b936,-39.5,529.8,13949.5,16054.6,100,2,2,4.5,127.2,1,0,0,0.2,1066.1,14.9,1670.6,-7.3,05-02-2025
0xc8c58f68c426f2194236aa426d30f237e4560e78,0,0,0,0,,0,0,,0,,,,,0,0,,,05-02-2025
0xf5bcad66846e9735061b7a224ae79a595fa51c9e,0,0,0,0,,1,0,,0,,,,,24.8,95.6,,,05-02-2025
0xfcd2278c4e7a7d3742ffa5754f262fa07a1e2116,0,386.6,280,2260.1,,2449,470,,5.7,,,,,33.5,1.3,1407.5,-44.8,05-02-2025
0xa6d55c9bce3af62582b55b094120e54ca79a1630,0,0,0,0,,0,0,,0,,,,,0,0,,,05-02-2025
0xe584d0b93d729a96f40cdc0d305e1b8e083c70c2,0,0,0,0,,0,0,,62.6,,,,,0,0,,,05-02-2025
0x0902888ca0d6cc8602a86d3bf9afea9242ccd833,0,11.3,11.3,11.3,,10,0,,12,,,,,8.9,0.9,,,05-02-2025
0x5b54ebc4936ae819acf3c76e1a2d37fed45a4ffa,-420.2,2627.7,4189.1,2229.1,18.2,71,37,238.9,18.9,4,0,0,113.4,331.8,-12.9,1365.3,-31.7,05-02-2025
0xa6f2cd405ad96e279a4a5c2ea08d667f1cc2f2e6,0,0.1,0.1,0.1,100,1,2,0,0,1,0,0,,0,0,,,05-02-2025
0xd876681411b4e2d680bdf88a29c6cfc8f53adbf1,0,-170.3,8460,10744.9,31.6,34,32,-9,1.2,6,0,0,0.1,523.7,8.3,1155.7,9.4,05-02-2025
0xe5274d3bc6461327e01d2db3776f9d83894800ad,0,0,0,0,,1,0,,0,,,,,17.9,0,,,05-02-2025
0x09d8a47e2673290a3d6c3d70851b3c899b0432b5,0,0,0,0,,0,0,,0,,,,,0,0,,,05-02-2025
0x89a05170043a23ef7f866fc2dc4efb616b9dfe3c,-1.4,229550.4,562334.8,733723.7,52.8,430,518,1119.8,543.4,165,2,5,113.3,18240.2,5.2,2699,93,05-02-2025
0xdcdab280d56cf45c16ade8e6374a9bd0a7623434,0,0,0,0,,0,0,,0,,,,,0,0,,,05-02-2025
0xd6d3ffdd65d036e0a75f6b71f5118bc59d241205,-70.5,0,0,-70.5,,17,0,,0.4,,,,,84,-91.7,71.3,0,05-02-2025
0xf7dc302d36ffc508fc0e7028fa4b43e02fa5dea5,0,0,0,0,,3,0,,0,,,,,0,0,,,05-02-2025
0x66835bbb2e0404b647a75c9b0886d73f98d3901e,0,5867.3,5867.3,5867.3,,24,0,,1867.4,,,,,0,0,,,05-02-2025
0x45218d5d6dc29243c180674038577d3f362844f2,520.9,747.6,-589.3,-3598.7,,209,199,,65.3,,,,,117.2,-3.7,1355.8,24.3,05-02-2025
0x426bbbb7981c12cd991dc3d59779d3523c3c37cd,273.1,2132.9,3880.6,6313.4,83.3,13,14,304.7,3.5,6,0,0,6.1,406.8,3.2,1041.2,19.8,05-02-2025
0x8d836699f833d1d097e901f4518ea4826f4cd935,0,728.4,728.4,728.4,,3,0,,0,,,,,205,15.8,522.8,-5,05-02-2025
0x75423cfb9599a4976c587cfd1a33ce9961ac0d21,-61.7,1255.5,10166.2,81173.9,58.6,25,25,43.3,3842.4,17,0,0,0,876.4,13.6,,,05-02-2025
0xd06e5f5f7b60b077d2975ed6debe5932a228bc54,0,0,0,0,,13,0,,0,,,,,10.6,0,,,05-02-2025
0x4a54dbe533309f9fcead54ed120d9c3f46188f46,755.2,-61.3,-61.3,2862.2,0,4,1,0,13,0,0,1,13.5,239.3,59.8,681.4,-16.8,05-02-2025
0x18dcdf201d78c199d3bc96cc999c3b7db486f6d2,0,-127.4,3663.3,3097.8,33.3,28,36,0.2,308.7,3,0,1,88.6,283.8,74.9,736.6,-14.7,05-02-2025
0x97f3c8b4dd8329d3a3b0155e61dda1de8abb24bf,0,0,-252.9,-531.5,,0,0,,0,,,,,91.8,4.1,,,05-02-2025
0x059ce0b055d4594959ee554f79583f9a1547b6ef,0,0,0,0,,0,0,,0,,,,,0,0,,,05-02-2025
0xeae1fe6b2209bb8ecd939901dc9335236dd1267a,4052.5,-1231.3,658.2,28180.3,14.3,9,8,-175.9,2092.6,1,0,0,17.1,683.4,223.7,2012.8,93.5,05-02-2025
0xc312eef407cb59a5c4bb4df1829601e48e6331a0,25.5,-694.7,-2439.8,639.9,0,144,157,0.3,114.1,0,0,0,0.2,0,0,,,05-02-2025
0x76acd0b83b07993cc1ba00d6191d433007496b10,0,0,-241.3,5797.8,,1,0,,0,,,,,554.6,-3.4,759.7,-18.8,05-02-2025
0xff2ff8fdcbace62fa01a325f72bab2ddfd725775,-190.9,0,0,-62.6,,0,0,,6.4,,,,,22.7,-2.7,,,05-02-2025
0x2363378a77eb6e9f08a07f8062964c5541d11dd2,0,1607,1607,1607,100,2,4,0.9,0,1,0,0,143.6,0,0,,,05-02-2025
0xe2b1e5cb7b2eada782310382c377baa385d389b1,0,91.3,-652307.3,-640815.1,28.1,58,70,2.2,26.1,30,1,0,195.8,519,7.2,2619.1,-4.8,05-02-2025
0x2389844897a2fa059edb28748c8770263dfd587a,0,0,0,-487.9,,3283,0,,120.6,,,,,135267.4,0,37103.2,0,05-02-2025
0xfeae9a89d5798b3e8373faf07d333f611a0f04a0,0,0,0,0,,0,0,,0,,,,,0,0,,,05-02-2025
0x8ea247761059f3e50b59e614c54e7c01f725d5c4,0,-52.9,-832.7,584.8,,14,13,,0,,,,,245.6,6.5,467.6,7,05-02-2025
0x5241b8819694106077de709a7b31ec173ccf19a0,-46.3,0,-28.5,-103.3,,0,0,0,2,0,0,0,,41.7,-26.2,81.5,-12.7,05-02-2025
0xd3e3ea215fd93a4dc0b812312d6ed64a1bc598c0,0,52.5,52.5,52.5,,52,64,,301.2,,,,,68.7,5.1,105.6,12.3,05-02-2025
0x60fe81ed6de7173574c16358dcd1779fb291e237,0,0,0,6343.3,,0,0,,0,,,,,86.4,-18.1,122.2,-44.5,05-02-2025
0x184182a446505fce005f70ff370bb366dc90d741,0,0.6,0.6,0.6,,2,0,,11.9,,,,,,,23.9,2.5,05-02-2025
0xb98ed7bf94e4034a4fb78d0cfc7d6b27f603d3b8,-154.3,0,0,-122.9,,0,0,0,0.6,0,0,0,,19.1,-10,26.8,-68.8,05-02-2025
0x7111ccf8253a3ace8310a8c8c648aae831cf7872,-1.1,-87.2,248.9,247.8,0,3,1,0,3.9,0,0,0,10.8,37.4,90.1,49.9,4.3,05-02-2025
0xc9be5ea59b2f14fe9e2312839c36e08cb80afe9e,0,0,13.4,13.4,,0,0,,0,,,,,0,0,,,05-02-2025
0xf57a5a49519f833bd44e7d763693549c5723ad44,0,-247.1,-247.1,-247.1,,0,0,,0,,,,,0,0,,,05-02-2025
0x9a7cc8350a292e42e7bdeb0b08817910e8a6eadc,-30.5,3087,3746.5,39368.2,68.4,263,135,162.5,30.9,14,0,0,0.6,366.5,-2.6,3226.6,7.7,05-02-2025
0xc1ff53f7f253b98f71fdb197031f3064cb779c01,-16702.1,0,0,572546,,0,0,,165.7,,,,,0,0,1958.3,4995.1,05-02-2025
0x5bc469ece187a5a2cda4a7f7391d94578485b6dd,0,4.9,4.9,4.9,,7,0,,16.1,,,,,0,0,,,05-02-2025
0x292a33db6691961190e71b6146a5c0ff7ffece58,0,0,2799.9,12779.1,,0,0,,38.6,,,,,185.3,16.5,3674.2,-98.5,05-02-2025
0x9d15c3b6a091997213cc88cc38d77961eb66074e,0,0,-65541.6,-67867.3,,0,0,,11427.2,,,,,19.3,-4.4,2717.7,-45.5,05-02-2025
0x6bb583f627744fb7a3e1f04bd203dec70e980e81,-13.5,-13.8,-0.6,1052.9,,0,0,,6,,,,,38.3,-10.8,107.1,-2.2,05-02-2025
0x1caeea690e45adb1ff527fc055f7a2bed453834c,-42.8,-110.8,-160.4,-225.2,80,15,11,-10.1,5.9,9,0,0,45.6,10.5,6.4,22.4,2.6,05-02-2025
0xa15696e6cc76c709c1608c8247ff2f5e412b24d9,1723,2717.5,9473.4,17388,44.4,81,72,51.3,1667.8,25,1,1,64.1,700.1,14.5,666.6,-6,05-02-2025
0x596680f2ea1bdb041570c74fb5fc8c0c0a9fad80,0,1870.2,-27403.1,-14514.6,26.5,116,137,29.7,1922.9,32,0,1,250,111.9,37,724.5,17.7,05-02-2025
0x76944878a945b3740b7077c4fe600a5138a18f45,-13,101.5,101.5,88.5,,25,12,,83.7,,,,,0.9,33.5,1.3,8.5,05-02-2025
0x9c17ab783222968235ac1def0444a1746d49f507,0,2607.8,2534,727.9,25,40,25,153.4,1.9,3,1,0,15.4,358.1,2.7,121.2,-46.4,05-02-2025
0x87b461f55fe07a6dfe2f36a5d6a1a5e10ef3c14f,-2.5,-20.4,63.7,-1377.5,29.4,53,23,0,30.5,5,1,0,18.2,487.5,0.2,1058,-15.6,05-02-2025
0x0ba0a4f8ed9be2d27e4ea8ff5ac42826206f7a5e,1094.3,253.2,253.2,1347.6,,1,2,,1320.1,,,,,0,0,,,05-02-2025
0xe6969eafab7029ec1c102b6c48847826c9162900,126.8,-113.3,-4920,-127.5,,83,89,,932.1,,,,,0,0,,,05-02-2025
0xeb062be34b4799372899fdc9392992b2d78f1488,0,0,0,0,,0,0,,0,,,,,0,0,,,05-02-2025
0x37de30bde357c0dbcacc75d3c0446099bf4e559b,0,0.1,0.1,0.1,,1,0,,0,,,,,,,,,05-02-2025
0x7e463ae2518c482cf0037f0d3732f7dbcaed4214,0,706.9,17061.1,27968.7,66.7,22,21,33.7,1044.2,14,0,0,0.1,238.2,10.1,,,05-02-2025
0xfab453a789c41d76dd4fd9b8644c81bcac98aa38,0,0,0,0,,0,0,,0,,,,,0,0,,,05-02-2025
0x3ef26781c16452a773c47e3314c3067760180a3d,837.1,213.5,213.5,1047.5,,2,2,,8.8,,,,,178.8,3.8,49.8,-6.3,05-02-2025
0x784e15a0eb34e318442086a66c0afae3c940db33,-14.8,111.1,337.2,352.1,53.8,46,29,4,132.5,16,0,0,4.1,47,20.8,82.9,28.2,05-02-2025
0x569cf365b6e2ce601624aa115f8c84503f22b86a,-43.5,53.7,53.7,-114.1,100,0,0,53.7,301.8,1,0,0,5,56.7,-29.3,745.9,-20.5,05-02-2025
0xe6adf62a01df85423d6b58abbbb4bc060fa44137,0,-0.4,-394.8,-2405.2,52.8,4249,4137,0,3,162,1,2,164.3,139.9,4.3,9.5,6.3,05-02-2025
0x66152a0127a4030460dbfe0b4cbb8747d5ce6af4,0,0,366,366,,0,0,,0.1,,,,,665.8,-15.2,1624.9,18.9,05-02-2025
0x97034c73184130689f55122ccbc7146918030c73,-3.4,57.4,-111.2,-2754.4,25,26,17,0,185,2,0,0,62,253,-17.2,608.8,2.1,05-02-2025
0xb99a0256ac0e09c24d3da128c2a7c19336371f5f,0,0,0,0,,1,0,,0.1,,,,,0,0,,,05-02-2025
0xa9b16cfec7f6c72a47f118d9fb359f6bd954f4f7,-117.3,25.4,8317.5,28796.3,100,2,1,0,10.1,2,0,0,34.4,892.8,-9.5,2796.6,26.9,05-02-2025
0xdc693ac2a74cc58ecf1b296f12dfceaff54ee7c0,0,0,0,0,,0,0,,0,,,,,0,0,,,05-02-2025
0xf6d2e99ad9b3909b23984c53bd017514d32dec26,0,12940.7,12940.7,12940.7,100,9,14,7.1,0,0,0,1,143.8,0,0,,,05-02-2025
0xe7574fa5e1e716bc8a3758079e3441d9090e8a04,-0.2,-44.6,-237.7,4567.7,,0,0,,1.1,,,,,763.4,2,464.4,-17.4,05-02-2025
0x00fea2dc80f4da7f1f446e29c4526546825a2e0a,-72505.4,0,0,2072957.5,,0,0,,5460.5,,,,,0,0,7034.3,-98.8,05-02-2025
0x3dbefdc0fa8bc949f3a45692527173f81fe4439c,0,482.5,933.4,1340,,49,38,,9.3,,,,,403.1,-3.7,901.6,10.1,05-02-2025
0x302d5b4366dfebeb555ff996f973f4629d3c79b7,-795.3,119.6,411.3,935.4,,12,2,,8.7,,,,,199.8,4.8,366.9,14.2,05-02-2025
0x1fbd828f9622d104888f758a93ffb139f130d66b,0,0,0,5267.6,,0,0,,4.8,,,,,79.1,6.4,176.9,1.1,05-02-2025
0xdec29e673b06b964cf6d87edda34812b6f3e7031,-0.1,-944.5,-902.9,-1162.9,16.7,33,30,-0.1,120.6,1,0,0,42.6,668.8,-1.1,1521.8,-22,05-02-2025
0xdcf443f61731e52b59042f5a74029004ebc8e864,0,0,0,0,,47,0,,0,,,,,22.2,0,72.5,0,05-02-2025
0x39191dc86ef0742c3e0177779abbc7b10221ebd0,0,0,0,0,,0,0,,0,,,,,0,0,,,05-02-2025
0x93beb8dadd71efc4974ee270e92894df2a93661b,0,0,0,0,,1,0,,0,,,,,0,0,,,05-02-2025
0x2b556bf873eeeac75581542ea6feb0dba0f8b16c,0,-180.1,-193.5,-193.5,,11,13,,0,,,,,52.3,-14.5,79,-20,05-02-2025
0xeb37bd0929ea5782c3f1b1accfc52dfaff67a41e,0,0,0,0,,0,0,,0,,,,,0,0,,,05-02-2025
0x444c89a4a3e36be5c81ac16001264f1631a22681,0,298.4,441.5,-647.4,100,3,3,149.2,85.8,1,0,0,1746.3,0,0,,,05-02-2025
0xb6654b38375537a633bbb8c3517a0125768ccb85,173.3,5524.4,23705,23878.3,26.3,49,36,0.1,8591,3,0,2,13.5,265.1,38.1,1130.1,106.5,05-02-2025
0x11f65892cb027284e2682175c71886aeb4225b78,0,-1979.4,-1486.5,-27346.1,25,18,5,-0.2,21.1,1,0,0,93.4,169.5,0.6,2256.7,-60.1,05-02-2025
0xa39bf408da2ab3899898f6e3d365b138de8624a9,0,0,-612.6,-612.6,,11,0,,11,,,,,129.8,-8.2,2258.5,-89.6,05-02-2025
0x5189f4f534fb182c46fe9b6ddd0e2adafb168874,0,904.5,5365.8,17046,57.1,8,10,113.1,5241.4,4,1,0,0.4,383.5,8.4,433.8,-35.8,05-02-2025
0xfff8f2ff6c9a85d9e24bc35ccadb091e3832f435,0,0,-749,-749,,12,0,,11.2,,,,,192.4,-10.4,,,05-02-2025
0x87cfb76a41375de2db707bf6f942e13b2050ed83,0,95.7,96.6,243.5,62.5,18,28,5.6,264.1,11,0,0,11.1,14.9,4.1,58.2,16.4,05-02-2025
0xb543b265827100e5988e9cd56323b9466a2a6fd9,0,2119.6,2119.6,2119.6,100,2,5,1.2,0,1,0,0,143.6,0,0,,,05-02-2025
0x1deb2117310cde061046bacb83b143ecdb69925d,25091.3,0,0,25091.3,,0,0,0,16.7,0,0,0,,32.4,6575.2,,,05-02-2025
0xfd68a9fa8cf00e60426653b3109442f2d117ea7d,0,0,0,0,,0,0,,0,,,,,0,0,,,05-02-2025
0x9609fa750814d5c060f344d688554c3188b10916,0,-986.3,-986.3,-986.3,,1,0,,0,,,,,0,0,,,05-02-2025
0x8f3ec360e248b4f61e6055f74b68b503eacc9985,5951.8,0,0,6335.6,,0,0,,79.1,,,,,186.5,377.5,,,05-02-2025
0x10dd401cab3f9b21ae294c97547d1c70d013cb40,0,-622.7,-629.4,-998.5,50,35,11,-207.6,374.5,2,0,0,95.4,105.4,-5.3,137.9,-8.4,05-02-2025
0x40efbd2373c1f1df7b6e6b7387a9576b04be55fd,0,0,0,0,,0,0,,0,,,,,3455.2,0,,,05-02-2025
0x19a443e4e3eb5c12c47f1f657830322b63954ef1,0,-0.5,-0.5,-0.5,,21,0,,0,,,,,22.2,0,124.3,0,05-02-2025
0x59c253edadebd5a94fa36332b0e28ab7614d8b4a,0,594.2,594.2,594.2,,209,0,,54.7,,,,,21.9,0,249.2,6.7,05-02-2025
0x8611a6fdf0c4d1d192b92593da5190db94c91560,0,0,-80.4,-80.4,,0,0,,0,,,,,52.3,-4.8,60.8,23.7,05-02-2025
0xb37ae2981dbcfc640dd1236763cddd9aa785e1cb,0,0,0,0,,0,0,,0,,,,,0.2,0,2.4,0,05-02-2025
0x356b18f36b96ccbf4f64ad9f8fee001409618cd0,16810.7,107.1,107.1,16917.8,,13,10,,0,,,,,68.1,353.9,,,05-02-2025
0xc1f40fc732ddb6a831bab294c695ea57240762ed,0,-391.7,-391.7,-391.7,,3,1,,4.9,,,,,184.7,-28.1,147.1,51.7,05-02-2025
0x7e41d3f8b7c4f1ccbc5b93fc6fecbcc95b6ef30b,105.4,2603.2,2603.2,2708.6,100,196,196,1.4,67.4,1,0,0,177.9,0.2,-11.5,,,05-02-2025
0x9a40de3df2bc3a1738dfc66b1c4ac5112eda32a9,0,-56.1,-540.9,-540.9,,3,3,,258.7,,,,,141.7,-10.8,84.5,16.2,05-02-2025
0x1e0ca26a264dcde3a3c2f1c7bb0d09ce48215724,0,0,-6625.3,-1958.2,,0,0,,9.8,,,,,375.5,0,1411.8,-1.3,05-02-2025
0x2c60a7f6d387fee29b627a00fb32d04245e37465,-2.5,924,843.4,840.9,,89,48,,28.4,,,,,36.5,-0.5,2287.2,9.2,05-02-2025
0xcc503600c04b65af7b538394a6aecaf73bdc1743,-55.2,784.3,464.7,409.4,,22,11,,2977.8,,,,,284.9,7.5,1247.8,-26.9,05-02-2025
0x6117a82c8673c1e799ac131eb6e47a0196ad3aeb,0,-210.7,-210.7,-210.7,,0,0,,26.1,,,,,46.4,-1.4,994,-12.9,05-02-2025
0x2c281e4a715cec9d3a8435b8c7a12d451cb36acb,0,617.5,10688.9,13639.4,,1,1,,45.8,,,,,2311.6,-1.2,1415.8,25.4,05-02-2025
0xd4ecdb3e294b22636c64376758d3f7fb84ed7f48,-5381.4,-65.7,-65.7,9259.3,100,0,4,-65.7,5513.1,1,0,0,0.7,77.5,-6.9,1262.9,2.9,05-02-2025
0x13639dd8dc607428d02cfc2d05bdc99f139abe50,-163.6,1506.3,1506.3,1342.7,,32,17,,12.1,,,,,108.8,-5.2,1177.2,15.7,05-02-2025
0xcf03a964977a428d1847168c9b0967976325efd0,4.8,0,0,326,,1,0,0.2,4.6,1,0,0,3425.6,0,0,,,05-02-2025
0xf9ae3b20b19cac94ccdd6d3ce29410c2e4b36173,0,0,0,0,,0,0,,0.5,,,,,0,0,,,05-02-2025
0x65c0110353220b3444e763b66d7ed229f7468985,0,3442.8,21128.3,71007.7,53.9,254,241,29.2,4661.9,83,1,4,223,4167.9,108.7,35.8,4.3,05-02-2025
0x531fd7b3c1d04809f7d85a80b73a19d29dec4962,0,0,1.3,1.3,,0,0,0,0,0,0,0,,,,,,05-02-2025
0xf71c46c254e0e64d2f25e0024f2db04a6fbdfeb0,0,0,0,0,,0,0,,0,,,,,0,0,,,05-02-2025
0x35ee5f89891fde3295f34eef5f3bb7e344b1fd15,13210.4,177.5,175.8,14468.6,50,1,3,1.6,59.4,0,0,2,749.2,222.4,489.9,1248.1,-29.6,05-02-2025
0xb53e6fd724a49d2ebc2377217675147e3bde5d43,0,0,0,0,,0,0,,0,,,,,0,0,,,05-02-2025
0xf2c1dcde953510f6ff10ec4d30d7649d59c4628d,0,106,174.1,174.1,,6,2,,0.1,,,,,0,0,,,05-02-2025
0x444467c8a66a2b6475ab4925e447e448492a5110,0,4440.6,11088.2,29963.3,43.1,549,261,,18463.1,0,0,0,,1686.2,-6.5,5527.4,2.1,05-02-2025
0x96173ee915dba322f63b24e57ef9cf8359c0ee8e,-2331.5,-38,-483.8,-2739.2,0,7,4,0.9,5,1,0,0,2300.8,0,0,1782.4,-92.2,05-02-2025
0x29947e1c639f180b2cecfec1c39eb4b79cf9cc58,19609.7,0,0,19609.7,,1,0,,17.1,,,,,33.8,13598.9,,,05-02-2025
0x18a14e00016d469863b3c1d1e4809df89d33c941,0,4262.7,4262.7,4262.7,,1,3,,0,,,,,0,0,,,05-02-2025
0x5658ff574d6b4e10f8de66f50abb7be80e921e66,84.8,1384.8,1300.2,1385.1,,10,13,,15.3,,,,,0,0,,,05-02-2025
0xafeff7cef3939f2e53908e231c0f7407915c9cc3,0,7.1,1072,763.3,,1,1,,0,,,,,45,-0.5,527.8,214.3,05-02-2025
0x3f1f4d28c91a1a154370c456007c11800b3f6a9f,0,2306.9,9740.6,9683.5,62.8,158,130,53.6,1793.7,28,0,0,31.3,1191.7,2.8,580.2,-8.9,05-02-2025
0x946a32c6cf52f19023c2c5e754bb5164fc01b5d1,-736.8,2512.3,2541.3,5450,,3,3,,951.5,,,,,154.3,4.5,413.5,115.7,05-02-2025
0xcd470d722941737ab6fd358f1b662c5d4b0f1818,-1834.5,0,5678.1,5325.1,,0,0,0,1599.2,0,0,0,,949.4,27.5,2387.3,-3.3,05-02-2025
0x000000000de11e145ab169cbdf19083c4e46257f,0,-1534.5,-179137.2,185215.4,64.6,290,263,-18.7,25.9,62,4,0,214,182508.4,61,1501,82.1,05-02-2025
0xa21360c1e296bf1a3db0440bfa307a3775308ccf,5.5,674.7,965.2,734,,30,20,,1.7,,,,,314,0.5,18,75.3,05-02-2025
0xeb934727c228b681a1bb2072846788fbd48b0ecd,0,0,0,0,,0,0,,0,,,,,0,0,,,05-02-2025
0x317b43b15d0da02102e2d4bea332f73b977171fd,0,1333.6,1488.5,1380.6,40,15,15,0.1,8129.2,3,0,0,73.6,56.3,-1.3,,,05-02-2025
0x9ed2af9d4ab71740e4d63fab593be7e8701ea169,-46055.8,6316.1,31256,33108.5,,2,3,,7647.7,,,,,1574.4,9.8,6467.6,-12.2,05-02-2025
0x6286e625a3ef88c077fccaa78fb8972d26003a21,-132.3,0,0,-132.3,,42,0,,0,,,,,60.5,-56,70.7,-8.3,05-02-2025
0x3fa5ca05336b714367cc38d879dc9ea203e09167,-0.2,0,4161.2,2687.3,,0,0,,7,,,,,1416.2,-4.3,2131.6,13,05-02-2025
0x62ff90ff3141a1ff4aef510650e5b186bcdeda34,0.6,0,0,20.1,,0,0,,0,,,,,0,0,,,05-02-2025
0x2a0449a650454e681d89177a33fc20ab2c243660,-31.2,347.1,1398.8,9090.6,,0,1,,3.8,,,,,48,22.7,6292.8,664.8,05-02-2025
0xecd1dd51da6c6c6c48d19f6898d3e0ea4b009dfb,-114,441.5,2335.9,3344.4,50,7,7,110.4,258.6,2,0,0,8.2,176.9,4,434.6,-36.4,05-02-2025
0x7795b61fcf5560318ae59f4cdf126601933dee6f,4.5,-996.5,-1842.9,680,18.2,58,44,-45.3,0.6,4,0,0,48.1,808.5,-7.2,1233.4,-24.3,05-02-2025
0x93214880527ee4cff3e74f066affa75d785b3c4f,-131.7,-113.2,-113.2,-244.9,50,3,2,0,29.3,2,0,0,35,276.6,10.7,1054,-12.5,05-02-2025
0x350254da53d5c6ab6a27a446582fa60fe120930c,-134.2,1268.4,-2813.1,-65657.7,64.3,264,237,66.8,119.3,10,0,0,1473.8,222.9,1.1,264.7,1.1,05-02-2025
0x926944becec23ea59d67a63f8b5cce92e83831d5,-10532.5,0,-947.8,-11036.2,,0,0,,95.5,,,,,238.3,-3.1,278,-86.7,05-02-2025
0x8259ea3a1d3003474e6365d105dbc7f488a33bef,8.5,222.4,149.7,352,100,1,2,222.4,332.7,0,0,1,41,37.4,38.4,42.1,23.7,05-02-2025
0xb20f7681ebca214b491caf38e553e0a095f3c049,5982.8,4030.3,4030.3,10013.1,100,193,200,2.2,32,0,1,0,177.8,6,-8.8,7262,151.9,05-02-2025
0x259237b9119a9906ea9bbbdec58820a386d8eae4,8335.5,-162.1,1838.6,222292.5,66.7,7,5,-54,2748.5,2,0,0,9.5,694.9,86.1,1258.5,-19.9,05-02-2025
0x7443f72f3681a47cd1d74f4af590df1838cde86e,-191.7,17.3,-562.9,-1214.5,,6,3,,1.4,,,,,54.7,-46.3,38.5,85,05-02-2025
0x12fc72a4236242e2f0d4a739c1ee48a0c6aceae5,0,-27.3,-27.3,-27.3,,60,0,,0,,,,,3.3,-2,6.7,7.3,05-02-2025
0xfafa3d3c0feba9ced4b06116627705a489939adf,-22.2,0,0,-22.2,,17,0,,0.4,,,,,62.6,-64.3,82.5,-60,05-02-2025
0x8611573ea9087132b85963a790f002a3c0eaf18c,0,0,0.2,0.2,,0,0,0,0,0,0,0,,,,,,05-02-2025
0x6193e8a34e89056636ee53558c9b4697dbd0e749,0,0,0,0,,0,0,0,0,0,0,0,,0,0,,,05-02-2025
0x1e2f56da4f63633ca2c889f6784e3e2702ca8a4d,19429.7,19.7,1193.5,20767.6,,12,21,,3,,,,,19.9,-6.5,86.4,4540.7,05-02-2025
0x20bd4c3f4c06f246a0fb4fca4cb9f26b766423fb,0,-444.8,-444.8,-444.8,60,10,10,0,0,3,0,0,26.9,1143.1,-6.9,374,4.9,05-02-2025
0x1fc51de9f7de26e725efdf66b1457e18b46a3846,0,-113.1,-113.1,-113.1,,2,0,,2.5,,,,,0,0,,,05-02-2025
0xfd7c3c346b1bda7d5fa53cd95d63a70c11845577,0,0,0,0,,0,0,,0,,,,,0,0,,,05-02-2025
0x8ffa01e862f44ab684153bcb88c7dff26fee7853,0,0,0,2208.5,,0,0,,0,,,,,227.1,-2.7,580.8,-40.5,05-02-2025
0x0c0f1e3f53ae6132f511f3ad6019557defc2edc4,0,10424.5,11098.1,11098.1,63.6,210,171,0.3,77.2,15,0,0,39.2,524.6,1.5,4337.9,3.2,05-02-2025
0xe1631d3fad15a9733f3db13b5f61fe446c89a239,0,1625,1041.4,4457.5,,7,5,,40.4,,,,,96.9,-2.1,707.8,22,05-02-2025
0x99079745001f861ce5e0c1a27f8e4ebe55cac12c,-394.4,2745.8,-1035.8,23110.8,100,5,2,915.3,20097.2,3,0,0,122.2,4988,0.3,269.7,-46.4,05-02-2025
0xff555d8ece543a62a65a0f417a7fb67b9841dcfc,0,1638.6,1638.6,1638.6,100,8,5,0.9,51.5,1,0,0,8.4,584.7,24.2,,,05-02-2025
0xe906737de403eb2ad68d8f1837fa187ae4d34243,0,0,0,0,,0,0,,37656.6,0,0,0,,0,0,,,05-02-2025
0xcf2829d5fc3cd51f194284f93c9b971531397a6f,-259.5,1053.8,375.6,116.1,,36,26,,1210.7,,,,,251,-7.1,775.5,-6.8,05-02-2025
0xb916887d50a9b044f8f953154fb1db2b6f02ef55,-995.8,4.6,-862.4,-2410.5,,2,2,,1383.6,,,,,84.8,-16.2,87.8,-41.9,05-02-2025
0x4654b13724f142b39a2be1a0441ac37a92c9ce3d,-50,747.9,-538.7,-588.7,23.8,29,29,0,2.4,7,0,0,19,166.4,-14.4,422.2,21.6,05-02-2025
0x990a6411e92f682cbd5afbd399bfbaae36f4b549,0,42.4,42.4,42.4,,1,0,,0,,,,,47,0,,,05-02-2025
0xe42ba2ea2fe49fe5927c8290c21425747bad6e1d,0,0,0,0,,0,0,,2.4,,,,,0,0,,,05-02-2025
0x5013e628290986456dace07a8bc314d42b0fda1f,0,26.5,26.5,26.5,100,0,1,0,1.2,1,0,0,1006.4,0,0,,,05-02-2025
0xe74a65439076b420d1408e80f35e7a551a5db8f9,-230.6,5014.1,15943.9,29880.7,,29,56,,4243.3,,,,,863.9,8.5,2106.6,269.1,05-02-2025
0x9b42f2342ad1c349940ba2bd06495212deb41a55,0,0,0,0,,0,0,,0,,,,,5.1,2.9,,,05-02-2025
0x12b08e15287da7607ce00826f532d3b6f3e5f757,0,23.1,23.1,23.1,,0,0,,108.5,,,,,5,15.1,59.9,-20.5,05-02-2025
0xa9851c4e88f290efb4cd8f92bcd76d69f8cb3d73,-10.1,0.1,1517.7,1321.6,,0,0,,1259.4,,,,,62.8,1.6,1186.4,75.4,05-02-2025
0x587bd63326fea8efb3ab01c4e5320b9f3820ad9e,0,0,0,9946,,0,0,,0,,,,,334.3,-7.3,21627,62.3,05-02-2025
0x2e54d74114b1f3279ee14189a0e0caf42705b2e2,0,-1941.3,-2066.6,-2066.6,,15,15,,935.4,,,,,90.4,-13.4,970,0.3,05-02-2025
0x7db5d913f1c2c46aa6f189f914920f21c0d7d260,-3498,-226.3,-1064.1,-1080.4,0,16,11,1.9,8,1,0,0,2302.5,0,0,1172,-58.6,05-02-2025
0xbcf5fd2dc48432f5ef671783f4dda5c3e7acdfc6,-4904.5,22009.6,54511.2,481955.5,100,3,6,22009.6,5.5,1,0,0,812.8,127.9,-1.3,2869.4,-51.1,05-02-2025
0x6361a721454be049f59d1e47390facff186d839b,0,0,0,0,,0,0,,0,,,,,0,0,,,05-02-2025
0xa824fc71ed2326a869ccf517d063ef30b85b5abf,0,2205.3,2205.3,2205.3,100,2,5,1.2,0,1,0,0,143.6,0,0,,,05-02-2025
0xfa7320bcf73f9a88f61e3d2959ea2307c380537c,0,0,0,0,,0,0,,0,,,,,0,0,,,05-02-2025
0x0de26c74c097555a08f4c1ab6f441a06f3e5339f,0,0,-296,300.1,,0,0,,5.6,0,0,0,,42.9,2.3,261.9,-0.9,05-02-2025
0x1783d0743c79996ff5583e2d1c324174489df1b3,0,0,0.9,0.9,,0,0,0,0,0,0,0,,0,0,,,05-02-2025
0x09d9e3a76107e8cbb820b4a7c2bb499ff8c4c8bf,0,0,0,0,,0,0,,0,,,,,0,0,,,05-02-2025
0xb83a3f576f4ec863c2ba7be024a66f9bbe8dcef1,0,2.1,2.1,2.1,,1,0,,0,,,,,,,,,05-02-2025
0xbd50e50e9829fbde52943c8d29cffdfd66e16ac2,-618.9,0,0,2339.6,,0,0,,0,,,,,326.6,53.3,640.2,-14.1,05-02-2025
0x5683ccb506c9055e2cfcc8398fd9643f6e31f20e,0,44.2,44.2,44.2,100,6,1,0,0,1,0,0,28.3,508.7,8.7,,,05-02-2025
0x37532d02d091745524cd128a801e78c2606d5394,0,0,1201.4,1201.4,,0,0,,0,,,,,629.5,21.9,,,05-02-2025
0x889749faffa135fb4cf82d1bdffd02c16be28a88,0,-116.2,6518.7,14542.9,42.9,27,27,0,5119.4,3,0,0,0,1066.2,-3.8,10441.4,0,05-02-2025
0x45ff79e6154b77f2f5b18804967d522e161b8486,-121143.8,0,0,145931.3,,0,0,,7570.2,0,0,0,,1046.6,4.3,4731.8,-83.2,05-02-2025
0xfa61af9c63e58df3e65ea73efa85e0f6da64d2e5,0,0,0,0,,0,0,,0,,,,,0,0,,,05-02-2025
0x5ec7a5ca3857b11f4a3f8c2443f575f28e588fb7,370.7,636.6,631.5,556.5,,7,18,,509.1,,,,,37.5,1.2,40.6,-36.4,05-02-2025
0x6ab532448459a080a0e5af7c905ffe8cd570d1c3,9.7,0,0,18,,0,0,,48.7,,,,,0,0,,,05-02-2025
0xcadbd5bb8eab3d58da5ed52a175ba063f111934e,0,0,0,7196.7,,0,0,,9.2,,,,,0,0,47560.4,15.2,05-02-2025
0x61ac8f3e35c3cbd2e6808198dbf80c2c7dac7b03,0,3.5,3.5,3.5,,1421,0,,0,,,,,0,0,,,05-02-2025
0x6dad40d0b3f8724809c6f96ce473b3a864a759a3,-74.7,0,0,-74.7,,24,0,,0.4,,,,,81.7,-85.4,73.2,0,05-02-2025
0x6b4abd4fa5aa8a07a64a16ed00b30df856d3bc4a,-868.7,0,0,2304.1,,0,0,0,3.2,0,0,0,,0,0,825.1,-50.5,05-02-2025
0xce3c2876205118b7f77c786b588a7888659c1230,0,-382.8,2917,2578.3,41.2,72,30,0,532.5,7,0,0,0.5,266.1,-10.1,1208,77.6,05-02-2025
0xc404df6fd913e4abc7c8e5b770bc05e0886529c0,0,0,0,0,,7,0,,0,,,,,0,0,,,05-02-2025
0xc8e42017d04103377feecc676de30164476d23a1,0,-353992.1,-774214,-679494.2,88,72642,68914,-739,958,415,5,5,87.3,8940.6,63.1,1.5,37.8,05-02-2025
0x032b41e789af1b40c94d748078a900a7181eff5b,0,-460.9,-460.9,-460.9,,62,0,,9,,,,,63,-0.2,976.6,-11.2,05-02-2025
0x3ad6f3c5da405ec256732e47bb79a745b330cbc7,0,-3.6,-3.6,-3.6,,1,0,,0,,,,,2.6,-0.8,1.1,0,05-02-2025
0xec54d68fc3e8a92aec222aa682bd9d96ed0ab192,6.4,444,237.8,8615.7,32.3,262,200,3.3,505.5,46,1,1,3.7,52.4,-5.5,106.4,49.4,05-02-2025
0xe490dcb2be141bedfc48a942605c102abc531c7e,0,0,0,0,,0,0,,33.4,,,,,0,0,,,05-02-2025
0x38fd370aeda83b473fd968d84650163b13c5a347,21230.9,0,0,21230.9,,0,0,0,16.8,0,0,0,,44.7,8482,,,05-02-2025
0x7ce83f8de48bef6d0b0eaddfa31de35ae88c8553,0,702.2,703.7,1265.1,50,37,11,43.9,409.2,8,0,0,0.3,102.6,-13.2,82.7,23.9,05-02-2025
0xf2291e080c88412132ee7d3ac034db3d4b1dbf8b,-13.9,103.9,103.9,-3.5,25,1,4,0,0.2,3,1,0,0.9,8.7,1.3,174.1,-35.5,05-02-2025
0xe6b324f215919a301990a64b3b71791cf9bbd3d0,2527.6,3348.7,3164.6,4577.3,35.3,37,31,119.6,151.3,15,0,0,154.5,583.2,98.2,1066.4,-8,05-02-2025
0x97de4ddd106a07a08687c17640b4b91bcb4c5e88,0,711.6,-325.3,-325.3,,30,9,,21,,,,,561.8,-7.6,,,05-02-2025
0x6b5f0e2c1eb060e508fe9246e6cca9331eded221,0,62.7,62.7,62.7,,16,0,,9.6,,,,,0.7,4.6,1.6,295.4,05-02-2025
0x7ce695ef4d11e686e7b6da1f99a08765346f195c,0,0,0,1577.9,,0,0,,0,,,,,570.4,4.9,,,05-02-2025
0xbc4a523ec2c54a60f433ea35921a22fa66996338,0,0,-559.7,-315.2,,47,0,,154.7,,,,,3.8,0,,,05-02-2025
0xb87d129da2a1425a305d15899d68de0b023b7681,0,42.6,42.6,42.6,,16,0,,0,,,,,13.8,4.2,52.1,-0.2,05-02-2025
0x1d2a553adade1bfd1ae0a2ab284f2bfb6d6a9341,-5.6,0,70.1,64.4,,0,0,,0,,,,,10,-6.4,10.9,23.2,05-02-2025
0x09391407b82bc28c5028b76358483cb559c54775,0,0,0,0,,0,0,,0,,,,,0,0,,,05-02-2025
0xfb12bf1336fcef85561b5047dd512e59db65244e,0,0,338.1,338.1,0,2,2,0,55.3,2,0,0,,0,0,,,05-02-2025
0x70c559915e48cff31e2eeeb867a0ea04bc4efabe,0,0,0,0,,4,0,,0,,,,,23.6,0,,,05-02-2025
0xe0bdd99b6b80503c4733104ba09460dad1e07f86,0,0,0,858,,0,0,0,4.3,0,0,0,,0,0,4250,-68.1,05-02-2025
0xe7a165e861d8ea9c88290619eb2cc91e74494818,3828.4,-46.9,-46.9,35616.9,33.3,59,43,-1.7,95.4,9,1,0,3.6,489.8,-1.6,1668.7,-6.8,05-02-2025
0x517c6862d99920e952e0c8b6dd34de5d2876e988,-283.7,0,0,15267.6,,0,0,,0,,,,,1115.2,30,2424.9,6.9,05-02-2025
0xdc68d2de4064b55f61d5adfb10def6eb7694af03,0,1534.7,1534.7,1534.7,100,2,4,0.8,0,1,0,0,143.6,0,0,,,05-02-2025
0x80c049cca6e1275eb5a211d880a8c8f3f7d2e413,0,75346.1,82534.2,231472.6,41.3,260,225,570.8,157,92,4,6,282.7,64.5,10866.3,84.5,1509.8,05-02-2025
0xfc56d8e26f665adc9dfa6aa93f7bb7c76fda1668,-130.6,-180.7,-1939.3,26139,21.4,14,15,-12.9,1665.5,3,0,0,0.2,225.5,52,338.6,0.4,05-02-2025
0xabe578a3e6f6e755c3e071577c5e8f6729fbd892,-167,196.1,-512.5,-2393.3,100,1,2,196.1,0,1,0,0,0.3,428.7,5.9,318.6,-29.6,05-02-2025
0x6b2baf12a0b4258f05b57dbc5b5b8b1bf5892066,-0.5,414.3,295.3,1749.9,,2,15,,0,,,,,12.3,-1.6,,,05-02-2025
0x373bc540939f40f1a390316f7489589a85579e95,0,278.3,402.5,1539.8,,5447,1461,,1.4,,,,,245,60.2,109.7,-49.9,05-02-2025
0xa26bcc619925a3ca0b483ef96730d85b2ddac769,0,267.4,149288.1,-88294.9,56,539,428,2.9,139.2,64,1,0,122.9,1218.9,17.7,120.1,42.8,05-02-2025
0xbdcfb6a5b00219dc6b9ea09199166897463491f7,0,6.3,6.3,6.3,,2,0,,0,,,,,41.3,4.9,,,05-02-2025
0x6524d4f8590bff86266287dc0eed6e9cf9a90e11,0,102.8,102.8,-1012.9,100,3,1,0,0.4,2,0,0,58.1,424.6,6.3,,,05-02-2025
0xbfc76bb86d26d4ff00202e1583e4d8a98211d142,-5989,0,-32.6,313859.3,,0,0,,51.1,,,,,288.8,-5.5,462.8,93.7,05-02-2025
0x02ef3d0b78d042bf609462fb5152b32f4d432b72,0,285.9,285.9,-1053.5,100,3,2,285.9,0.6,1,0,0,0.1,213.3,-2.6,1250.3,4.3,05-02-2025
0xc824b819940fa6e12ae76d0079a3d675aa6e157b,-3248.9,3274.7,3118.8,4212.3,,31,14,,2209.2,,,,,139.2,-5.4,1179.2,-45.1,05-02-2025
0xb16753024b67b0fc081fb04e67305fae4dd477bf,3938.6,8301.2,14677.2,18615.8,53.6,82,58,0.2,163.9,15,2,0,35.1,561.6,0.5,1351.9,-13.9,05-02-2025
0xc3dbed76e3642121fd67b030897fb0b80be6e5d0,0.1,678115.6,678278.8,631370.3,74.3,4111,3970,1356.2,53.8,407,0,5,123.2,1569.7,0,0.8,0.6,05-02-2025
0x969277c6799074bece95d452c9e87b2309ed2cfe,0,-27.7,-27.7,-27.7,,6,0,,18.4,,,,,0,0,,,05-02-2025
0xe89b496a1a3953ac7dd7990e847c9b3ef6f9e478,0,632.8,632.8,632.8,,4,0,,2478.1,,,,,0,0,,,05-02-2025
0x81a1e51ee0c2811892ff2bd66844d17c8f73343c,-161.6,-16,-60.6,-373.9,25,34,170,0,2.2,2,0,0,23.1,26.6,-23.1,195.4,-30.8,05-02-2025
0x29c93fea4a19c66386437e81a495354ccc74c1f6,0,0,0,0,,0,0,,0,,,,,0,0,,,05-02-2025
0x81fdd7d8f33afb1bed4723beab5dd625ac590f05,0,914.9,914.9,914.9,,10,0,,0,,,,,233.2,0.5,806.2,-18.4,05-02-2025
0x8746b16f5677a1539c7e3571189723d59aa97740,-106.2,-453.1,-449.2,-1296.8,25,6,7,-0.1,0.5,0,0,0,66.4,393,-9.5,79.8,-45,05-02-2025
0x05f7d2ed53c6fbe527a484f3a735e59b3b503879,0,-100.1,-100.1,-100.1,,30,0,,3,,,,,4,-2.3,44.1,-16.9,05-02-2025
0xa01d1a43e5475b3e6045eaef0c93b05d88cc4db7,0,0,0,6593.4,,0,0,0,0,0,0,0,,276.6,5.3,928.9,9.3,05-02-2025
0x47ab821fa7ee8d3c9d9930a83851a58847a808a7,-1583.9,0,85.6,-358.9,,0,0,,0.6,,,,,0,0,1740.9,-29.9,05-02-2025
0xdce97b99a8f5b9a320515376bdece091d4b76795,-99.9,0,-724.5,-412.3,,3,0,,125.3,,,,,1244,1.2,50.9,-50,05-02-2025
0x78c6a093a73f9f2cbcc10870965b34b5842226ec,0,-7.5,-7.5,-7.5,,5,0,,0,,,,,10.1,-0.2,,,05-02-2025
0x7e8fb0392542812476d9f2d0d71c01d1fa0776c5,5008.5,4492.4,1164.7,99895.6,60.9,18,27,179.7,10849.7,13,2,2,40.7,416.6,140.8,1119.5,-21.4,05-02-2025
0x7f16b1412662f58704cfe1ace57bd68f4f55872a,0,0,0,0,,1,0,,0,,,,,14.5,1.8,,,05-02-2025
0xbe971df8ca1c02301003cd64a72c96e7ad31c3c9,0,171.7,702.8,1422.7,,5,8,,827.6,,,,,167.4,4.3,389.2,21.5,05-02-2025
0x00000000b212264faaaa2a31cf2bbac13118ef95,0,1295.4,1296.5,1722.3,79.4,21563,18531,2.6,29.6,332,3,2,103.3,7689.6,2,2,-14.6,05-02-2025
0x88536b089ab3c5abf24d49df2290f822f17af726,-354.5,96.9,-47.8,-611.8,55.6,91,84,0,34.8,23,1,0,76.7,38.9,3.5,34.6,13.2,05-02-2025
0x2147cf9f3d226c5ab1ae401523243af8d2ac4d75,0,-529,17.4,-2138.5,,11,6,,0,,,,,44.8,-4.7,337.2,24.7,05-02-2025
0x1579c5b97e37b4ca8a8ae9b57fa687acc40c9bb0,0,35.2,35.2,35.2,,0,0,,0,,,,,0,0,29.8,13.9,05-02-2025
0x3c7d8f1983a7ee4b4bc8a8d4227e635f5e169a53,0,59.2,925.7,925.7,,0,1,,0,,,,,60.1,-67.2,601.8,103.4,05-02-2025
0xa3056a9adec0c6591a82e1a4a15a1dad5e754d75,0,0,0,0,,8,0,,12.6,,,,,14.2,0,97,0,05-02-2025
0xdbf739749f972d82f17e822f6931eef046b611f2,0,4076.3,4076.3,4343,,7,5,,0,,,,,0,0,,,05-02-2025
0xe4ad893d93a6a8024a722314f1f251e778477516,3806,-2105.9,-2105.9,1700.1,,26,12,,5.2,,,,,273.4,-20,2509.5,53.1,05-02-2025
0xf0979868a39f6f0fd0aa24276c3578c092b4d3b4,0,0,-4.8,13104.8,,0,0,,97.4,0,0,0,,395.9,35.8,362.1,-2.8,05-02-2025
0x9e0d6ea4652ff56bc49c2463fb7d813035ebfd94,0,482,502,502,,3,2,,0.1,,,,,0,0,,,05-02-2025
0xb538e87f3aabf768376e15ddc5c03678b4d63620,0,0,0,0,,0,0,,0,,,,,,,,,05-02-2025
0x3ede889084831bcdbe4588c973e499c0f458dc64,0,17.7,17.7,17.7,,2,0,,4.6,,,,,0,0,0.9,0,05-02-2025
0xfb7020d3a87617e3a2d1443da2b81ae8af24e369,0,0,0,0,,0,0,,0,,,,,0,0,,,05-02-2025
0x00e2ac0a7f106ccd1976f6f4d0f27afc160252f8,0,935.6,-534,21674.9,67.6,9732,7873,1.9,14.6,322,4,6,102.1,3075.7,47.7,47385.2,1,05-02-2025
0x44a31eb35e163544a55f65038ab70e44fb7aafaf,0,-916.5,-916.5,-916.5,,1,0,,0,,,,,0,0,,,05-02-2025
0x26f9dd2e9588a9024359cec5828081b123a1a5d7,-124.9,14.9,-1.7,26.1,,3,6,,64.6,,,,,16,0.3,27,52.4,05-02-2025
0x87432f3c8e2f348fbfc10390f657199c1323389f,0,1.1,1.1,1.1,,3,0,,1.2,,,,,1,7.1,0.6,0,05-02-2025
0xacfd98b258fd8c11019b1e1a9416b893a2562a0a,0,414.9,405.7,405.7,,5,2,,0,,,,,0,0,,,05-02-2025
0x164ed2142ef3c7eb06e4955acc69daaaa6508dbc,0,5.3,5.3,5.3,,6,6,,0,,,,,0,0,,,05-02-2025
0x5a97204faedfbec9de3be859f66db08ded2726ed,0,-139.4,-320.3,-320.3,,252,234,,44.5,,,,,0,0,17832.8,-0.5,05-02-2025
0x7dc344eb855fae76903a6c7e333c4025ad36165e,0,2.3,2.3,2.3,,4,0,,0,,,,,25.9,0.6,,,05-02-2025
0xf88b631a80c8d9379fad450ec8b43774c9a08a6c,-53.2,16.2,46.6,-6.6,,16,12,,11.9,,,,,2.1,-28.3,2.7,15.4,05-02-2025
0xb291f7fedd5a8077f8ad6fa2f80f752529330106,-4.6,0.3,0.3,9.2,,5,2,,0,,,,,1.1,114.5,1.5,71.5,05-02-2025
0x75337f96f72c97c4e068b2bc53764350ba0d79e4,0,0,320.2,320.2,,0,0,,1.5,,,,,60.2,6.1,1366.8,-14,05-02-2025
0x09b461b1650990fb7adea03c960df5fce761a641,0,-5,-5,-5,,3,0,,0,,,,,3.9,5.5,,,05-02-2025
0x9940fc9c0856f6c2b79987f9baceacbfcfeea327,-363.6,32.2,-918.2,-794.4,,5,2,,26.2,,,,,20.4,0.2,108,-12.1,05-02-2025
0xd71a02a7fa2446c8490eefdfcc61be25bf5d9cfe,0,-146.5,-261.8,-1407,30.8,65,35,0,123.5,4,0,0,0.1,171.4,-9.1,419.6,-15.4,05-02-2025
0xa2c67b016dbad6265e058ba7e64742a08d9cf750,0,0,0,376640.8,,0,0,,11.8,,,,,225.8,-5.1,1007.2,-51.5,05-02-2025
0xebf7cc62a08ebc2bb3e8d215176e3ceac99afce5,0,9516,9538.1,12024,100,4,6,2.6,1892.7,0,1,1,29.9,281.2,50.9,259.6,4.3,05-02-2025
0x53b5442e925e35d5ff50ec54cbc6f8ceaa51075d,385.8,-6589.2,6206.9,93091,33.3,172,54,-299.5,355.4,7,0,0,107.1,10462,-10.8,5991.6,-1.8,05-02-2025
0x4515a5c4278f8b19db9200a17ad85b89135075a5,-3755.1,-35.4,-422.4,3891.8,0,13,7,4.8,3.7,1,0,0,2303.7,79,-1.9,3714.4,-84.5,05-02-2025
0x9ea1e6717343bafb378de6d16f3b73971efe9895,0,0,0,0,,0,0,,0,,,,,118.8,0,,,05-02-2025
0x48bb14f4d4a0f5516d0025c784df3c69d399f86e,0,1811.9,1746.3,10713.1,50,3,5,0.2,0,2,0,0,62.7,195.6,-8,1268.1,4.7,05-02-2025
0x75adbd5c2df1e3a6c202f37457beef16ef84edf2,0,0,0,-77.9,,0,0,,0,,,,,153.2,-8.9,,,05-02-2025
0x7db5e51e3d921c39e8061bb0cafe526626afe288,-542,2433.6,590.2,1321.6,,2,4,,4244.1,,,,,355.3,5.8,275.9,1.9,05-02-2025
0x11f03cb677993aa4ec8d02bfcd52bf1a9a9bf372,-12,45.8,50.4,38.4,,73,78,,1.8,,,,,18.4,-16.8,32.9,-21.5,05-02-2025
0x6ae1cf08752f28416a9053fa8957a94f7eeb5180,0,0,0,0,,1,0,,0,,,,,157.1,8578.2,,,05-02-2025
0x986c1504eab6e37c90020012364e1f8be6dc54b9,0,0,0,0,,1,0,,0,,,,,0,0,,,05-02-2025
0x7537f20c27a5aa358257a2c11f0d5050d0c99db6,0,0,0,0,,1,0,,0,,,,,2.1,-5.1,,,05-02-2025
0xc6b573ea72d1ecf6dfbaeeb2f0b194cc8db33d3a,-1344.3,0,55.4,-2335.6,0,0,1,0,1396.7,1,0,0,,638,-4.3,1507.8,-6.3,05-02-2025
0x95f5d87bd41793bdfd3d7513d3e054521ed14212,0,-32.7,-510,-13457.2,,2897,1,,120.6,,,,,107053.2,0,164.8,0,05-02-2025
0x30061a957f8ab5a4e8c34f54451b5f4f03637dcc,0,-2.6,-2.6,-2.6,,1,0,,61.3,,,,,47.5,1.3,98,103.9,05-02-2025
0xef065cfc21a8a018ab83dc637a18305fa7acada4,0,0,0,0,,0,0,,0,,,,,0,0,,,05-02-2025
0x2bb87bc431b3c77bed12560fcd60b512fb76ade4,0,0,0,0,,1,0,,0,,,,,157.1,10049.1,,,05-02-2025
0xdd02a3cdafde26f3df881d61a23519855f8cb10f,0,0,0,0,100,1,0,0,4.6,1,0,0,807.2,16.3,-1.9,64.1,0,05-02-2025
0x1c23c9b6c5864a2289bcd32eea37b5b5a1034982,0,442.2,2508.5,7797.4,66.7,9,10,49.1,4861.8,6,0,0,1,334.6,24.9,903.6,-4.2,05-02-2025
0x15860ef16f4206854cf69d4ccd8b29b1b1a3b44e,0,16.6,59,119.3,,6,5,,85.7,,,,,12.4,9.9,12,-2.5,05-02-2025
0x1ef02134cb314f7a5bcb86ea9dde99d9e0cf469d,0,82.6,82.6,82.6,,2,0,,0,,,,,0,0,,,05-02-2025
0x685cc017fc6a21b1d99202817a5c1757e8532b6c,382025.5,0,0,504846.2,,0,0,0,33960.1,0,0,0,,70,1798.9,,,05-02-2025
0x52742160d67911ea91ca12df72a6872529d54997,0,-48.5,-48.5,-48.5,,11,0,,0,,,,,17.7,-6.7,,,05-02-2025
0xfe19b37ea305f83e26728af4ab052b5a539598cd,0,0,0,0,,0,0,,0,,,,,0,0,,,05-02-2025
0x8cfc74406ed84fe1ba7d3b02aa86753e488235be,0,0.3,0.3,0.3,,1,0,,0,,,,,0,0,,,05-02-2025
0x89e369b6d53b984bd9d63853422c5f271315d0b1,0,94.5,94.5,94.5,,0,0,,0,,,,,452.8,0.2,1845.6,-85.9,05-02-2025
0xb81512eb5d5f3246b0f164969f1222f98fa9a1bc,0,-37.6,-37.6,-37.6,,19,0,,0,,,,,58,-2.8,145.2,-54.8,05-02-2025
0xa90b77debabb6f9aa8e94603929e646988675871,0,0,0,41625.3,,0,0,0,0,0,0,0,,0,0,3000,1387.5,05-02-2025
0x736b991754db8f35ef099380ae6c629ec7975e88,0,0,0,0,,1,0,,593.2,,,,,397.2,5.3,,,05-02-2025
0xe0278b0af44a6375f3dab957da87fa8db5b1a8b3,0,82.2,82.2,82.2,,1,0,,0,,,,,0,0,,,05-02-2025
0x3b0c9da63ab8ec5f48777559a6154f6504f04ee8,0,85,85,85,,7,0,,3.8,,,,,0,0,,,05-02-2025
0xe970f51d2a0d9203f18fbf94dcf6082d8c46d680,0,-205.1,-737.6,16422.4,,1,1,,1394.9,,,,,563.9,-32.6,1154.7,29.7,05-02-2025
0x507e298a93f511dfc8eb506363a0ebb7790e6476,0,-5568.3,-5568.3,212.6,,47,0,,1846.8,,,,,0,0,,,05-02-2025
0xfb50526f49894b78541b776f5aaefe43e3bd8590,0,1363.7,1190.9,14653,21.7,902,48,34.1,1308.9,30,0,0,335.2,4549,-0.3,12673,1.6,05-02-2025
0xb175a42cc7ca0cfcf7b6909a0eabb38f7df893d8,0,0,0,-162.5,,0,0,,0,,,,,70.2,9.2,,,05-02-2025
0xe2a0f035d7885c4d80a0d2fb34009a72e21dee60,0,635.1,635.1,635.1,,2,0,,5,,,,,0,0,,,05-02-2025
0x102558c2d24ee12f3f8ffebc3300e371d8934f28,0,4108,4108,4108,100,3,6,2.3,0,0,0,1,143.6,0,0,,,05-02-2025
0x7aac8600e6c931edccd69b321bb915b1e8c8a657,0,1079.5,1079.5,1143.1,,11,13,,9.6,,,,,1.5,5.9,,,05-02-2025
0xd7506d40197f7180935311c017cd06d949ce6a96,0,0,0,0,,0,0,,0,,,,,0,0,,,05-02-2025
0x25ca15c95c621f4716d5d154c4106c9f0fcf18db,-391.6,41658.6,41658.6,41267.1,100,828,899,22.6,1279.6,1,0,0,163.9,0,0,,,05-02-2025
0xfae5db9697ad02c7ed7c93c5fb357b6ec5fefcb7,0,-2844.3,-2844.3,-2844.3,,0,0,,63.9,,,,,0,0,,,05-02-2025
0x845ff974f91347491b77eee50907261120cbb824,-3699.6,-1343.9,11173.9,9344.6,30,22,19,-0.1,547.5,3,0,0,55.8,777,-17.5,1284.9,-22.4,05-02-2025
0x8f121864fbbecc62fa823af89c83a1bcc3a74031,0,227.4,213.4,213.4,,17,16,,786.6,,,,,85.7,5.5,180,-17.3,05-02-2025
0xe99f50ad431228dcd2869aba3d8c66a25ce29060,25679.3,0,0,25679.3,,0,0,0,17.4,0,0,0,,46.3,7346,,,05-02-2025
0x423d069ff5f2884850375eb672691a34036c6133,0,0,0,0,,1,0,,1221.6,,,,,,,,,05-02-2025
0x8454dcecb1c90a739fbecbc150bd602aa4ac4087,0,0,0,0,,1,0,,0,,,,,4.3,-6.5,,,05-02-2025
0x6073e0f10eb2021febf18daf89891d6aa21df1db,1312.6,100.2,449.1,1761.7,,0,1,,2324.1,,,,,0,0,,,05-02-2025
0x75c442e83d46611d2f5fb30a4fa2eb907b2166bc,102672.9,0,0,102672.9,,6,0,,22,,,,,1.8,-1,4448.2,555.6,05-02-2025
0x0d0dc0ced52ad61b0398b9691d5472446ca1f5c1,0,2067.2,2067.2,2067.2,100,2,5,1.1,0,1,0,0,143.6,0,0,,,05-02-2025
0x6ac5f6a04ffae59af41a521ee486b8c7bc376344,0,0,0,0,,15,0,,0,,,,,26.8,0,72.4,0,05-02-2025
0x2431a1d882646077ddc24dcdf202a2976a70158c,0,5476.6,5476.6,2738.6,,20,18,,1936.5,,,,,0,0,,,05-02-2025
0x1794a7180f6d952fcb81ff098b9e864bd6b450cd,0,0,0,0,,0,0,,0,,,,,0,0,,,05-02-2025
0x2feb1aacc6e68715e9020def48fa593ad3d095b4,-42.2,1217.9,-128.8,38010.2,70,14,15,121.8,3776.2,6,1,0,84.3,103.8,-3.3,478.8,-23.8,05-02-2025
0x8c4d54308159849eab5e3102085ef5b8c0214ac1,0,-4.1,-4.1,-4.1,,3,0,,8.6,,,,,2.8,-4.7,,,05-02-2025
0x9fc0466ed48ad8d8587589068abf254b920bfaf3,-0.2,0,0,11.8,,0,0,,173.3,,,,,0,0,,,05-02-2025
0x0ef1728d22a0187d66398bbde791e45e5bf7ded4,0,0,0,0,,1,0,,60.4,,,,,0,0,,,05-02-2025
0x35996b1e808f66f5a162ee796a54b9ffd8049733,0,572,1286.2,1536.3,,10,10,,119.2,,,,,32.5,-5.4,99.6,-98,05-02-2025
0xfd7a01babc572d6cce1bd593d4d410792bf09a73,0,0,-1265.3,-1265.3,,0,0,,0,,,,,13.3,-1.4,,,05-02-2025
0xeab24f59dccb14ee31f4043a84e0b033f2b5608a,-46.2,465.4,341,294.8,,44,43,,492.5,,,,,16,40.1,12.9,307.2,05-02-2025
0x9534a1bee782fa04290d9095984e222042a0ff6b,0,0,0,0,,0,0,,0,,,,,0,0,,,05-02-2025
0x9651a6a60593fe347667010b589ac17820937d6d,0,1059.4,1059.4,1059.4,100,4,2,0.6,0,0,0,1,143.8,0,0,,,05-02-2025
0x042a697f6f6b9b40d23aff71b84af404cf782147,-0.3,-28.5,-15.1,1552.3,,0,1,,0,,,,,41.6,-16.3,467.9,-8,05-02-2025
0xd0d11e8ed62436826bdb4a1c99bc6de9c50161d2,0,0,0,0,,0,0,,0,,,,,0,0,,,05-02-2025
0xb00fb983acdfd8408fdd2a2572d27c9459cba499,18,-239.7,-272.4,-251.5,,121,61,,0,,,,,40.3,64,162.5,52.7,05-02-2025
0xcfe7d6f519ebe4069027aeeb8fab43935a6d4bff,-56,0,0,-56,,17,0,,0.4,,,,,63.7,-66.7,79.4,-50,05-02-2025
0x94160e907fd10cdbfd66e3b3cf504b7b2bd86d44,-96.7,225.2,-160.1,1935.3,53.8,19,29,17.3,358.6,7,0,0,5.1,52.4,-11.4,226.8,-23.6,05-02-2025
0x1c4637fb8a7f4a5bd9e9f74a49cf4c91ba36a943,-430.3,178.1,881.3,639.6,,5,4,,8.7,,,,,26.8,-6.6,103.7,12.8,05-02-2025
0x5fea7ea7afd30ae61a5c96739d26fe9046b9386a,0,0,0,0,,1,0,,18,,,,,49.3,6212.7,,,05-02-2025
0xf4e3d123c63f81831c8c16b394fa4a23455d61e8,0,62.6,62.6,62.6,,1,0,,54.3,,,,,9.5,81.4,,,05-02-2025
0x26978e3851d4eec4ff31380217d85dfbfbb06054,0,213.9,741.2,741.2,56.1,57,71,0,200.6,23,0,0,0.7,39.8,13.8,,,05-02-2025
0xbea0fd653629389b91a1f4661f741eec723fa9d5,0,0,0,0,,3,0,,0,,,,,0,0,,,05-02-2025
0xd2054008097aaad01f9cebf1e285e4bef08a9f42,0,0,0,0,,0,0,,0,,,,,0,0,,,05-02-2025
0xde8f38a09b77d9bcabcd3caccdc2ee143c554795,-36.9,0,0,2549.8,,0,0,,15,,,,,51.5,85.6,108.3,-18.8,05-02-2025
0x533e741f6f81e1e367f84c0ab68c7a8a971dda69,0,423.8,423.8,423.8,,4,0,,519.2,,,,,150.5,70.4,238.6,0,05-02-2025
0xaaf1b761044b97e6f84207e84fa84c3dd3c78be2,0,30.2,79.9,5877.5,64.7,3456,3280,0,2.9,226,2,1,120.9,534.8,41.5,8.2,2.4,05-02-2025
0x05121241fc1d7ba88fe73fc5f83f4c1b4d580a68,0,1346.1,1346.1,1346.1,100,4,2,0.7,0,0,0,1,143.8,0,0,,,05-02-2025
0x82d9bd284ab96999c357434a005403ba032f2810,0,25.9,24.4,23.1,,21,5,,29.2,,,,,4.8,-11.2,48.2,11.3,05-02-2025
0xde66a3db957a874f3594b6dc560c6f11b499ca38,0,0,0,0,,0,0,,0,,,,,0,0,,,05-02-2025
0x9da159a374a73352c4ec4d5eac43b637f2acd876,-52.2,0,0,-52.2,,16,0,,0.4,,,,,73,-76.5,63.5,0,05-02-2025
0x864b69d26c6c47bf7aaa9642ad2a763a5c687b2e,-6,253.7,71.4,65.4,,1,6,,12,,,,,22.3,1.2,210.6,53.8,05-02-2025
0x451671bf10b335d7e2b60744c793f4460fc383ea,0,1292.5,1292.5,1292.5,100,32,2,0.7,0,0,0,1,143.8,0,0,,,05-02-2025
0xa4926d2612bd0da3cab50d27dc09b48ada680de7,0,2.9,2.9,2.9,,6,0,,0.3,,,,,1.2,-0.5,51,-9.1,05-02-2025
0xd2e00d484c0048519ad3e311cfae4c7d3116a4f4,0,0,0,0,,0,0,,0,,,,,0,0,,,05-02-2025
0x206bb2c72751ceabbeec414d147a6ba4de59f7ec,-6.2,690.3,752.2,-2222.5,50,8,5,230.1,238.9,2,0,0,1.3,159.7,-26.9,196.7,-17.8,05-02-2025
0x98e6b22b28c58edd1c7e3835a2566cd6f5467351,-191.4,0,0,257.6,,0,0,0,5.6,0,0,0,,4.3,-2.5,20.3,-95.9,05-02-2025
0xf9938356c9033204ccdf9e0cdd2d3faebb16202e,-48.9,0,58.9,4586,,0,0,,13.7,,,,,1.5,-2.9,821.5,7.2,05-02-2025
0xd62f270e7c8741dfb0df4c7df48e2876ab3f8e32,6597.6,4246.6,4246.6,10844.2,100,209,212,2.3,60.6,0,1,0,177.8,7.5,-8.4,7336.7,160.2,05-02-2025
0x84009287d0abb7d1802757519157c8142974d751,0,526.1,526.1,526.1,,27,27,,361.3,,,,,215.9,12.3,60.2,-0.4,05-02-2025
0xd5c391ae2e0b0b16985330ee0f4d357be6b8ef14,-56.5,3.5,3.5,-53,100,24,1,0,158.6,1,0,0,10.5,41,-14.3,,,05-02-2025
0x6c60878b5b542e9288d211a11ecb14b590646b92,0,2074.4,5624.7,5624.7,100,325,325,0,522.7,161,0,0,,485.4,2.2,,,05-02-2025
0x2d4faf5f48d52778ee6eb10f9431045327a5ff83,21432.2,0,0,21432.2,,0,0,0,16.2,0,0,0,,40.2,10501.2,,,05-02-2025
0xb4e2035ddea45407d12d1d7702e3f1d154f98c18,-49.7,41.6,-23.5,96.7,,15,12,,25.2,,,,,9.8,-7.7,27.8,-22.3,05-02-2025
0xfafa54ad49acd541689c5062399769b80ef94a92,-136.2,0,0,-136.2,,17,0,,0.4,,,,,83.8,-93.2,79.6,-50,05-02-2025
0x4db3166a84b28c3296607044fb636549d3930ff1,41433.4,0,0,41433.4,,5,0,,478.7,,,,,0,0,,,05-02-2025
0x2dd382d737b7e8205dc9cd8ee115bc0de72cb930,0,0,0,-6.7,,0,0,0,0,0,0,0,,2.6,-4.5,11.9,0,05-02-2025
0xcc577c130c019529ff1e721f9beea24a7dc1402d,0,-4.2,-4.2,-4.2,,4,0,,0,,,,,0,0,,,05-02-2025
0xf9ba2a43f34b5586e726dd37333918881e7e5c2d,-73.4,-168.1,682.1,-580.6,,81,82,,8.4,,,,,82,-8.4,637.7,-17.7,05-02-2025
0xc603f2c8228e87eaea9174d4861119530c02b74b,0,0,0,2164.3,,0,0,,0,,,,,13.3,-2.8,40.3,1371.8,05-02-2025
0x012159cb81284416373e68d636419c1be5ecffd8,0,70.5,70.5,70.5,,3,0,,0,,,,,65.7,-3.2,,,05-02-2025
0xeebca99a90e55a856d9346dfa506cbf441154cb2,1172.3,-1458,-11085.3,-9904.4,22.5,119,122,0,1765.7,24,3,1,2.4,63.8,28.2,,,05-02-2025
0x699d4e4d379c7625835825ce90844962842a5859,718.1,4720.1,4721.5,4240.2,100,4,2,2.6,131.1,0,0,1,47.8,84.8,-12.1,662.3,184.1,05-02-2025
0xd2e2040af6de9a9ee537ea3986b1b3450420ff87,0,0,-783.7,-783.7,,12,0,,11.1,,,,,237.5,-11.8,,,05-02-2025
0xe91b8aaf4b5a5ad63bd325590b25ee45bd2f060a,0,1349.2,1349.2,1044.2,100,2,2,0.7,37.2,1,0,0,143.6,169.3,0.1,1000,-19.5,05-02-2025
0xe648b9d997d14b2a9fe68cfa2a205cf114bc4c95,0,0,0,0,,0,0,,0,,,,,0,0,,,05-02-2025
0xfd9579b71abc3d3ec2ce666e13999ab6cf67fbf5,0,0,0,0,,0,0,,0,,,,,0,0,,,05-02-2025
0x0ff2de4732ce3976411cb54725fe2f3b25ddc978,0,0,0,0,,0,0,,0,,,,,0,0,,,05-02-2025
0x6b0ca68045199c94ec171249d240e2c976db11c5,0,-57.6,4268,4268,,59,53,,77.9,,,,,65.2,-5.8,66.4,7.4,05-02-2025
0x8dc6e6806e3a8c78be0caf5656be8cbdaad5b352,216.8,10738.8,21349.3,21566.1,100,961,1029,11.8,2967.9,1,0,0,185.4,0,0,,,05-02-2025
0xe76353377304279257ab4b8690945b88105a5080,18835.3,0,0,18835.3,,1,0,,15.9,,,,,39.4,11408.4,,,05-02-2025
0x501c0197a362ecc2629fe09188d9e22b8c56d62e,0,0,0,-19.1,0,0,0,0,17.3,0,0,0,20,5.3,-11.6,6.3,-90.4,05-02-2025
0xb4631dacde34cd7391a96ad0d5df67f176b84a00,0,0,0,0,,2,0,,0,,,,,0,0,19.9,0,05-02-2025
0xd92672b203e21734212d6abde86af83355aee9f7,0,0,2090.5,63804.9,,0,0,,4720.3,,,,,407,6.5,,,05-02-2025
0x14c5eb56328a87aa284ea51beeb8c9e0188295fe,0,0,0,0,,1,0,,0,,,,,0,0,,,05-02-2025
0xbfbbceaab2a1ebb785a76f4f91d2da45380a46b7,916.9,1081.7,1076.2,1993.1,,0,1,,3.9,,,,,0,0,,,05-02-2025
0x8c0fdcbcbced94e04576ff371f1304f363d31549,0,2.8,5.5,8799.3,,4,0,,42.7,0,0,0,,7977.8,2.2,2548.1,1.5,05-02-2025
0x043526144c0d06d58db4d37920c38a5926273d2d,-21.6,-706.7,-1792.4,39624.4,,3,3,,6805.8,,,,,826.3,84.4,1895.7,-5.8,05-02-2025
0x11e9bc316fd85f7206749697bfc4cc97fc8352a3,4217.8,7821.4,11191.6,15741.3,34.5,199,192,46.6,8966,54,0,4,0.6,192.3,11,,,05-02-2025
0xa59dcbfe6d9a16eed877413baadfd4d0774cd4c9,-134.3,271.9,225.1,-225.7,,11,12,,93.4,,,,,76.2,-11.2,464.1,13,05-02-2025
0xfbe2608f5df3e90ba70778d74d4a4d37c07d622b,0,0,0,0,,0,0,,0,,,,,0,0,,,05-02-2025
0xc1292534aab336ea49522e7796e650c5768cbc1d,0,-75.7,995.7,3130.7,50,12,6,-12.6,165.1,3,0,0,0.3,308.3,3.5,416.6,25.3,05-02-2025
0xc5c4715f5d0ad4fca12d998113758e0dea96dfd6,76.6,-6.5,-428,-1223.5,0,10,5,1,3.4,1,0,0,2303.7,0,0,3769.5,-1.2,05-02-2025
0xc56e701d1ca5320a16804509c9d92708ee913ddf,-26,0,0,94.3,,0,0,,0,,,,,0,0,11,-59.7,05-02-2025
0xf4896a2f87c479da8b67a295e7869cee4564e4a3,0,-289.1,-289.1,-289.1,,127,146,,0,,,,,0,0,,,05-02-2025
0xf92a6d7b3d59560d79b41cd26a095e93efd3d159,-345.4,0,-1.3,-2034.7,,0,0,,8.4,,,,,23.1,-7,966.5,6.5,05-02-2025
0x0eb4075c87ccd23a7ae1e00d77b043e4e8cc5894,0,183.4,-4412.1,80124.2,63.2,41,77,7.3,373.8,21,0,0,134.8,25.7,11.9,,,05-02-2025
0x3840a6b186c0309ed442cd90a7159a8ca480b1f4,0,0,0,0,,0,0,,0,,,,,0,0,,,05-02-2025
0xe9b12aa4c34d7fc9aaa24fa3616ffaeb06da6d67,0,0,0,0,,0,0,,0,,,,,0,0,,,05-02-2025
0x1eeff98b9b2b15e06393c0a1578984cbe11ac7f0,0,-20.2,-20.2,-20.2,,2,2,,0,,,,,20.5,43.1,48,-59.7,05-02-2025
0xfe0bca456e7a126d9a50d3b918bc59f92e0bc9dd,-0.1,85.8,-470.3,895.9,,4360,2461,,1.8,,,,,865.5,-22.6,198.5,1.1,05-02-2025
0xe40e00240281b2d892db47fde5f30f44e8d99fc2,1691.1,290.9,469,2160.2,50,4,2,145.5,6.8,1,0,0,259.7,0,0,,,05-02-2025
0xb52092a4decd8d845cc8e0388304157e68a2cd02,0,-34.4,397.1,18176.5,0,0,0,-34.4,976.5,0,0,0,0.1,330.6,8.5,414.7,38.7,05-02-2025
0xdc0356f66a41d16281ba2958092ecf6a3c60e1d3,-296.3,-3536.5,-1322.8,-5300.1,,8,5,,4744.9,,,,,34.4,3,1129.9,52.5,05-02-2025
0x2196e5d72bfed45e0fc77a234ffc0a6e4115eb22,0,0,0,0,,3,0,,3.8,,,,,0,0,,,05-02-2025
0x97c01111cbcf0356dd4c892c86e50623c0693b26,0,-4603.6,-5087.9,54905,55,16389,10480,-9.2,446.2,284,5,3,143.5,3952.6,0.1,53863.9,-7.7,05-02-2025
0x7b45e0c7eb47340c45550d5c03fdec7bd63f0849,0,10440.8,10440.8,10440.8,100,8,17,5.7,0,0,0,1,143.6,0,0,,,05-02-2025
0x3226470597b488a8db1e43d421ec374224370224,-113.7,-91.4,1252.7,896.6,,15,12,,257.1,,,,,80.6,-11.8,116.5,-56.2,05-02-2025
0x94620bce2aa6d918a0b40255c5e490ca3fe4e177,0,0,0,-947.4,,0,0,,0.6,,,,,170.2,-1.2,440.3,8.7,05-02-2025
0x0c86162bb8904e464c40d1e0e9602424eb140438,-11368.9,0,-120.6,-9749.6,,0,0,,37.3,,,,,130.7,-9.5,286.7,-96.7,05-02-2025
0xf965e1e2a9904f47ece1fe93a5ab7f0340cc5c68,0,110.6,110.6,110.6,,1,0,,222.1,,,,,61.8,11.7,700.2,95.2,05-02-2025
0xe24ed0924408462afd88475d53f6b00156a932e4,0,0,0,0,0,13,5,0,59,18,0,0,88.3,136.8,0,,,05-02-2025
0xedd46dbb7cf2b4d4a3a005e9a7278992ca93a98e,0,470.8,470.8,470.8,,6,2,,0,,,,,0,0,,,05-02-2025
0xab91d7afa8229c3fc884b1dfdd5e3ef7f848eacf,0,3722.7,3722.7,3722.7,,14,0,,0,,,,,482.9,16.1,1395.2,-3,05-02-2025
0xa5d1e15ec5607b0f13ef59c5ec933e7f8c3b87fb,0,0,0,0,,4,0,,0,,,,,0,0,,,05-02-2025
0xa3429f5435754b7f6154ca2b0dad04a448f241ee,0,-65.6,1034.4,1061.8,0,1,2,-65.6,5,1,0,0,,663.3,4.8,,,05-02-2025
0x4920b410a1b5994d4ec547117ba58705a94e3080,-106.4,-45,-421.2,-31.7,,43,32,,0.3,,,,,4.7,4357.8,8,-32,05-02-2025
0xaff3e4c7ef47f3067ee34a8602e66075305cc15a,0,0,0,0,,1,0,,0,,,,,9.7,0,,,05-02-2025
0xc3e705b9af1551fbe5e7dcb99bb0795904ac6952,0,-2507.8,-3132.1,-3132.1,,16,3,,10.9,,,,,171.4,-4.7,2629.3,-89.2,05-02-2025
0xf7cd80c31837d92e700dd6cb0d08a37bdcfb7492,0,0,0,0,,0,0,,0,,,,,0,0,,,05-02-2025
0xb5a39afa97684391061319a7f1ee1d9053b32615,0,0,0,0,,0,0,,0,,,,,0,0,,,05-02-2025
0x0bba03efea17bc92d9944c85e34997f4129deb99,0,0,0,118,,0,0,,0,,,,,0,0,,,05-02-2025
0x163a4c9be3ad4068c7135ef77d1eb3c8fe05254b,-19,-1287.1,-4583.5,-1856.6,0,157,206,-1,39.4,1,0,0,0.2,0,0,,,05-02-2025
0x4394ba1226af790f42833842be2b05a12efb7393,-650,-23.4,-23.4,-673.4,,36,17,,60.3,,,,,60.9,69.3,,,05-02-2025
0x0207a5d3b3a49adab764ba826a3626e11d5bb0fb,0,85.5,85.5,-885.3,,17,10,,0.2,,,,,415,-4,784.1,-21.8,05-02-2025
0x5466484d30857f5a1cff0615ddcf0e71a0b392ad,0,289.8,1105.4,1105.4,,0,2,,0,,,,,106.3,6.5,,,05-02-2025
0x5122ab832ecef53a4ca9b963045dce54f1bf5d0b,6599.8,4123.4,4123.4,10723.2,100,196,186,2.3,58.2,0,1,0,177.8,5.8,-11.1,7083,164.4,05-02-2025
0xfc1a54abbbd549b61f0bb78aedf324a4532de5ef,0,0,0,0,,0,0,,0,,,,,0,0,,,05-02-2025
0x528d8d78e2768b64dd932465f43eec6e73568df2,0,-1720,-1720,-1720,,34,0,,763.4,,,,,217.6,-0.4,1050,-30,05-02-2025
0xfe9bf3212bec292808356ca107c3feb47f827969,484.5,1637.2,1798.1,2282.5,,55,29,,10.4,,,,,70.3,-5.4,5355.7,0.4,05-02-2025
0x661db87877186e6cc0f5b38b83ef1270d7738a04,-0.1,0,0,1201.2,,0,0,,0.6,,,,,131.9,-9,153,-31.7,05-02-2025
0x6ba480de74defa9ac96a1963edeccb4bfd9f2a6e,0,-60.3,121.3,-725.6,,18,16,,126.8,,,,,59.8,6.9,183.5,-5.6,05-02-2025
0xb844a076294a9c79e8499e986bd34a6900902fb6,-2,0,-748.7,-750.7,,13,0,,9.7,,,,,301,-8.8,,,05-02-2025
0x812bb444b7cd12a8c21f0c3e3ccac1b9744588d0,-1169.1,466.9,768.6,18776.1,,5,10,,16.7,,,,,218,-4.2,1295.9,-19.9,05-02-2025
0xf908bcf117d4c0dec3864aa20a44268b7f3d8104,0,0,0,0,,0,0,,0,,,,,0,0,,,05-02-2025
0x9dd2b87e56bc8f5c2189d89fc87427ce83d62c76,8.9,2103.5,2103.5,2112.3,100,192,205,1.2,31.8,1,0,0,177.9,0.3,1.2,,,05-02-2025
0xbfcfd43c5aed3c7a9912767a3e97d5b16325402e,0,0,0,0,,1,0,,0,,,,,0,0,,,05-02-2025
0xf8dfd987b9cdc2f213cd9a30e3af3c190190ab17,-41.3,0,-69.7,-814.5,,0,0,,34.3,0,0,0,,86.1,-17.9,498.6,-25.2,05-02-2025
0xe926683e328b0f9db996d1bd67bb5e13b54698c6,-1166.1,-687.2,-1475.7,6082.2,,1,11,,147.1,,,,,70.1,-26.9,60.5,-44,05-02-2025
0x91bf925119d50c9cc204d57de28ccc2e3e75fad2,55.8,809.9,892.8,1159.2,66.7,3,5,0.1,382.2,1,1,0,0.2,68.7,28.3,87.8,-52.8,05-02-2025
0x9eb6dea7670c55b0e23b4495ae5a8a6c5c370691,0,-0.1,-0.1,-0.1,,40,0,,0,,,,,44.3,0.5,11.9,-11.4,05-02-2025
0xaaf15e782c1ca0aeb6f80dc6a34fea8d3195113c,0,0,0,73.2,,0,0,,0,,,,,39.8,0.1,,,05-02-2025
0x3a56b3b3f778aaa38bebd26d584a900babccadb4,-83.4,0,0,340914.3,,0,0,,2,,,,,0,0,596.1,-56.1,05-02-2025
0x84d39c8d564264b15584bae143209f777d6c73aa,-14.2,0,0,-42.9,,6,0,,1396.3,,,,,0,0,,,05-02-2025
0x2224e62efadbc8baed5b32b927a364f8a1c9f741,0,0,0,0,,0,0,,28.4,,,,,0,0,,,05-02-2025
0x45b913a7e1cf0be41813584edbd5752d33ec2e96,0,0,0,0,,1,0,,0,,,,,17.4,0,,,05-02-2025
0xfb8efbdc73ef973f0d7fc3bdc102c8301b76a80e,0,0,-89.3,-162.3,,0,0,0,0.5,0,0,0,,56.9,18.1,804.4,-22.5,05-02-2025
0xe0bfc4fe059617d9bc816cd83b1952b944885898,3.4,3185.8,4513.8,4517.2,52.7,201,186,57.9,3031.2,29,0,0,14.6,189.6,11.3,790.2,12.7,05-02-2025
0xc5acf59b011f07914821bb95c8ae0419146736e2,2650.4,2137.6,2137.6,4788,,0,153,,59.7,,,,,170.6,57.3,,,05-02-2025
0xc8fa7484415beeaf74b2d1002a49fced494273b7,80.5,-4151.9,-14878.8,-14798.3,27.3,27,26,-0.1,1071.9,6,1,0,21.9,1163.8,-15.1,2797.1,-32.3,05-02-2025
0xb7cefe7853a5204fa7a09dc10cc964dd76e0654c,0,0,0,0,,2,0,,0,,,,,0,0,,,05-02-2025
0x3f32f1a71e09b603e241e5f4a75539ca48e02b12,756.7,3453.9,1609,-692.9,,129,122,,4,,,,,416.1,-20.7,1387,28.6,05-02-2025
0x2dfff167941b74266d396718162f1eb601b0c10a,-72.3,0,0,-44.3,,0,0,,19.5,,,,,0,0,141,17.2,05-02-2025
0xf9555adbec8f5a3edcdb7cb2ed3b1843f194b4c3,0,0,0,0,,0,0,,0,,,,,0,0,,,05-02-2025
0x1f00ab4374a57f719ab1619481ee03d6ccbe0e66,-1.5,144.5,-130,14567.8,50,155,108,9,2.2,7,0,0,139.6,912.3,-2.7,1586.8,-1.8,05-02-2025
0x6a7ae2b832c5da23fc75c4f1a67e653c7cf75918,0,83.5,83.5,83.5,,2,0,,16.4,,,,,0,0,,,05-02-2025
0xea4b8e1ff6ac01d8791e62ad716c46650a9973be,0,0,0,0,,0,0,,0,,,,,0,0,,,05-02-2025
0xec526f7f17fb58a00ce16c4289f8dc83a5a08ec0,0,0,0,0,,0,0,,0,,,,,0,0,,,05-02-2025
0xc0d975cb340ffaf87f6204d208dbefe81041f1ba,-0.1,93.9,101.5,120,40,6,4,31.3,60.8,2,0,0,50.9,0.5,-7,19.8,7,05-02-2025
0xbef7cd0f5b8e40226f489bd217f6d6815c51057a,-340.7,-41.9,-334.9,2431.8,42.3,28,31,-1.4,20.3,15,0,0,11.3,31.9,-16.3,182.1,-37.3,05-02-2025
0x4d66338bd08b76c2a5147ca56baef7502cf0ea6f,-0.1,5732.5,8597.1,8597,46.2,63,62,212.3,295.2,14,0,0,74.2,3637.7,-0.1,2668.7,6.6,05-02-2025
0x7f9e49437102abfe01c56b693b78f28f64262479,20262.9,0,0,20262.9,,0,0,0,17.1,0,0,0,,45.1,8002,,,05-02-2025
0xfac8dc832f6b0befd709489d67ade6ead621745c,440.4,1571.6,1850.6,57385.9,33.3,6,12,261.9,3961.4,1,0,1,27.4,385.2,12.7,3039.3,-3.9,05-02-2025
0x780833f3361ad2bf9e503a5e3c5173682d2be68d,-78.2,0,0,-78.2,,26,0,,0.4,,,,,81.1,-77.8,72.6,0,05-02-2025
0xaa0722bb5da7d528c429b602e10f173fb16839e0,-1047.3,-9078.6,-9083,42222,,3,3,,448.4,,,,,719.8,37.9,2726.2,30.5,05-02-2025
0x2e84e0c0073c59ebe039a2d11e318674f8e1aa3f,0,0,2319.5,2125.4,,0,0,,0,,,,,103,-9.4,342.2,89.2,05-02-2025
0x78ef07b040f535261c32a41818177ecf84e5122e,0,0,0,0,,0,0,,1.8,,,,,0,0,,,05-02-2025
0x33339f8e58678fbb4ad7401078a0134d0592f78b,0,772.2,3138.3,15380.6,57.7,383,288,9,11605.8,62,1,0,129,201.5,9.4,417.5,15,05-02-2025
0x8c34b70802d25637376b9f4ef6ecbc984d469dfa,0,0,0,0,,3,0,,1.6,,,,,0,0,,,05-02-2025
0xf677671b1312d4eb58e2aafb95959b93e59ae150,0,0,0,0,,0,0,,0,,,,,0,0,,,05-02-2025
0xd5785f042708882d496b84fcb5439e425b03f495,0.5,-214.4,-21468.5,2441.6,37.5,56,21,-15.3,46246.8,11,0,1,73.8,1206.5,120.9,1802.4,12.2,05-02-2025
0xb3b711ed7f9c0e2c4ebc48afd80c8606746921ad,0,0,0,0,,1,0,,0,,,,,,,,,05-02-2025
0x891615af0e913e3f08e7de3853a8180bd8fe27b3,-7349.8,0,0,1205036.4,,0,0,,3.3,,,,,0,0,9255.4,5796,05-02-2025
0x2a253dbeb0c9d3f1877e92e73b29ff0771e9a266,-37.1,0,-27,8136.7,,0,0,,0,,,,,370.7,34.7,883.7,7.6,05-02-2025
0x36cdf5ac5963232e57af8c942d1479b453801fe6,-72,-168.4,-168.4,-258.9,,8,0,,9.1,,,,,0,0,,,05-02-2025
0xc87128c4c49376a29342c287aeed94c2f13b2935,0,1602.4,1075.5,323.5,,0,0,,2.1,,,,,857.5,17.6,,,05-02-2025
0xe442eb2edc75bb181759c41eca3f2dd7185c86b3,0,0,0,0,,0,0,,0,,,,,0,0,,,05-02-2025
0xbd3e670f54c02f22ade112c04a8bf674dcb4847d,-23.8,-760.8,-772.7,-796.5,,66,13,,60.3,,,,,97.2,-22.5,,,05-02-2025
0x94b83524e3a38cc438c6b40ee22dc86a41f2016f,-83.8,0,0,-83.8,,39,0,,0,,,,,52.4,-57.1,75.3,-17.9,05-02-2025
0x1c7cd912aab1405a4176bc27c507112b0b114cc4,0,0,0,0,,0,0,,0,,,,,19.6,-1.2,1721,-86.4,05-02-2025
0xd0cfdaa686c6abbd7316dd69c915a1e9d7ee3c02,0,-56.9,-56.9,-56.9,,90,0,,34.8,,,,,1.3,0,10,0,05-02-2025
0xc2de9159c40edcb54c758ddc62c4672cb8aeb037,0,-1462,-1462,-1462,,35,0,,6,,,,,6.7,2.7,401.3,-44.3,05-02-2025
0x3e512eb64259a644aa9b23ca0fb82421f760a36a,0,0,0,-818,,0,0,0,0,0,0,0,,86.7,-5,,,05-02-2025
0xf8dca5c2a4f8da2e361492a3443ecf1eb5b23614,0,0,0,0,,0,0,,0,,,,,0,0,,,05-02-2025
0x1fd24a3dc979ff1b5f8cc3e9bfd0b7fb912921b1,0,-2525.2,-3265.8,-3265.8,28.6,24,24,0,8,6,1,0,84.7,114.7,-24.5,1242.1,11.2,05-02-2025
0xba2d315c19e7827d0d865cd5b57fa4b2571b5858,0,0,0,0,,0,0,,1.8,,,,,0,0,,,05-02-2025
0xd0b21d242cd7b8494f3c8b850e1ad2b7c11fc8fe,-8.3,1.1,-27.2,-329,,5,4,,2.1,,,,,0.7,-0.1,601.4,-16.8,05-02-2025
0x07967573625c4f28c241968e59679860d1e33382,-3.2,0,0,9609.9,,0,0,,6,,,,,388.7,-0.9,7433.5,-35.6,05-02-2025
0x5455b0ca3a4aac7fba094a925886264a332bee3f,9590.2,0,0,9590.2,,1,0,0,200.6,0,0,1,56.6,169.7,353.6,11.5,-93.3,05-02-2025
0x1c33f5ae0e9a029c807bb5cf5e71c79aff79939e,-10.3,-242.9,-242.9,-253.2,,79,71,,0,,,,,158.9,-6.1,737.2,-13.9,05-02-2025
0x9e4898ff25ed50b8deeca222f6f7b81f510913c9,0,-432.7,325.5,4276.3,82.2,2106,1930,0,10,177,0,0,158.7,5669.6,15.2,393.1,-0.1,05-02-2025
0x39e4adc439c990953ceae92c84ab6ad3eb05d9e4,0,-13.8,-13.8,-13.8,,22,0,,1.3,,,,,0.9,-0.7,21.9,13.2,05-02-2025
0xe1bdf8cabe19114872cd77e34734087f40bbefe0,-182.3,-76.7,200.5,4954.3,33.3,5,5,-12.8,985.9,2,0,0,179.4,267.8,13.2,136.9,-7.6,05-02-2025
0xd8df7ca53f389d81bf9e5f80dd113f3896d2806b,0,0,0,0,,15,0,,0,,,,,0,0,70.1,0,05-02-2025
0x29f291832f600845c7324f17a17cfe19e1b36a2b,0,0,-359.6,1229,,0,0,,1.1,,,,,66.5,-8.4,1157.9,-9.1,05-02-2025
0xf122f1f00428a2f9ef2659e7dbdeef743384e887,0,0,0,0,,1,0,,0,,,,,90,86.9,,,05-02-2025
0x42d191c94b4281b4749f97c8641041c6f43f9b23,0,79.7,79.7,79.7,,5,0,,0,,,,,10.6,4,,,05-02-2025
0xce55a771dd54c46824a33c1b988afb171d52ad38,0,65.9,1536.1,1087.5,,1,5,,0,,,,,101,1.7,733.4,-14.2,05-02-2025
0x72cd0b2e864336d22ce0eadaadb46a764509c22a,0,-32.5,210.4,1878.1,40,3,3,-6.5,411.3,2,0,0,3,71.3,0.9,251.9,14.1,05-02-2025
0xf8aa147f5f3a0bb02702ca850636d4b35e5d3530,0,0,0,0,,0,0,,0,,,,,0,0,,,05-02-2025
0xf2448910782598d8fea0402a50e76e12b20bf44c,0,-71.6,-71.6,-71.6,,4,0,,6,,,,,29.6,-6.6,54.7,-53,05-02-2025
0x599bddd3efacb68f8050bcd11379fc7319b63433,0,1137,1648.2,1616.1,30.1,1252,1035,0,61.3,97,2,0,70.6,140.4,2.3,188.3,27,05-02-2025
0xb73709aa25936f71e15b4f898f5dc1635ccd7bc3,0,20.5,8236.8,23917,30,14,13,2,186.7,3,0,0,0.1,234.9,39.3,370.1,17.8,05-02-2025
0x7cee2068c68cada19d33e7767994dd483e7e98e8,0,2061.8,2061.8,2061.8,100,2,5,1.1,0,1,0,0,143.6,0,0,,,05-02-2025
0xd0c53bc445fa7d4fd21153c50eb44cc4722b19f8,-135.9,2011.2,2011.2,1477.6,,2,3,,635.5,,,,,0,0,644.3,27.7,05-02-2025
0xedc816152bb079020fe2bf0b3372e6cfb37052c1,0,1384.2,3883.4,3883.4,,277,116,,1.4,,,,,571.9,2,2527.1,8.3,05-02-2025
0x4cfe5715fc8d721bb928fd0489c94ad71f13e9fe,0,0,0,0,,1,0,,0,,,,,47.6,0,,,05-02-2025
0x1571374678514490aff80ff481e260b6c6e5ef70,-55.9,0,612.5,829.5,,0,0,,0,,,,,56.6,-25.5,247.7,8.4,05-02-2025
0xe84f8a2dcb65aede451b00d738fd68e2b617013d,-25.4,-9.6,120.1,65.7,25,14,9,-1.2,67,2,0,0,33.3,32.4,5.6,103.3,-18.8,05-02-2025
0xf6d6e5ef1327b740e02697a465218c2ce6a83bd4,0,0,0,0,,0,0,,0,,,,,0,0,,,05-02-2025
0x60435a67081d9037cc27af184e669c138a22ac4f,0,5.5,5.5,5.5,,6,0,,0,,,,,3.3,-2.6,7.3,18.3,05-02-2025
0x37034089741fb047bab8242ed14ad9f11089b2a8,0,0,0,0,,0,0,,0,,,,,0,0,,,05-02-2025
0x3c1c3add9e999ae0427025a172b7d5c738ff73a9,0,0,-613,4844.1,,0,1,,0,,,,,415.2,10.3,62.7,12.4,05-02-2025
0xce2c39d457146e7bb3ada65e2836cfd720b329ed,0,459.2,459.2,459.2,,4,0,,0,,,,,730.1,2.1,,,05-02-2025
0x7120dfeb0df4e47f6a033e689e7efa42f5fd1c50,0,-24.4,-24.4,-24.4,,31,0,,0,,,,,12,0,,,05-02-2025
0xddd9d799d055f6fbc6f483d2fff23ac734af1b6f,0,70.3,70.3,70.3,,5,3,,0,,,,,147.7,-6.6,1355.3,-18.8,05-02-2025
0x10da745d49ca179d6c4f781b57e2d15abb94cfd6,0,-47.9,311.4,1175.4,69,5255,4764,-0.1,12.1,321,1,4,101.3,351.3,452.6,61.2,1.4,05-02-2025
0xba78eb8b29fa21f9d894be50fa3b228f43a035ec,0,1922.2,1638.3,1638.3,,39,10,,24.1,,,,,901.6,-4.9,,,05-02-2025
0xabe3664caacc8bddf7c13712443d9d5f8291fdfd,0,0,0,0,,0,0,,0,,,,,0,0,,,05-02-2025
0xf4a06628bb51cae39411d6c5752005f857890c3f,0,3391.1,31824.3,31824.3,100,1,2,17.5,0,0,0,1,177.9,338.4,2861.5,,,05-02-2025
0x95b581e629023fbf3b839922d6e293c2a5416557,0,1553.4,4013.8,6005.9,47.8,205,242,13.7,491.3,53,0,1,3.2,146.2,4.4,,,05-02-2025
0xd71b082697ac062cea9af9b87c7c6d00772413ac,0,0,0,0,,0,0,,0,,,,,0,0,,,05-02-2025
0x10f403d5fe62b7f2751f6fd5b72e2f02604e89a8,0,9550.6,160086.5,165602.6,16.4,233,332,0.1,0.4,63,0,0,111.7,1713,-0.7,17950.9,-6.7,05-02-2025
0xa12b94f4f19da0709872796d3fb8a8691184984e,0,12356.5,12356.5,12356.5,100,9,14,6.8,0,0,0,1,143.7,0,0,,,05-02-2025
0xff2193f15e8ce9f3f7742ae1a7ccc1781b219b7d,0,0,0,0,,0,0,,0,,,,,0,0,,,05-02-2025
0xd2ff3444993f90f6adead7e41e561018521d19a2,-259.8,-714.8,-333,5846.5,,26,23,,206.6,,,,,186.9,-8.1,467.2,-21.4,05-02-2025
0x3e6fc32eb1f9fd014206b5f5fdcdc3ee58a01a7d,0,404.2,-34.5,7811.1,37.5,10,12,50.5,4298.9,3,0,0,3,648.1,-4.3,579.7,-0.2,05-02-2025
0xdf5df8dffbb403975112098c2eea2a63f01de489,0,0,0,0,,22,0,,8.6,,,,,0,0,,,05-02-2025
0xc2bd4c893e2c86ef6835779dfc701c7b0f9f8451,0,0,1,7251.1,,0,0,,89.8,,,,,365.1,4,11771.4,14,05-02-2025
0xb890f652a5396fe6842eaa4c4b3d7a2d0ae05951,0,0,0,0,,1,0,,198.9,,,,,,,,,05-02-2025
0x5492ec6ade2b2d91fab8feeaf1f26cd4ee5cd8fc,0,1974,1235.6,2370.1,100,27,4,394.8,39,5,0,0,11.4,26.4,-3.5,,,05-02-2025
0x8d9e146f66c8d732baf5eccd6d37b08a10b7ca95,-228.5,1049.5,8640.7,49391.4,0,0,3,524.7,5896.8,0,0,0,7.2,444,0.5,1426.2,-8,05-02-2025
0xb995e017cec179e5605f201b30d397329ad29c9e,-167.3,-2384.4,-1552.1,20283.4,9.5,23,28,-113.5,306.2,2,0,0,96.4,257.7,1,168.7,38.9,05-02-2025
0xc12979ed97c921af065ca4158dfb1d3f718e0342,0,3764,3764,3764,80,84,47,752.8,22.4,4,0,0,31.8,0,0,,,05-02-2025
0x6347f1788948c5a80405240b32881102cba00da7,-30729.1,0,-12579.4,98846,,0,0,,28.9,,,,,3305.6,-0.7,1957.6,-44,05-02-2025
0x10a4f0b5f1068832425bddd9d84002922eb34b9e,-1756.6,0,0,10763.8,,0,0,0,0,0,0,0,,358.5,-27.9,608.9,-15.2,05-02-2025
0x31ed9db7feaa1a44a64e81c27f7fc899ecf0f11c,0,0,0,0,,6534,0,,90.3,,,,,0,0,,,05-02-2025
0xfc8c453123cee007d99a2eb521ef484e0f6ffde8,0,0,0,0,,0,0,,0,,,,,0,0,,,05-02-2025
0xa10020dcf671f1be804acef7443db13b440280c4,-8.7,0,0,77851.6,,0,0,,0,,,,,279.5,-18.3,981.8,78.6,05-02-2025
0x0e415a47e9c35926f63efd5de7c6d00e091e616b,0,7.7,7.7,7.7,,6,6,,0,,,,,0,0,,,05-02-2025
0x266d9fb8d0f4af4fc146b84505e596c130539720,0,-199.7,-199.7,-199.7,,62,14,,118.1,,,,,31.8,2.4,966.5,-5.2,05-02-2025
0xc7a968e225b33ede145a3c1d18487ba1aa8f5c45,-1507.3,-71.4,-808.2,48035.2,0,4,4,29.8,13.1,1,0,0,2304,0,0,5453.9,-78.2,05-02-2025
0xbf0133bf080a627b085c741242bebf77cdead1e1,0,1206.4,1206.4,1206.4,100,4,2,0.7,0,0,0,1,143.8,0,0,,,05-02-2025
0xd7f6c6c6027d82d714e4086a5c80007b7ed93a54,0,0,0,0,,0,0,,0,,,,,0,0,,,05-02-2025
0x6be232619e2e6e16a410d1dddf226dba90cdda0a,0,65.7,65.7,65.7,,0,0,,4.5,,,,,7.8,1.9,19.9,-5.8,05-02-2025
0xd76d584e7c82fdce5ecbed1dc90486d7b491bf9f,-1.9,0,0,-1.9,,0,0,0,0.9,0,0,0,,0.6,-20.9,,,05-02-2025
0x0d427edf58fd192cadcf51e0afb83f1a89004f30,0,0,0,0,,0,0,,0,,,,,0,0,,,05-02-2025
0xf6a400762d5bd583b4f019c64101038933d3fe99,0,40.5,40.5,40.5,,3,1,,0,,,,,26.4,-13.7,244.3,-1.2,05-02-2025
0xedd2d0bc01fabf1b9238b72ddf14496ff9d2982f,0,0,0,0,,7,0,,61.9,,,,,0.6,0,,,05-02-2025
0xa9ab475a3eb3a7f24d58ac0295bb6a1fd6fd394c,1821.8,0,243.2,2090.1,,0,0,,100.5,,,,,127.1,197.8,,,05-02-2025
0xafd7d9d0767fcdb084e18ec1b8cffd7680425c18,0,0,0,0,,1,0,,0,,,,,0,0,,,05-02-2025
0xd89b0396ffd524d612eb669c33d8f01afc90e989,287500.6,0,0,287500.6,,0,0,0,442.8,0,0,0,,121,9507.1,,,05-02-2025
0xb2ff63fbafaaf72cd9f1bc3d69b4c221db76208f,0,-434.3,-434.3,-434.3,37.5,55,18,0,54.9,6,0,0,8.1,57.5,-9,321.7,-54.8,05-02-2025
0x212986cd63c5f3e4b8851e6592d5a789f78ddef9,-1513.8,97.5,41.9,133.1,60,8,2,10.8,456.1,6,1,0,52.1,79.2,48.6,305.3,8.4,05-02-2025
0xc1a73d0c7dc78a4db47ffbd02ed0a6998355b5bf,0,0,-392.3,-608.9,,0,0,,27.4,,,,,46.6,-9.8,423,25,05-02-2025
0x6682f5ceced5ac16575670b108a1a52c4c666666,0,3.7,3.7,3.7,,91,90,,0,,,,,194.3,-2.2,,,05-02-2025
0x7859648db5e976356abd8ca02838bd1406984a29,-148.6,-1.9,-2090.2,-15585.6,0,2,1,-0.6,6.4,2,0,0,778.3,203.9,-34.5,393.1,19.7,05-02-2025
0x3f9fefb24009123a6b8b39163cbfe4609bfe6dc2,0,96.1,96.1,96.1,100,5,1,0.1,10.8,1,0,0,2.1,224.9,12.8,,,05-02-2025
0x64e0f4aa364fa71085dd3d3ca0cd43b0904d076d,-905.9,34.8,6220,8584.4,100,2,2,17.4,568.5,2,0,0,0.2,602.1,-13.9,1749.5,32.9,05-02-2025
0x0cdb34e6a4d635142bb92fe403d38f636bbb77b8,2401.7,0,0,2401.7,,2,0,0,436.5,0,0,1,18.7,4.1,122,,,05-02-2025
0x1cbe11feeb3380315a498d893b1a9063d950443d,-103.6,2515.4,2515.4,-30720.7,40,21,10,503.1,3.5,3,0,0,12.1,879.7,-2.4,611.3,32.5,05-02-2025
0xa2d88e6842c68c04e86fbef3c03bf0e06a5e15c9,0,0,0,0,,6,0,,0,,,,,0.8,0,,,05-02-2025
0x40db90ab0ea165b2b1321bfce70871383e9881fc,-728.9,1261.4,1619,732.1,,2,3,,1.1,,,,,206.4,7.1,252.8,-33.5,05-02-2025
0xe19e3854e82708b777b6e566831f871afab6dfbb,0,200.7,200.7,200.7,,31,0,,0,,,,,24.1,1.7,,,05-02-2025
0xf2b04a292ed0b4e11658e6baf84252b2e93ae24e,0,0,0,0,,0,0,,0,,,,,0,0,,,05-02-2025
0x7e039e65482058ef96117804cb3d957007909da8,0,-1627.3,-1627.3,-1627.3,0,1670,2863,-1627.3,61.1,1,0,0,25,0,0,,,05-02-2025
0xdce95b18a6b9b1f81727e024d6238f14e15f8af4,0,0,0,0,,0,0,,1.7,,,,,0,0,,,05-02-2025
0x64b81d49a831a26c540d7abdc70385fcf6419ceb,0,-59.6,-166.4,579.3,0,1,2,-59.6,0,0,0,0,4.3,219.6,9.5,328.9,6.9,05-02-2025
0xf6a745001a27ae8b6195438547b4107060426344,0,-31.1,-31.1,-31.1,50,4,5,0,121.5,1,0,0,40,128.2,8.5,480.7,-34,05-02-2025
0x1b4ebb705702cfb601c8fdc6a021eedbb4ffeed3,0,0,0,0,,1,0,,0,,,,,0,0,,,05-02-2025
0xea7b5881d4d3ae7aea18cc7672ddf567d3eed57b,-21.9,1875.8,1875.8,1853.9,100,226,218,1,37.5,1,0,0,177.9,0.2,1,,,05-02-2025
0x05c880f26ea995ab65293a0cc7f178c9a835d334,0,215.7,215.7,215.7,,50131,0,,30.6,,,,,0,0,,,05-02-2025
0xe0ffdc50d9b3203eb43da8a9129c76e3f5a77777,0,0,0,0,,0,0,,0,,,,,0,0,,,05-02-2025
0x176b8e4cb1437506e02e50dd32c9605354f1d07e,0,203.1,203.1,203.1,,5,0,,3.9,,,,,0,0,,,05-02-2025
0x7ae886357790f915e29273b70fda39241084c8fe,-74.5,0,0,-74.5,,26,0,,0.4,,,,,81,-77.8,72.2,0,05-02-2025
0xef565d37dafb0f1aa4866ef073566962eca39ee5,0,46.1,50.9,-23.6,,2,2,,13,,,,,0,0,,,05-02-2025
0x97a67b967673486878ff5d31023b19e8b672bdb5,0,0,-643.4,36341.5,,0,0,,0,,,,,999.3,49.4,15137.4,-55.6,05-02-2025
0x12f895949f4979cdb9823140c498161452496a4c,-225.5,0.2,-290.3,1254.4,,0,0,,0,,,,,34.3,-32.5,667.2,15.4,05-02-2025
0xfe63df1831ecdaa7fa92b9aaf11ad763cd608e9d,0,0,0,0,,0,0,,0,,,,,0,0,,,05-02-2025
0xaf5bd6fe553b09fe607df3834ae525d75c8d08bd,-248.1,0,0,-248.1,,5,0,,0.4,,,,,56.3,-73.5,59.2,-100,05-02-2025
0xa72ae502908d45e0d8d787c5be1e22384f9f272d,701.2,518.2,732.8,-3090.7,,5,5,,0.5,,,,,90.5,1.1,57,4.5,05-02-2025
0x7277df84f50e0bd594a511622b9dbd948b26e760,0,0,0,0,,0,0,,6.6,,,,,0,0,,,05-02-2025
0x9fca831d64e5a2a682003b225ebd6251b3580913,0,10,10,10,,2,0,,0,,,,,0,0,,,05-02-2025
0xba1dcdae00a517a8d5b1ea2f6bee6e140738f7b8,0,8760.4,9587.5,-6111.2,,2926,4431,,779.8,,,,,411101.8,0.1,34943.7,-1.4,05-02-2025
0x331fef41350cd4a9c9c6aa087f2b99c0d657b958,0,0,0,0,,0,0,,0,,,,,0,0,,,05-02-2025
0xe4e5569076c83a8c2df6fbca1ae9cadda8cfc84b,-63.9,-416.3,-623.6,5323.4,,3,1,,0,,,,,224,47.9,416.6,-24.8,05-02-2025
0x3c370e8507a562199bfdd77985aef8c2550bafce,-107051,0,0,269582,,0,0,,6.6,0,0,0,,14926.2,-68.4,2836.9,4,05-02-2025
0xcffa3452066eade3c3190a4a4cd3b6b8ffffbdb3,162.4,29.4,29.4,206.6,100,2,1,0,4.2,2,0,0,661.5,11.5,1.7,,,05-02-2025
0xe715c3e698bbd6d80d8ff9f4e785717d0491d14a,0,0,0,0,,0,1,,1.6,,,,,0,0,,,05-02-2025
0x0b34fe6847c8c151db5d60781b093bdb2e96c48d,0,38.6,-145.6,-1266,100,1,1,0,193.2,1,0,0,61.1,60.2,-1.2,385,-59.7,05-02-2025
0xd2452437253f9d636a28b18ec10c32c33f42c02a,-7.5,-668.6,-668.6,-676,,38,25,,0,,,,,48.5,46,,,05-02-2025
0xb8a5776dd702adee96e83b115567c320a17951e1,-8.4,0,0,4881.6,,0,0,,6.8,,,,,1105.8,1.7,3047,81.2,05-02-2025
0xad90dfb964e8e4a351368e7fde76c3000163943f,-135.8,589.4,100.5,-453.5,66.7,19,9,147.4,59.4,2,1,0,45.6,20.9,-12.6,154.5,-18,05-02-2025
0xd73f0c162a76ba414570496b81f19ea6ce0ea98e,0,0,4.9,4.9,,0,0,,0,,,,,,,,,05-02-2025
0x82a4de6468b1cc5e8d820ec8df89a6648f8999e7,0,0,0,0,,0,0,,64.3,,,,,0,0,,,05-02-2025
0xfd6d02261e9195710db9f2c68fa00c3fb3671e68,0,1339.9,1339.9,1339.9,100,2,3,0.7,0,1,0,0,143.6,0,0,,,05-02-2025
0xf22ffa77258f5405e172bf789d4229bff4a5b44a,0,1648.7,1648.7,1648.7,,15,0,,0,,,,,0,0,,,05-02-2025
0xef462cfe1b4d558879a241d943e83f7eaee19c3c,-5,381.9,3768.2,24030.2,82.4,64,60,22.5,203.6,14,0,0,29.3,592.7,3.6,1133.3,6.1,05-02-2025
0xaf00c87a0854ccb2b27bdfea1acf34b0c4d3fae3,0,0,0,0,,0,0,,0,,,,,0,0,,,05-02-2025
0x455b4e66b07700a41082917a55f689f40a8b4ed9,-170.6,-3.9,-906,926.1,50,3,3,0,121.9,1,0,0,0.2,32.2,-21.5,88.6,5.9,05-02-2025
0x6a580c1e8e6331a864f7e5137bcd91f77ed3023e,0,51.9,51.9,51.9,,43,0,,5.1,,,,,4.7,-3.5,46.2,11.8,05-02-2025
0xb0d34a32cd99e88e45ac7e307e8ba59572b4706d,0,-31.9,74.9,-26.6,,18,18,,5.1,,,,,85.9,6.1,150.2,29.2,05-02-2025
0xa2107e4189df62976453754a6456b2da52e3548a,0,342.8,294.5,467.8,,1,1,,521,,,,,13.3,53.3,,,05-02-2025
0xc2dbe1f4832b8156c62dcd11ae10e3876d8e3aa3,0,-29.8,2077.1,2070.7,,4,3,,45.8,,,,,195.7,5.9,,,05-02-2025
0xb1112d14ac8883089841a9fd253cf9e6dd2d095e,-1103.5,-2475.7,127611,137817,37,26,46,-88.4,116602.6,7,2,1,40.5,1922,-7,3365.1,208.8,05-02-2025
0xec558dd2a219d71e99af253b9162c31c3cbcd5c1,-0.3,5.6,5.6,5.5,,58,19,,1.3,,,,,0.8,-2.9,2.4,2.4,05-02-2025
0xe50d76776b2a68b628dad9271a5f77375afd5d42,0,0,0,0,,1,0,,67,,,,,0,0,,,05-02-2025
0xe579b0a16a5339337e3cf82844bd0888877eedba,0,0,0,0,0,0,0,0,155.3,0,0,0,787.6,2.5,0,,,05-02-2025
0x60da236d631a64105a07b9d32dc5823b2ec74d24,0,-156.2,-156.2,-156.2,,1,0,,16.4,,,,,14.3,-3.6,17.7,6.2,05-02-2025
0xe699459dfbc3964b8fba7bc131fc09ffaa8c969d,3,-739.4,-2591.9,-275.5,33.3,92,73,-24.6,29.3,9,1,0,15.2,189,-3.6,517.8,-3.8,05-02-2025
0xcbe5dba4c7a52980ee382edfdecf18d05e0a10cc,1638,0.7,14.3,1937.7,,0,0,,7.8,,,,,221.6,11.7,,,05-02-2025
0x07d5e7bb645d37f7eb145bc44019d7d9785dcfd2,0,0,0,0,,1,0,,3.8,,,,,0.7,0,1,0,05-02-2025
0x68a6aea54498464964496afd7cdda4f8f842b2fc,-55.9,-1068.2,-1088.9,-1144.8,,41,20,,60.3,,,,,117.5,-21.7,,,05-02-2025
0x819754f01dfebcd07f51bb1dfdbdf45998c31a18,0,-5.3,-573,-528.7,,2,1,,89.6,,,,,92.3,-6.3,122,-25.6,05-02-2025
0x4b19b7629b9fb789f3f913e624cc60af7dd202c1,-107.6,-470.8,4211.5,8724,0,4,4,,1834.9,0,0,0,0,809.6,14.9,1385.1,-11.2,05-02-2025
0x0e6667003891e36678f71d4a5ab9a9a0e5b066b5,213,-4489.4,-7921.1,110642.8,36.8,771,636,-19.7,115867.3,150,9,10,289,296.5,36.9,330.2,257.8,05-02-2025
0xbb3025011e8386d6a253ecc9bba767bf375cf025,0,1203,1203,1203,100,3,2,0.7,0,0,0,1,143.8,0,0,,,05-02-2025
0xedcd1d4fb2a8861eccaaab4d299eb286e71fce74,-187.7,153.9,117.4,-70.3,,5,0,,178.6,,,,,30.6,7.2,,,05-02-2025
0x6183200a40955a7771c4460e2e63315058bf4703,0,5.1,5.1,5.1,,1,0,,236.9,,,,,10.8,-4.7,,,05-02-2025
0xdb5bf700bae342e5196b297cae7c5032cc8cf223,0,-36.1,-36.1,-36.1,,2,0,,109.1,,,,,29.3,-21,,,05-02-2025
0x6eefeffc7df3d86d0c5bcb50c776ff6e3abc971d,10408.6,0,0,11119.8,,1,0,0,66.3,0,0,1,56.4,171.9,125.1,,,05-02-2025
0xe7c7218e7a2339e77b33476265ebf13b2cc5688b,0,335,335,335,,272,0,,0,,,,,0,0,,,05-02-2025
0x86adf66603ff8f38bed7db887a39b488d9ddf6fd,0,0,0,0,,0,0,,60.3,,,,,0,0,,,05-02-2025
0xf1fd30422c3afef4a6329ba93057384036e6e2b1,0,508.7,508.7,508.7,,0,1,,0,,,,,0,0,185.5,548.9,05-02-2025
0xd1f096c74031b00cd7e824b4d2e4b34f8264a0c9,0,61.8,61.8,61.8,100,1,2,0,0,1,0,0,57.6,372.2,17.3,,,05-02-2025
0xd36cb63494583a0729218d434151bf170bad92c9,18941.1,1158.6,1158.6,20099.7,100,1,4,0.6,6,0,0,1,163.9,201,1054.4,,,05-02-2025
0xba4a20351c04b04e33210841c0a8a059540be978,14999.6,0,0,14999.6,,1,0,,15.6,,,,,8.1,20524.8,,,05-02-2025
0x718b1200c263c925a285eea500a99bbbea390312,0,0,0,1260193.6,,0,0,,0,,,,,7269.5,0.7,,,05-02-2025
0x5ab292608d580f53deff4f0a0a0679db7246efb7,0,0,0,0,,2,0,,104.4,,,,,0,0,,,05-02-2025
0xeae43d9db74c6231fd9ca59ba5cad9937ca4e6e3,-150.5,-223.1,-140.5,-543.6,50,11,5,-74.4,99,1,0,0,156.9,28.9,-4.8,,,05-02-2025
0x3fb14bec88bb93e6a0012bdb1a7250c3782eed21,0,1157,1257.3,9168.4,,2,3,,0,,,,,361.4,-8.9,846.2,0.8,05-02-2025
0x07f5f73b2c89b82997a6ade3c24f9dd7d783f537,-3889.3,-106.8,-964.9,801.8,0,18,10,2.5,4.2,1,0,0,2302.7,0,0,1610.3,-64.1,05-02-2025
0x33838f61c1d7942ac8c1230ad94bbbcb24c13b56,0,0,0,0,,0,0,,60.3,,,,,0,0,,,05-02-2025
0x5510227245d75168d8dadcbe06b6d97bb30797ae,-1.5,57.2,57.2,55.8,,3,3,,8.8,,,,,0,0,,,05-02-2025
0xd06f065294bd521a4cd81f158312cc58b2ba5964,-112.8,0,0,-112.8,,47,0,,0,,,,,30.8,-23.5,71.4,-3.1,05-02-2025
0xc0eb5b9c16b23fc8161391c841f3be5bc06bfdcb,-0.9,2074.9,1470.7,1469.8,,134,49,,2.8,,,,,27.1,-0.5,17609.4,5,05-02-2025
0x8d7d98d5ba15ceb14f1ed68ebb5cae71c7e50002,-668.4,0,0,22044.2,,0,0,,12.7,,,,,393.9,-3.5,1800.4,6.7,05-02-2025
0x67aca4453239ae09f6d40d7f6264595bb48d3767,0,-15.2,-15.2,-15.2,,3,0,,302.6,,,,,0,0,,,05-02-2025
0xf25bc4907c92148b16915cbbd1a8cdde800e11f9,0,-3443.2,-3443.2,-3443.2,,0,0,,66.8,,,,,0,0,,,05-02-2025
0x8ac509480a9a5ceefb67452f1e29e09a63c30fad,0,0,0,0,,0,0,,60.3,,,,,0,0,,,05-02-2025
0xe95fe971bb30024d3917c40a0dd39afc64b8c9da,-60.4,167.1,1195.7,4242.3,,3,4,,436.1,,,,,144.3,17,501,17.4,05-02-2025
0x1e5d0e6bb0067dfd1547063efd9e315d39354871,0,-1156.2,-1156.2,-1156.2,,1,0,,2,,,,,0,0,1183.8,-99,05-02-2025
0xc239bf6376fd06cf5159bad76b5867f5bcbc6c4e,0,0.6,-3979.4,19773.7,,1,1,,43.2,,,,,313.7,12.6,16016.3,-4.2,05-02-2025
0x75b38873f06037f0f9092e50435bc871554c21f6,0,0,0,0,,1,0,,0,,,,,0,0,,,05-02-2025
0x25ca44ec2761d430841139783f339eb10dfe1dde,0,-0.3,-0.3,-0.3,,9,0,,0,,,,,6.7,0,,,05-02-2025
0x57ad3e494f2984f3026a633e1f6bca27c19a0035,-1.9,-1729.6,13510.7,122394.8,20,17,15,-173,2904.2,2,0,0,26.3,1263.9,-2.4,2734.7,26.6,05-02-2025
0xebf4f73c6aa466225fca3ca7b9aac6cf71e779b8,0,0.7,0.7,0.7,,1,0,,0,,,,,0.2,0,0.1,0,05-02-2025
0x72fcd4d04e0812b842a2ba4e13bd11a541978cba,0,3374.6,3374.6,3374.6,,2508,0,,42.2,0,0,0,,0,0,,,05-02-2025
0x748ac7281bb1883a147857c50928f71df2e018c5,-2218.4,849.7,-1247.5,22622.1,55.6,27,22,77.2,773.8,7,0,0,76.7,1117.5,-13,940.6,1.6,05-02-2025
0xaa94d9625543897e78b520e608df51fa874e5d2a,-6,-48,536.3,653.2,,7,3,,0.6,,,,,23.3,12.1,271.7,10.2,05-02-2025
0xf5da829f3a36f564f5a19dca0a42954bb2ae779a,0,0,0,0,,1,0,,0,,,,,,,,,05-02-2025
0x767d82ac3282b50a3bf1aae71e2b8c48cd55fc0b,0,-849,-849,-849,,25,0,,0,,,,,63.2,-3.6,,,05-02-2025
0x68b40d8ae7e5bde201befea3ef067837b6483f56,0,1.3,67.6,6427.1,,2,2,,570.8,,,,,431.6,2.6,1419.7,1.2,05-02-2025
0x415a3a1b67b820765f26aba8df10eab480d4d26d,0,0,0,115.4,,0,0,,0,,,,,2.5,-1.1,,,05-02-2025
0xd08584983587f0db22d789637039ea87e416341a,-3905.5,-147.4,-971.3,679.6,0,11,8,2.6,5.8,1,0,0,2287.5,0,0,891.8,-97.1,05-02-2025
0xae427d48b4ce6dc5f6f0850441b5e1a4640b9256,0,377.9,1738.7,7949.9,,21,21,,238.8,,,,,747.6,5.9,,,05-02-2025
0x128a9451ec8c72376b710c5fe7eb35498460b92b,-0.4,-41.2,-27.3,-27.6,,0,4,,0.6,,,,,6,-10.1,22.1,-33.5,05-02-2025
0x49be401a938cb11bc0d4b159ae176c22b220599d,0,0,0,0,,1,0,,0,,,,,0,0,,,05-02-2025
0x808cce351f4576c4692ba00e543e7ae9f97c4133,0,0,-0.1,-0.1,,0,0,,0,,,,,0,0,,,05-02-2025
0xea005a95e25163ddd2dd6fffa257ceb2f36196e8,14825.9,1568.2,1568.2,16394.1,100,70,67,0.9,0,0,0,1,177.9,10.9,-6.1,2066,793.7,05-02-2025
0x9117fd7fe538a009df8b5402c17345244a1da2a8,0,122.9,122.9,122.9,100,3,0,122.9,0,1,0,0,0,906.8,13.6,,,05-02-2025
0xe5aaed5316112aeeb8eec9b2431b02fed1c9ca5d,-21.8,-83.1,-79.3,-123.3,,37,27,,0,,,,,12.7,-11.7,170.7,-20.2,05-02-2025
0x0f32f0b86901d5682287852855cc2734e388bc6d,282706.4,0,0,282706.4,,31,0,0,26.9,0,0,1,166.9,0,0,,,05-02-2025
0x7662cdf598c0435bf3d3c7f141bbd3608c353f40,0,12220.5,12220.5,12220.5,100,8,14,6.7,0,0,0,1,143.7,0,0,,,05-02-2025
0x1383fc49aefe33ac1b6ef1e5d8530b63ebe3fdc9,0,788.4,788.4,788.4,,74,0,,7.9,,,,,53,1,316.9,-32.4,05-02-2025
0xc43c2758f4c10c2eb056904d12a28f499811fe4f,4899.6,-5961.6,-5803.3,-15794.3,,12,2,,5.6,,,,,425.2,-13.9,3028.8,30.5,05-02-2025
0xef6d2680ed012a30387f6ebdbfb41968519d2b62,0.2,-242.8,-298.1,-674.6,16.1,78,56,-4.3,205.5,9,0,0,2.2,40.9,-9.7,103.3,-21.9,05-02-2025
0x77b2a9817037050eda6a1dc61a649a10b4430397,-535.8,-234.2,1270,3138.7,0,0,3,-117.1,872.7,0,0,0,477.3,25.3,0.9,136,22.6,05-02-2025
0x85bc6498cb638448306eb0dbb3c67fb405e22482,0,0,0,-90.8,,0,3,0,2.1,0,0,0,,45,3.3,97.8,9.7,05-02-2025
0x2593df816defcf294d70dd843f129edecc918987,0,258.9,258.9,258.9,,0,0,,120.6,,,,,17.2,61.5,59.3,0,05-02-2025
0xfd16f3be46140a135171fc7ab024beac04a2d6ce,0,0,0,0,,0,0,,0,,,,,0,0,,,05-02-2025
0xf5c1b8e43cdbdf0298acef55dc2eeac9e38439f2,0,0,0,0,,0,0,,105.2,,,,,0,0,,,05-02-2025
0x127c1170463c1aa164c6bf9a0e5d064758c13d69,0,103.5,1304.7,13779.4,69.5,7760,7509,0.2,14.1,342,4,5,84.8,2155,-5.2,11.9,-3.1,05-02-2025
0x25afb2951f370d90fd7aae9008b01cc104c5ff5e,0.2,691.7,-557671.5,-233146.5,56.9,259,211,10,30.1,49,1,2,132.6,68773.9,31,916.3,-27.6,05-02-2025
0xca40227f8792dd8f6d0d07434fa7f6e98b2cc278,0,7.9,7.9,7.9,,0,0,,3.9,,,,,10,3,,,05-02-2025
0x690ea23dfa46816c185c988d10e75ed1274a598e,-2.2,-722.8,-5465.4,-11716.2,,28,1,,50.1,,,,,562.2,-32.8,2909.7,-64.9,05-02-2025
0xe0d1a8f30afc37d8c5db0cb3de62add7029c8324,0,-97.7,37.5,206.9,,0,0,,194,,,,,19.5,-7,62.7,215.4,05-02-2025
0xefb179983935ed542ab3faa53c0cb1f3e1b60939,0,0,0,0,,0,0,,0,,,,,0,0,,,05-02-2025
0xf5e6292facc98ade88525dc9d478f5ae01d07633,-269.5,256.2,379.8,110.3,,35,24,,364.2,,,,,0,0,54.9,25.4,05-02-2025
0x41a9c5a9b637be8f6db5947af2b90499a93e5fe7,0,0,119.9,119.9,,0,0,,0,,,,,0,0,,,05-02-2025
0xa3190cbd5270276e4bc4c8a6d79a98e292eb81ac,0,1954.3,1309.1,1308.8,,28,3,,11.9,,,,,65.5,9.9,729.1,-48.6,05-02-2025
0x84d6ae3f2b28cfbc5b0810b062cd719b20b30679,0,-3268.5,916.1,916.1,,224,20,,50.2,,,,,32,-5.3,496.9,46.6,05-02-2025
0x9dcf2af6d484b533311132de924f8c16ef7e725f,-15.9,0,0,-15.9,,17,0,,0.4,,,,,62.9,-64.3,84.2,-80,05-02-2025
0xdef222beea38efc8b5d114d3da0e78934149d6a4,0,0,0,0,,76,0,,87.5,,,,,4332.9,0,5044.8,0,05-02-2025
0xb6674b2d339dc471d86dd285500e02eeb894d5ff,0,0,0,-186.4,,0,0,,0,,,,,0,0,,,05-02-2025
0x1ef4b2440fe5f544e8697be139b254ed800d2099,0,23.6,23.6,23.6,,2,0,,0,,,,,21.4,2,102,-5.7,05-02-2025
0x0af1f0e93e1441e9a925132939bd52c92be48e65,0,0,1081,1981.7,,0,0,,8.2,,,,,3359.8,2.5,,,05-02-2025
0x572aa5036708094449d8a222be2f7c814b01e7f2,-134.5,256.7,256.7,122.2,61.5,52,42,19.7,7.9,8,0,0,0.5,370.9,-1.8,1217.5,-14.8,05-02-2025
0x1d25f6bfc2e559978f3fa313d8213a58097a34fb,0,-57.1,256.7,256.7,50,10,4,-28.6,136,1,0,0,9.8,370.4,-2.2,1141.4,-23.6,05-02-2025
0x3fd1c168a4d1c8a8f0623f34978ed413b4dec142,-120.8,-40,-49,326.3,28.6,9,4,-5.7,103.6,2,0,0,149.7,12.1,-10.5,273.8,14.7,05-02-2025
0xf1fdaca25e00873aa887185e1dcf891b5eac3c55,-613.1,0,-4571.9,2581,,0,0,,4.3,,,,,158.5,-3,2740.2,-46.8,05-02-2025
0x13ba0b54b3c7028da8c2420cee09995a9e95d462,4.4,619.1,619.1,623.5,100,4,22,619.1,19.7,1,0,0,46.6,0,0,,,05-02-2025
0x456c54f755883916ff02b90f13e20707f916bd32,-90.3,202.1,394.1,3288.5,57.1,83,88,5.6,315.4,22,0,0,48,47.3,-2,190.2,4.4,05-02-2025
0xc9df03ae5c6fa2a049063baabca5404b1c2c4ac7,-50.2,98.2,27.6,-22.6,,5,7,,0,,,,,223.9,-3,294.7,14,05-02-2025
0x06796e7e28415ce6b045dcfeb0a918eca5554227,0,1182.7,1152.6,1152.6,,71,74,,1058.6,,,,,277.2,-4.4,990.6,5.5,05-02-2025
0x0e1b19fcb76165120ab6fa9bd8be9062849427f1,0,0,0,0,,2124,0,0,97.3,38,0,0,30.2,992258.6,0,,,05-02-2025
0xf9c6c497ee5c2a3885f017a8b595f20178a8ca72,0,651.2,2853.3,3571.3,66.7,4,11,0.1,432.7,1,1,0,1.2,106.8,3.5,,,05-02-2025
0x0e90b4dd41b29024e55037809f544078a758d5cb,0,365.8,365.8,365.8,,6,2,,0,,,,,0,0,,,05-02-2025
0x1c214274103fae4ac2f687f367316041069c1e62,0,0,0,0,,1,0,,0,,,,,535.4,50,,,05-02-2025
0xdacd12afafa6c536a7968822c6bc87a4796cdd6a,371.7,0,0,371.7,,0,0,0,11.4,0,0,0,,0.3,31074.1,,,05-02-2025
0xcf0dad79554666fc35a4304f409f6b3d7c74c060,0,0,0,0,,0,0,,0,,,,,0,0,,,05-02-2025
0x9f2df13cbd4489a2857f2dfaa9ffbf5aaac43ad8,-256.7,0,0,-256.7,,7,0,,0.4,,,,,58.1,-88,,,05-02-2025
0x031507681a931dc6f22dd51b5ee168cfc4929566,0,0,-85.2,610,,2,0,,1665.3,,,,,771.9,-0.1,,,05-02-2025
0x3381454380d24f6a9913af81e89ab91700aa0012,-73177.4,0,2741.4,499390,,0,0,,2461.4,0,0,0,,484.7,-22,1167.2,41.9,05-02-2025
0xf6a7453c33113e49348bb2166bf5fad15ce9b8d7,0,0,0,0,,0,0,,0,,,,,0,0,,,05-02-2025
0xf37a142d1182f26b01625fe46ec349e274114cac,7708.2,0,0,7708.2,,0,0,,7.6,,,,,288.7,2669.6,,,05-02-2025
0x5f3544b4ec7ecbfd1417be5fb866340c17d3cc31,-255.2,0,0,-255.2,,7,0,,0.4,,,,,57.8,-88,,,05-02-2025
0x3a95162dd76e928e226cf8513fdde6b5dc8d4c31,0,0,0,0,,1,0,,0,,,,,0.3,0,,,05-02-2025
0xcb65354d298efd1d5ebfdc1f515d79d39f4b2337,-0.6,1330.8,-395.3,2717.8,21.6,71,56,0,64.3,7,1,1,5.9,118.4,-20.7,658.4,3.4,05-02-2025
0x365baa29cb10f7f6ee0e645e0307954dc989c1db,-94.9,853,1407.1,1271.3,,10,7,,1449.1,,,,,145.1,22.4,746.1,31.1,05-02-2025
0x0e0513d80e61d708447bcb8201f29d9e208e069d,1617.3,1337.2,1337.2,2954.5,100,78,83,0.7,0,1,0,0,177.9,1.1,-15.6,1795.9,164.6,05-02-2025
0xe00c21e003cc09dba24adb219680852927585fce,0,0,0,0,,0,0,,0,,,,,0,0,,,05-02-2025
0x4f8e2078153d70abe0d609f619de9d421dcf483e,17914.4,0,0,17914.4,,1,0,,15.8,,,,,10.2,19470.6,,,05-02-2025
0xc33ff489c011217b092d5f660b6a71b9c8ae1adb,-2.1,0,0,21.2,,0,0,,8,,,,,0,0,,,05-02-2025
0x4726bbcc8c986eafd4a7c30b0d05c1d830f64e80,0,3315.6,3315.6,3315.6,,105,0,,301.4,,,,,0,0,,,05-02-2025
0xab25c436ff2fbd2406965b87b67dedb76801716b,0,-0.1,-0.1,-0.1,,4,0,,3.2,,,,,0,0,,,05-02-2025
0x14fd685deb3a7e16a3054eb7a41c99d12d6cb84a,0,0,0,27865.1,,0,0,,89.8,,,,,44479.7,1.4,3934.6,464,05-02-2025
0x9c8a03ea9712c0f26d41e8229b8eb1f14d83c747,0,3585.9,3585.9,3585.9,,2,4,,1962.5,,,,,0,0,,,05-02-2025
0x000ebed280babdbde4d470783efba5dbf84b2317,-27.6,-2.8,-26.7,-147.4,33.3,16,17,0,5.3,4,0,0,24.6,55.2,-0.6,87,-23.4,05-02-2025
0x359877409e6b4f8eead31a0e63fd815f406d9533,0,-24.1,-296.4,-11896.8,50,2,2,-12.1,1611.4,1,0,0,0,676.3,-20.9,1913.2,-17.4,05-02-2025
0xd75ef15a98d5957552fc21b3931e2917a33eba2e,0,0,0,0,,0,0,,0,,,,,0,0,,,05-02-2025
0xc54099970fbfe341025e853cfd849f76bdf5c731,0,615.6,588,4716.8,,15,0,,12.1,,,,,1577.7,-3.9,2177.6,0.2,05-02-2025
0x0a509e693fbd10311d8f03f92b1aedee1afe1228,0,-31.6,-549,4887.1,72,5480,4597,-0.1,12.3,254,3,3,121.9,2804.3,3.9,342.4,1.9,05-02-2025
0x92ca3b7096542b2fab2a461967a352c95cd6395c,1281.7,383.7,-11,1523.1,33.3,31,18,42.6,173.4,3,0,0,28.2,118.9,-5.6,613.7,-4.9,05-02-2025
0x11493e7a653026a06b4ceb4d442d3a077dc55ac6,5157.2,0,0,5157.2,,3,0,,281.9,,,,,785.5,658.1,,,05-02-2025
0x5c4334001635ca354379a67f320ac56ba99e33e0,0,12263.4,12263.4,12263.4,100,12,14,6.7,0,0,0,1,143.7,0,0,,,05-02-2025
0x62caa17e8c9acae43b1977db08a3d7d79b7a2a86,0,319.2,172.5,1131.5,,6,6,,43.8,,,,,62.3,-10,136.7,-23.5,05-02-2025
0x38bf1fe47e91320f55e410ab6ffa48d82a1873d0,1520.7,0,0,1520.7,,1,0,,1152,,,,,0,0,,,05-02-2025
0x15b31b70b00cad03fa7a1bfaa5ff034f2556026d,-153.5,-383.6,-270.8,-72.3,33.3,17,22,-29.5,340.6,9,0,0,70.9,249.4,-3.6,339.9,-24.4,05-02-2025
0x75e532ef8544ee513affd2811e045d4a229fd4ed,-4488.2,4450,1693.7,10690.8,,6,0,,554.9,,,,,111,-3.7,1516.5,-55.1,05-02-2025
0xda2a5258eb46616489a63307ee41b4ddad5a027d,0,0,0,0,,0,0,,0,,,,,0,0,,,05-02-2025
0xdf25a136f469dc94d5936b7883f042627b5752f8,-78.5,-4693.7,-4399.9,-4478.4,,15,11,,26.6,,,,,595.4,-6.3,,,05-02-2025
0x3af81240335324e08c528cf962bd651214aabb76,0,0,12.3,12.3,,0,0,,3.6,,,,,0,0,,,05-02-2025
0xc89e0cdb53672ac0ffb9d6d75594f427ffd9316d,23032.8,0,0,23032.8,,0,0,0,15.2,0,0,0,,28.3,9019.3,,,05-02-2025
0x6c4c7894053c66c78e3c41f9481bcefb444409ba,-113.8,0,21.5,-39.7,,0,0,,48.5,,,,,0,0,210.2,-10,05-02-2025
0xf9384cf23b6e468a4c5bbdc922e4a890272dfab5,0,0,0,0,,0,0,,0,,,,,0,0,,,05-02-2025
0xdc072f881d4da3bd93558f82fa622245c6518ba4,0,0,0,0,,0,0,,0,,,,,0,0,,,05-02-2025
0xcc076984da91c6ca3107c5c8667708cf0af11919,0,227.6,227.6,510.5,,1,2,,663.1,,,,,60.4,53.2,,,05-02-2025
0xb31cff54422910b13b45b8e5b8f4b7f7797cc225,572.3,0,2476.2,15423.4,,1,0,0,8.2,1,0,0,92,158.1,62.4,270.8,10.9,05-02-2025
0x0cc46c25da2cf18c166190603954a46e4277d30f,0,-999.8,-3759.2,-4799.5,,6,6,,60.9,,,,,386.4,-4.5,899.5,5.2,05-02-2025
0x12ec5b3422b56d2700f516b625d9b1e21acbabf9,0,4.4,4.4,4.4,,0,0,,0,,,,,0,0,,,05-02-2025
0xdfcffc1cfd65852373b99b249e595d4f1b6f3fe4,0,0,0,0,,0,0,,0,,,,,0,0,,,05-02-2025
0xfecb907f9eeaa2c998e4851c3ae1e42cc2f3134f,0,0,0,0,,1,0,,235.2,,,,,0,0,,,05-02-2025
0xfa2e223b172e70682446a10f48d77caf92784eee,5057.2,0,0,23442.2,,0,0,0,55.8,0,0,0,,0,0,,,05-02-2025
0x7f5bf9dc01a54995a2c198d6627c51f84f71a188,-240.5,514.8,528,514.8,,1,4,,1116.5,,,,,169.8,16.8,,,05-02-2025
0xf3983197be256c572ebefc1d360c2bbe01c813ec,-2442,0,0,268108.1,,0,0,,97.9,,,,,188.7,1287.2,2283.8,-21.5,05-02-2025
0xbc407016036d84c759696fdbe82e321f2342300f,-34.4,528.8,528.8,494.5,40.7,32,31,0,139.5,9,0,2,7.1,22.5,62.7,53.7,-18.8,05-02-2025
0x50e5e2ca291225c7a408861930b3ffca3ea7c23e,0,-642.9,-642.9,-642.9,0,59,64,,836.5,0,0,0,0.2,0,0,,,05-02-2025
0xf13176ece4ed8d9aa4c335cd4f247458d4863fe4,-57072.3,-19.7,3117.7,44999.1,0,1,1,-6.6,22688.3,1,0,0,113.4,213.4,-5.4,430.9,127.3,05-02-2025
0x86b767f21bd194ca81706a468b09103b93e7f65f,0,0.4,-140472.8,1677429.2,100,1,1,0,90.1,1,0,0,,1062.9,-0.4,2470.7,1.4,05-02-2025
0x8a4de5ca7c402e10978af87b44c7993a7596184e,-165.8,41.4,51.2,-114.6,,8,2,,284.8,,,,,60.6,-2.6,,,05-02-2025
0xedf3a9dd2c062070659b770bd8ba18af64ea3488,0,-1102.1,-1195.5,5216.2,,15,51,,1280.6,,,,,57.4,0.7,44.7,-41.2,05-02-2025
0xd8cf0f457bbb7ca9738372a9c3d7d19817ddcc53,0,49.6,140.8,1081,,8719,8011,,5.3,,,,,475,2.2,6,1.5,05-02-2025
0xfdc942a542aa607bd77160d623ee5c282581f807,5923.5,11669.6,11669.6,17593.2,,11,4,,1880.7,,,,,0,0,,,05-02-2025
0x66dac40ff32032a0b55b63c2adcfd2160445d012,-21.3,10257.4,9656.8,9635.5,,86,70,,60.3,,,,,1410.2,-5.8,,,05-02-2025
0xa9047a539edc9e3d9b1cb7e6a07857e0495f0f3b,0,-2758.4,-3411.3,-3411.3,,23,6,,7.5,,,,,279.4,-8.7,,,05-02-2025
0x001effbbacbc93000fa5c694d13bf8b2225ac204,-12.2,395.3,588.2,576,41.9,193,154,4.3,114,38,1,0,2.2,12.8,-1.5,239.8,-1,05-02-2025
0xb5cb05554867ce201b0e6feb8d6cefd3a1dd5e32,0,0,0,0,,0,0,0,0,0,0,0,,0,0,,,05-02-2025
0x646c482f47654b402c725a812eb7d486a789a7aa,0,0,0,11803.9,,0,0,0,0,0,0,0,,3752.5,-2.1,1539.3,-5.3,05-02-2025
0xb6f95c4c1a35f0c8e82985dea62c9c02bc241348,0,0,0.1,0.1,,0,0,0,0,0,0,0,,0,0,,,05-02-2025
0xe65df08ab1a43c6f2d24bfc969ad0577fffbf06c,0,0,-251.6,-691.1,,0,0,,0,,,,,24.2,-10.7,66.2,-8.9,05-02-2025
0x68e3c22228c82dfc54535750673eea4640c3b262,0,0.1,0.1,0.1,100,2,3,0,0,1,0,0,111.9,,,,,05-02-2025
0x092f8406ff29cfefacda1b996e56666721b39837,-8.7,277,107.8,-1566.7,34.2,208,219,0,73,40,0,1,0.4,73.9,15.7,355.7,-3.9,05-02-2025
0xe24e2b5c6b81857871eb453a1fbbcac4ada0519d,0,1391.8,1391.8,1387.1,100,3,7,463.9,1257.9,2,0,1,12,110.2,126.2,,,05-02-2025
0x50675d0a2f87e0969156cf2d81323cf2f75183e7,0,-21.2,-21.2,-21.2,,3,0,,0,,,,,10.5,-3.9,,,05-02-2025
0xb5167cba2bdb0e6a330c6982d806da058e2ff1e9,0,4117.5,4117.5,4117.5,,47,14,,36.7,,,,,0,0,,,05-02-2025
0xa9cf595cbd94dc774b9a1c3a029965d0ba201795,0,3703.7,3703.7,3703.7,,7,0,,0,,,,,0,0,,,05-02-2025
0x73714675fbc4337d86f254a96027d746c0b59b71,-2782.6,-103.5,-591.2,-5105.2,,12,6,,7,,,,,0,0,1608.5,-87.3,05-02-2025
0xfd93252f954eaacb3c4e339955938aacb2ec227b,0,0,0,0,,0,0,,0,,,,,0,0,,,05-02-2025
0xd37cd8cbdfd5d7df31c9c9eaa5a8183d70656789,0,0,0,575.7,,0,0,,0,,,,,0,0,666.4,-80.8,05-02-2025
0x0ea34a932df55d6207b64ed8016eb4ea8b41e6a3,-1186.1,0,1805.6,619.5,,0,0,,1.7,,,,,541.5,1.4,66.5,-22.2,05-02-2025
0xae5ce5d288b1b572dbb9c658d0264a7a15adae79,-10.6,-47.8,-63.6,-53.5,29.2,65,37,-1.8,77.3,9,0,0,157.7,9.2,-6.6,393.1,2.6,05-02-2025
0xb7f204249868c4f7faee34e03cf9f12ecc36720a,0,-10.3,-5858,-1290,,1,1,,217.4,,,,,519.6,-13.1,268.3,33.4,05-02-2025
0x8675e4f59710c09b022e2b294551b7ed9fa567e2,-21,0,-402.3,264.3,,0,0,,21.6,0,0,0,,53.1,0.8,74.9,0.4,05-02-2025
0x7be1765cb5d587b44abbc2e89d0981e0d1668b6d,251.9,1862.7,246.5,5485.5,33.3,23,13,0.1,1937.5,1,0,1,18.6,152.7,2.4,304.2,-20,05-02-2025
0xf8253760cb8e9d28044a60fc1e586b3a71ca3c0f,-0.3,0,0,677.5,,0,0,,0.4,,,,,128.2,3.3,91.9,42.4,05-02-2025
0xde5a186c94bf9517fafd8f9acf67fa0216739d37,0,1.6,1.6,1.6,,4,0,,12.7,,,,,12.4,-4.6,,,05-02-2025
0x57af4b53eb264e210f326b990b2506707caf5b68,3.3,59.4,205.3,156.5,,2,2,,7.4,,,,,26.2,-24.1,,,05-02-2025
0x6fab0130ac3198daaa30e5338eae015d864646f2,-24.8,102.2,103,78.2,,54,30,,61.8,,,,,1.2,60.9,1.2,-94.5,05-02-2025
0xf571271a147e795f3cb8cb2b9ab0dd760271bc25,0,0,0,0,,0,0,,0,,,,,0,0,,,05-02-2025
0xc7db2c942c2f6a322ba2f33f928d0129c28e9184,-6.9,-7244.6,-8230.5,-10312.3,,55,24,,2720.8,,,,,61.5,-10.7,1185.1,-37.4,05-02-2025
0x0a162668ea9f8246dba6770a28c972a84e281352,-3.3,13.1,-30.4,-118.4,,37,18,,6.4,,,,,2.4,295.2,1.2,90.6,05-02-2025
0x505729ece7c16dc689031b2a9af7b65ffc033d8e,-33.3,203.1,214.8,8275.4,60,10,22,20.3,387.8,8,0,0,82.5,91.2,-0.9,60.4,12.6,05-02-2025
0xfdb6d23a453cc866dcd22b30cc5b3965d565241d,32.3,109.1,109.1,141.4,22.2,32,16,0,2.5,2,1,0,13.1,81.1,-11.8,143.9,35.5,05-02-2025
0x9a5110f7a20188ab9b9f598130d4e6cd6b3ccd04,0,-107.3,-107.3,-107.3,,2,0,,1.1,,,,,0,0,,,05-02-2025
0x095a17a7f72ea7a462b816a24db6cf5414666320,0,0.7,0.7,0.7,,32,0,,0,,,,,9.9,0,,,05-02-2025
0xc1ed1669bed914bd1817b3c3311e6476926ceb0b,0,245.2,3475,4326.4,45.5,11,14,20.4,421.4,6,0,0,9,306.6,18,,,05-02-2025
0x3d8a08d67c7a25c0aaa2604d476587c44ac91546,0,0,0,0,,0,0,,0,,,,,0,0,,,05-02-2025
0xfc8ec416fb764ebadd26bc12eed5326bd1324ef8,6.2,-952.3,-2005.4,-2813.2,,129,196,,36.5,,,,,0,0,,,05-02-2025
0xc5d8f18b55348f641294c32e1bf7834a85bf7b76,0,11,-265.3,3077,30,6,7,1.1,174.4,3,0,0,0.2,49.5,2.8,58.9,-31.5,05-02-2025
0x75a070e97ffb4ce5ae85c10e1bdb918eae264315,0,0,0,0,,2,0,,0,,,,,0,0,,,05-02-2025
0xef1e6d24fcc7e97d97a3dadc5723d78c4cf07107,0,0,0,0,,0,0,,0,,,,,0,0,,,05-02-2025
0xa162f0a40646395ca484a85204fb0df4977670f1,0,66,-4107,-19900.1,25,1,2,16.5,973,2,0,0,369.7,268.1,-23.4,365.3,-8.9,05-02-2025
0x7e2df5fc7cd0e8ace0e5674b3f1e77a698ade3c9,0,2058.2,1608,1608,,29,7,,20.5,,,,,773,-3,,,05-02-2025
0x000000009c941b5951e2ade588bd52a5b10e837b,0,-370.5,-32.5,21128.9,,220,155,,29.4,,,,,6034.2,20.4,29.4,8.8,05-02-2025
0xfca46e86f010381af2cfa74b76bdd82d1a2e5730,0,0,0,0,,0,0,,0,,,,,126.6,100.8,380.4,-18.4,05-02-2025
0xab69f5063b0aeb40a4d96ef6d32f3bfe5f446c02,-38.1,0,0,1015.5,,0,0,,1.3,,,,,22.5,62.2,34.2,27.7,05-02-2025
0xffdd362165648ecd623653f92049944ef34d3d2c,0,0,0,0,,0,0,,0,,,,,0,0,,,05-02-2025
0xcccccccc4f41be45cf888a4bbbba660af6d7e4ed,0,-151.4,-2021.9,-8200.5,64.7,5204,4831,-0.3,50.1,313,5,3,133.3,797.4,-2.1,31.4,3.2,05-02-2025
0xec3716ce31184191d6e6c86f0b481d62df1335af,8.6,-3358.1,-4293.1,-5034.6,,161,272,,52.9,,,,,0,0,,,05-02-2025
0x6e87b6969a6424f6c3199bb48bd41e990eaedc55,0,0,0,0,,0,0,,5.4,,,,,0,0,46.5,5,05-02-2025
0xad8916efe76cb552a802463af34010f3d174e644,0,3,1.6,173.8,100,3,2,1.5,18.7,2,0,0,70.6,32.5,6302.4,58.2,-0.1,05-02-2025
0x93e5e6ed54c1ae1afd16a236b38716821f61f84c,7658.1,645.5,645.5,8303.6,,38,32,,0,,,,,26.7,-17.6,953.3,872.2,05-02-2025
0x3eb746bf5ee1e3d5bbbd4f4932e86fdb846ee79f,13.1,0,0,13.1,,2,0,0,0.6,0,1,0,0.9,145.7,9,,,05-02-2025
0xef5bf8813d62c90e4aed609e8fe9cfb37bcbbc90,0,0.2,0.2,0.2,,1,0,,207.5,,,,,0,0,,,05-02-2025
0x7884c35d1dd6121394dcbbdad7751d0dd2e84aed,0,-180,-476,-501.2,8.3,24,6,-15,104.8,1,0,0,7.1,14.2,-27.5,98,-60.5,05-02-2025
0x4d9bc6f08efcd60a619be85879708cfc61e1d4d3,-412.2,5336,5416.1,5003.9,,22,8,,10199.6,,,,,51.4,-3.8,384.4,-15.3,05-02-2025
0x008faa0d29fdb4ee9909aa747fe522f9a9591698,-0.2,1340.4,715.8,2128.5,,9,10,,37.7,,,,,47.6,-0.5,1460,-4.8,05-02-2025
0xbe004f0287fa4158c5bb43a38040c690a6fdcbd8,0,1287.1,1287.1,1287,100,3,5,0.3,0,1,1,0,0.8,136,54.4,,,05-02-2025
0xfafa0796b7d92aeaad1117a7b8dfd24b73078cae,0,0,0,0,,0,0,,0,,,,,0,0,,,05-02-2025
0xcb8c017585c5fa6117442e580a6dbb0c1f92fdae,0,0,0,699658.8,,0,0,,171.6,,,,,0,0,,,05-02-2025
0x4d364a04f4ddd038e07a7f9c42cd90a09946cb95,57.4,506.1,714.1,771.4,,31,40,,137.3,,,,,25.4,114.3,,,05-02-2025
0xfc7428ba26a536bf7a7f139b459b46868f5e8d97,0,0,0,0,,0,0,,0,,,,,0,0,,,05-02-2025
0x20542372cbfd5c6874ae5945af68f2053f89899e,2,1807.2,4684,-12420.7,50,22,25,180.7,12990.4,5,0,1,17.9,388.7,5.2,2939.6,21.4,05-02-2025
0xfadef961734982c1fca59428fbd34cdd42508c5b,0,0,0,0,,0,0,,0,,,,,0,0,,,05-02-2025
0x2c9b85174e101934b2fed0103f702d55b1feb973,0,0,0,0,,1,0,,1.8,,,,,0,0,,,05-02-2025
0x558ca1eb2842af44f7f9c75a8f1cf3d6d34562a7,0,139,1381.5,1392.8,,4,3,,3235.4,,,,,509.6,0,1067.8,12.7,05-02-2025
0x97b76df6947e5ae65d7bf497565c422f006a970e,0,0,0.1,0.1,,0,0,0,0,0,0,0,,0,0,,,05-02-2025
0xfdb85d729d211214e8e3c5b42e15a1892aa62f99,0,0,0,0,,0,0,,0,,,,,0,0,,,05-02-2025
0x9d1e1bce9968ed0932adaf28111884aeb104743f,0,0,0,0,100,3,5,0,0,1,0,0,,,,,,05-02-2025
0xdb25b26231ab3cc0cd02ff330cb07bda2620472e,0,-1592.2,-1592.2,-1592.2,50,6,5,-0.4,3881,1,0,0,27.7,1283.2,-3.2,,,05-02-2025
0xcd7833fdab9abdd993632c8d12dc10f733d2c14f,0,0,0,0,,0,0,,0,,,,,0,0,,,05-02-2025
0xfeaa8da68dad1a533e95bf50bef7a50e3fa7fdae,0,832.3,832.3,832.3,,1,0,,3,,,,,297.7,11.2,334.5,-87.7,05-02-2025
0xddbeadb1db603e9d1f3129aee215d7528d0bcda7,0,6938,15698.2,99910.1,72,12940,11395,15.9,2317.2,331,0,2,93.2,9029,-47.5,,,05-02-2025
0x7861046740c44b6fd82599dc4739df36ce55018d,0,0,1873.6,915.7,,0,0,,6.2,,,,,1813,1.7,99.7,-81.4,05-02-2025
0xbad191074afb403f50973b0ef69b1759ba43958c,0,0,2509.2,2509.2,,0,0,0,36.1,0,0,0,,456.7,5078.3,,,05-02-2025
0x35c57e5dc0feee17dffb80d4565c10f70837fdb0,0,122.4,122.4,122.4,,17,15,,1029.9,,,,,641.5,7.3,826,1.4,05-02-2025
0xa8cdbfed24105ddf615350a78055f7428c363fb1,-1089.8,2226.8,1150.1,26674.1,25.4,110,108,33.2,490.4,24,2,1,43.2,66.3,32.3,188.6,26.3,05-02-2025
0xdd9c2f6107e78a5b0b022ab8be22176b3946bfbc,0,1406.1,1406.1,1406.1,,13,6,,0,,,,,0,0,,,05-02-2025
0x7f4d2226bebc45ad4f3fefa6e44535d2142f2eb1,0,0,0,0,,1,0,,2.5,,,,,0,0,,,05-02-2025
0xe84d059d4a5482f8ee29c955bb4a44fe9f3b47f2,0,0,0,0,,0,0,,0,,,,,0,0,,,05-02-2025
0x05ac6de951c2fd2a371dbb21a33b1ad2f4f69525,-20.2,-554.6,781.4,13319.9,40,25,17,-37,414.3,6,0,0,1,203.8,-13.5,,,05-02-2025
0xf33d222379bcc50da0c15a5eeb8d323c5287ecea,0,0,0,0,,0,0,,0,,,,,0,0,,,05-02-2025
0x254206ef902a2c9e6f0814c93827afd3a2205c12,0,74.5,74.5,74.5,44,39,43,0,407.2,11,0,0,0.3,109.8,4.1,844.4,-2.1,05-02-2025
0x3f427f14f49da3711410a17b9f0fd6a45a7d527b,0,-0.2,-0.2,-0.2,,11,0,,2.6,,,,,0,0,,,05-02-2025
0xfc070e84d7db04a379deebfbd49b14dafd67ce67,0,0,0,0,,1,0,,0.1,,,,,0,0,,,05-02-2025
0xefb9a74d1921814a9d43e2d422cca110a1ba1eaf,0,0,0,0,,0,0,,1.8,,,,,0,0,,,05-02-2025
0xb2243d2c119f74649f151fc967046cb8dec020f2,-2,0,0,3505.6,,0,0,,2.1,0,0,0,,235.8,-29.2,442.1,-13,05-02-2025
0xde9e4fe32b049f821c7f3e9802381aa470ffca73,0,0,0,0,,0,0,,0,,,,,0,0,,,05-02-2025
0x6e58bdee94a421f967ad93a0c937681e9c75aafc,0,718,1197.9,17236,50,5,4,359,13781.6,1,0,0,12.2,4587.1,-3.5,1782,-0.2,05-02-2025
0x81ca967910a5170ef9d061dcb966fad99e9979ec,0,1034.2,1034.2,1034.2,57.1,3,0,147.7,1216.7,4,0,0,3.6,327.5,4.5,1532,0.7,05-02-2025
0xb7e35a3ac0a2521ee9bbfabb623f8f94c74179b4,0,-135.3,-135.3,-135.3,,10,0,,41,,,,,22.2,-1.4,128.9,-22.9,05-02-2025
0x21bd0b2747230dafe690d7db9e128307b963f027,0,11.3,11.3,11.3,,7,0,,0,,,,,0.8,1.3,,,05-02-2025
0x11f0b7412b38f5c4922389b7ad4ce5c3ad39e677,0,0,0,0,,14,0,,712.5,,,,,0,0,,,05-02-2025
0xec4b2e56871d6d6da0c8a98a89f93d12f0f5c926,-19.6,-111.3,-993.6,12514.9,44.4,14,10,-12.4,484.6,4,0,0,1.6,341.5,4.9,723.5,-25.1,05-02-2025
0x0bed437d4fb75e050b553b141bb1754f3d77d029,30.2,14004.5,36106.9,38002.2,77.8,196,168,482.9,166.3,22,2,0,57.3,2521,2.9,2936,9.3,05-02-2025
0xface9ed568627a70e7ca000bd49e7578d8f07ea9,0,0,0,0,,0,0,,0,,,,,0,0,,,05-02-2025
0x83375b8c80fbe9f623e4b748f196e3fd2bffd175,-0.1,111,111.3,28111.8,83.3,111,31,4.4,36.5,23,0,0,61.7,9515,-8.9,50.1,1.9,05-02-2025
0x0827ba5166c6bf6bcd920052a68c6d4bb36a2fed,0,3490.8,3490.8,3490.8,100,4,2,1.9,63.5,0,1,0,156.2,0,0,1467.3,318.6,05-02-2025
0x22bd1fdef1ef7db07fddaecd987336794ab10712,0,-4.1,-4.1,-4.1,,1,1,,652.3,,,,,59.5,27,,,05-02-2025
0x3a672aae8520cc5e2b2e51253e37bef217309eca,-61.9,3700,2817.1,8623.3,76.9,21,26,0.1,1174.4,8,1,0,6,494.3,4.1,3158.9,32,05-02-2025
0xa5c8c72ddf712bae4c854d80e67848a3739e0ef2,-168,-1449.7,1298.6,57068.7,60,30,31,-241.6,11.2,3,0,0,66.3,276.7,-24.6,2600.4,18.7,05-02-2025
0x1feb2cbd6bba7b16d06928672f28d19313c90daf,11117,0,0,11117,,9,0,,0.1,,,,,22.8,934,,,05-02-2025
0xf69482c885e87f8e3f088155f726c6e773a4f635,-360.4,-34.1,-29,-1773.6,,33,32,,11.6,,,,,42.9,-17.9,145.8,26,05-02-2025
0x995203e8ef0361d25a870220ed7efb4a0e32fea0,-166.6,1157.9,1692.4,-1094.1,,25,23,,2,,,,,2316.2,-31.8,640.4,-47.2,05-02-2025
0xc08440cffaaef850ae7bcc4a55e154f107158b49,0,8363.3,28533.3,37861.8,30,18,30,0.5,5804.3,2,0,1,0.7,806.8,33.7,1262.8,-10.2,05-02-2025
0xd2fde2dc007b8c3f4c30487301c723a04daaeddc,14.3,0,-115.9,1176.2,,2,0,,7.3,0,0,0,,57.8,22.2,140.5,20.4,05-02-2025
0xed0718c7c7296c89a6a7e52390cbe233993759ab,0,1941.9,1941.9,1941.9,,485,0,,482.3,0,0,0,,0,0,,,05-02-2025
0x04bd2af7c7c1e2183f2ea5fe7cce112458cf1437,-2017,3894.6,2086.3,2797,,57,70,,32.8,,,,,181.3,-21.3,1559.2,-14.9,05-02-2025
0xded37424066e1c3f21233ac12335ddd21ad2226b,0,0,0,0,,0,0,,0,,,,,0,0,,,05-02-2025
0xc0b68fa51971bc76e11c1f0ed92d91fa9d1df8e9,-292.8,54.2,54.2,-17535.2,,14,6,,31.6,,,,,321.3,-11.9,4851.7,-34,05-02-2025
0xe3cd6d7c244b1c3a1f670f7f10df392ffac0b19a,0,42.4,42.4,42.4,,1,1,,286,,,,,0,0,199.9,21.2,05-02-2025
0xc7340d735df7b3882e13e685a835af2c9c000000,-0.1,72.1,-182.6,-314.3,,1,2,,0,,,,,48.1,-7.1,,,05-02-2025
0x9c76e0124e0c21a95e4f2e4608436f900e788381,45.1,87.7,177.3,2251.8,100,2,2,0,2265.8,1,0,0,18.3,44.7,-1.7,458.2,89.8,05-02-2025
0x4233bf379513e24b113dbadc1e40782130afa095,0,0,0,106.5,,0,0,,3.7,,,,,0,0,,,05-02-2025
0xc410796a8eed0e0ba8ea972a37b3f516538f6015,0,2750.6,2750.6,2750.6,100,3,2,1.5,0.1,1,0,0,21.4,,,4149.2,66.3,05-02-2025
0xe92fd3afc367c2f0b92906ed021d03375464e12e,0,0,0,0,,0,0,,0,,,,,0,0,,,05-02-2025
0xeb3d41bdbf9f656130a9ed127bdd4c1aa98764dd,0,0,138.7,138.8,,0,0,,230.1,,,,,,,,,05-02-2025
0xf700da7912f15bdcd1bebc1b83a8663c4dba06ac,19556.9,0,0,19556.9,,1,0,,17.6,,,,,42.5,9627.1,,,05-02-2025
0xabef549b0810d842aac89f61f0e85d46e36114d0,0,3.7,3.7,3.7,,1,1,,0,,,,,4,21.7,17.8,2.2,05-02-2025
0x0089543ca489035756ad51488064d5f8f7203a80,0,0,0,0,,112,0,,19.6,,,,,11.8,0,,,05-02-2025
0xe26a819a9ecf8793521d80b51d4fcfbb9dd14f07,0,-2430.9,11814.9,14192.3,23.5,73,58,-143,729.9,4,0,0,1.9,460.1,-21.8,1743,-1.2,05-02-2025
0x8dd0ba1f867fef64ad36b6c929c52edefdc8326d,-2759.4,0,-73.1,-2832.5,,10,0,,0.1,,,,,0,0,,,05-02-2025
0xf7cbd1f95308c46f3c2ac8ad94d5fc5f0f95891e,218.8,125.8,96.5,-338.2,,3,3,,16.4,,,,,2.5,0.1,,,05-02-2025
0x0310fb97a1d9b742ebaa0096b5933a737e2667b5,0,0,-623.8,-623.8,,11,0,,10,,,,,283.7,-10.8,,,05-02-2025
0xffd872f163bad3dc65ac0fd5a874eb3bcc2ae7e2,0,0,0,0,,0,0,,0,,,,,0,0,,,05-02-2025
0xe4b64232379696dacd5bec77981b898482fed361,-3998.7,0,0,-3998.7,,4,0,,16.7,,,,,0,0,,,05-02-2025
0xf7e7a3fee204f25b6179307d4b0f2f1108176cb5,-1.8,0,-752.3,-754.1,,12,0,,9.9,,,,,330.6,-10.7,,,05-02-2025
0x1cd7b6e4c59a70c4f7e504fb76b591c7486d9a52,0,3555,3555,3555,100,4,4,2,0,0,0,1,143.8,0,0,,,05-02-2025
0x78e65829c90f3550e95352b961d31a9adda8437c,0,28.5,-67.8,-313.2,28.6,54,35,0.7,126,13,1,0,8,12.5,-14.3,12.1,-25.3,05-02-2025
0x272ed742fd3d7ffd23e90b947c4087ed37f71d6d,0,0,0,0,,1,0,,0,,,,,0,0,,,05-02-2025
0xf57385f46a6a030f16e4e3d46b39270309788d44,0,0,0,0,,0,0,,0,,,,,0,0,,,05-02-2025
0x3b28ba4fca3d52cc85de9e28a91a77fa5210adeb,-3171.4,0,0,-3171.4,,4,0,,11.9,,,,,0,0,,,05-02-2025
0xafea936f34df9e4050cf8fadadd72a836bc3d58b,0,80.5,212.5,-981.8,,3,3,,0.2,,,,,0,0,,,05-02-2025
0x46ce11411806c5394e602b4164e18a822395b487,0,-159.6,-950.5,-950.5,,17,10,,695.5,,,,,456.4,-7.7,1674.6,26.7,05-02-2025
0x6974ec3b262bac2a1f1ffb7860be33752a713b42,0,144.2,295.1,358.7,100,6,10,72.1,243.8,2,0,0,61.9,62.7,5.7,,,05-02-2025
0x1406d473126d14980e2cf9e783e0e64dc42d2902,0,0,3.4,3.4,,0,1,,7.9,,,,,0,0,62.4,1,05-02-2025
0xcd77112e4dcc04a367c009e0c08313a62879096f,0,-35,-35,-35,,13,0,,292.9,,,,,39,-8.8,,,05-02-2025
0x1d68e4ddcd6ba9c6edd699f974b80eecdec8e615,48.4,1712.4,1013.1,5810.2,100,2,7,856.2,1596,0,2,0,56.8,288.7,7.1,809.5,44.1,05-02-2025
0x91f595b74517fe0fead3050cb9215810c51f51d1,-559.8,35.6,5025.8,5170.7,,6,1,,248.9,,,,,1811.8,-3.6,1465.8,1.8,05-02-2025
0x9a6dc1c0610d5fcf665695a78151caf65f061e71,0,0,0,0,,0,0,,6,,,,,0,0,,,05-02-2025
0x9cd4c3f687fea14187757a8c7f24b36860502414,0,-34,-34,92.9,66.7,9,2,-11.3,0,2,0,0,0.3,0,0,184.5,-52,05-02-2025
0x685217dda2de168436e96adfff59c25bc72364c6,-38.9,0,0,-38.9,,16,0,,0.4,,,,,67.5,-70.6,76.8,-50,05-02-2025
0x2b84280c76877b341b9f8f627cb56cf7f38bb0b4,0,0,0,0,,0,0,,0,,,,,0,0,,,05-02-2025
0xe521d3198b99640339dfdc5be8119e4a73179c44,0,0,0,0,,0,0,,0,,,,,86.1,10.6,,,05-02-2025
0xfeb6ad744133acf8310294a0295dea7f75e06524,1047.4,0,0,1047.4,,1,0,,1931,,,,,0,0,,,05-02-2025
0x8101565d3c55110519d63dfeb0e03383d178256f,22951.7,1406,1406,24357.7,100,0,1,0.8,6,0,0,1,168.6,18.6,8974,,,05-02-2025
0x24438da170fd3279a2486c161ea35caef5065b53,0,86.5,86.5,86.5,,0,0,,0,,,,,0,0,,,05-02-2025
0xe8b3c48480a4b96366d89c149de94f815016b724,0,0,0,0,,0,0,,0,,,,,0,0,,,05-02-2025
0xac2c656adab2e7acf791918a7e376ac4085d19cf,0,1161.6,-10733.3,122531.4,50,19,21,290.4,38,2,0,0,131.7,512.5,-16.8,4337.5,-40,05-02-2025
0x4f47ee704cbe01418faf21d19f1c70403450fba0,1348.8,3976.7,7866.4,9215.3,,4,7,,72.9,,,,,0,0,,,05-02-2025
0xc13770ef163dd48395084e1c3699e55cb2b132a4,0,41.4,41.4,41.4,,1,0,,0,,,,,14.7,12.3,,,05-02-2025
0xe2021ffddf4c99997e6b8ae03d98f14726b7a2e3,-5.8,0,257,983.1,,0,0,,3.8,,,,,3.5,-1.2,85.1,24.2,05-02-2025
0x470983d417ec9830924160f095ad958213a5a5b0,-38.3,-23.9,-911.4,-725.9,,3,2,,5.5,,,,,71.9,-16.5,370.7,-2.2,05-02-2025
0x5c7911bfde3b5ffcc766ef093490d2d492be9d87,0,11.6,11.6,11.6,,1604,0,,0,,,,,0,0,,,05-02-2025
0xab0553fb5d3b6f20fb88b85cbba222881bb57009,-71.2,0,312.8,34531,,0,0,0,500.4,0,0,0,,276.6,78.6,759,-6.9,05-02-2025
0xd7ba7c8088311560705cc3c176f1af1a1bca1e7c,0,0.6,0.6,0.6,,31,0,,0,,,,,3.5,-5.6,2.5,19.7,05-02-2025
0x6df0cf7ab4c410d46691014086a37793ec749981,4038.5,199.7,199.7,4238.2,,0,1,,1640.5,,,,,0,0,1394,304,05-02-2025
0xe50859a6b1f99b6aec68d21f73d7c1523ef4be0e,302.1,-34.6,-276.2,-3192.2,50,4,2,-5.8,6,2,0,0,881.4,687.2,-8.2,30,25.7,05-02-2025
0xe003b5cf7b0f21e2bab3618458484b5e549bf0f6,411.4,51.3,51.3,462.6,33.3,41,3,8.5,306.7,4,0,0,53,45.2,-3.1,37.3,-18.5,05-02-2025
0xd48410becc77b9a8fa3ad585741a7901bcbf77d3,0,1151.4,1151.4,1151.4,,7,0,,0,,,,,0,0,,,05-02-2025
0x4431c82d59a64d4053e15dd2fecdc84e9af94413,0,0,0,0,,0,0,,1.8,,,,,0,0,,,05-02-2025
0xfe70f2740b96ed1a13bc1da678870d589ca71f12,0,0,0,0,,0,0,,0,,,,,0,0,,,05-02-2025
0x177f8faf49f158dc24a902bdfa4d88f094276ec2,0,-41.1,-41.1,-41.1,,2,0,,0.5,,,,,0,0,144.6,-73.8,05-02-2025
0x7b516a6844083d4e0012d53ebed89c2319d8cd5b,-1504.5,-277.1,1847.6,22603.3,28.6,22,10,-46.2,1118,4,0,0,34.8,250.2,2.8,437.6,-10.6,05-02-2025
0xadf5dd7ee40c05a75b24a63226456c977c8fa31d,0,0,0,0,,0,0,,0,,,,,0,0,,,05-02-2025
0x713d7ccc123ecfd34019ab4758fbb1c78459f980,18847.1,5051.3,5051.3,23898.3,100,187,199,2.8,136.8,0,1,0,177.9,0.1,-8.2,8049.2,313,05-02-2025
0x18c7df1134449a878ca470fe4568422a56967e23,-1436.7,137.9,77.6,-333.5,75,15,9,0,164.7,6,0,0,15.1,248.8,72191.7,411.5,-36.2,05-02-2025
0xea36b357f8a5284646d065c40d06b216d2f72351,0,0,0,0,,0,0,,0,,,,,0,0,,,05-02-2025
0x6dbb9d989289bdd2f11ae7b65783ba8cac6027d0,0,0,0,0,,5,0,,0,,,,,30.7,0,,,05-02-2025
0x58071064e04a7f9c643297697c3e7cbbfddfe671,0,0,-877.5,1089,,0,0,,204.6,,,,,234.4,45,1474,-59.5,05-02-2025
0x5cc4806f87458a2e397c537546cc82757713defd,0,0,0,1662.4,,0,0,,0,,,,,89.3,18.2,83.3,-2.2,05-02-2025
0x7357b7e7ca37323073712350ad95e207e70aa74d,-0.6,-0.9,-0.9,-1.2,,5,0,,7.1,,,,,0.3,-23.9,0.1,-40.1,05-02-2025
0x9bba0391f35d03a157b5034bc27e7e6c174d0c37,0,0,0,90.8,,0,0,,1.2,,,,,19.1,3.6,4.7,-0.6,05-02-2025
0xe7951ed4bb77a770114c6637fb5a53cb17630c71,0,-35.7,-35.7,-35.7,,7,10,,2962.3,,,,,19.9,9.5,541.3,1.8,05-02-2025
0x3d3e6a0d4aeed249ed5997a5e591d33e323684ba,0,0,0,0,,0,0,,60.3,,,,,0,0,,,05-02-2025
0x4679e9d7b35ac8b0728e2fb8146d3716ef11ff4b,0,707.3,9243.1,136636.8,33.3,9,9,78.6,6390.8,3,0,0,0,678.8,13.7,,,05-02-2025
0x157baa442691e0ac82144b01b702819e42945e35,0,0,0,0,,0,0,,0,,,,,0,0,,,05-02-2025
0x77e5b579a627bff57f9f67e4206fe60decf5f96c,6598,0,101.5,6699.5,,0,0,,100.4,,,,,301.6,2221.7,,,05-02-2025
0x72f3c6af7cfe93ac9197aa377fc276caa865c390,0,8918,15102.9,15102.9,17.6,17,21,0.3,1979.3,1,2,0,0,1415.2,31.1,,,05-02-2025
0xe1c8826a1b31f4ac1801cd726b3373d2438415ac,-132.9,0,29.8,-1913.4,,0,0,,0.2,,,,,0,0,,,05-02-2025
0x47cf64dc4868f3004be281b33fa42f69bd23c0bd,-510.1,104.4,-4964.3,5627.1,,13,8,,1.4,,,,,42.1,-7,1984.3,-1.9,05-02-2025
0x5bd8ae935d47a546ec9dc3062eb649fbaf643188,0,-17.9,-17.9,-17.9,,2,0,,0,,,,,10.9,-4.4,18.9,0,05-02-2025
0xf86f8df952f6ac3d924506c347621ae89b4a4697,0,4719.6,-2239.9,-2239.9,,9,2,,27.2,,,,,587.5,-0.9,3458.2,-2.1,05-02-2025
0x057f27b2fd753e90eccc6a7319ac3b194c19f595,0,84.6,84.6,50.9,100,1,2,0,152.7,1,0,0,54.9,28.6,-0.2,123.2,-11.6,05-02-2025
0xec150bbcfe23672170befc2cff4cbade90c03edf,0,-119.9,-119.9,-119.9,,43,33,,57.7,,,,,30.3,-3.6,129.2,-6.6,05-02-2025
0x36fe9fb3645b9f8fba132cc273db6aafce37e8e1,0,-436.6,4491.3,4491.3,,96,84,,0,,,,,150.9,-12.1,234.7,-14.9,05-02-2025
0x48cbcba6ac23d19600fd1ef60a062e7c89acf886,0,0,0,0,,0,0,,0,,,,,0,0,,,05-02-2025
0x5ab98bea098b9bee1a3d3e5b2a30b93d3a3b2c75,0,0,0,0,,1,0,,84.1,,,,,0,0,,,05-02-2025
0xf67723915353fe7a34a9487be9df7e4b9d2b4bdc,0,0,0,0,,0,0,,0,,,,,0,0,,,05-02-2025
0xe6404ea86c3e32bb44684d0a2aefdedc9fef4774,0,0,0,0,,0,0,,0,,,,,0,0,,,05-02-2025
0xf6001f4e1e9e4031f21a675ad2e3c2342a055ad0,0,0,0,0,,47,0,,0,,,,,33.3,0,71.4,0,05-02-2025
0xac35b520f0095b76f387451f74d11abaffb042b7,697.5,153.5,673,3049,57.1,23,21,0,338.3,8,0,0,0.6,253,1.5,119.4,-13.1,05-02-2025
0x02664e77d5b2b3573fb7e959bbe819f663c536de,0,299.8,-607.2,18483.8,100,7,4,299.8,4.1,1,0,0,1.2,254,4.5,716,-25.1,05-02-2025
0xb71808cbb67fb88c618ad8e36022ed13da675595,0,0,0,0,,0,0,,9.9,,,,,0,0,,,05-02-2025
0xe2f9b60d0f14df528f864095c1a30d72de2cae30,-0.3,0,-240,-85.4,,0,0,,0.8,,,,,128.4,-2.3,372.1,4.5,05-02-2025
0xf956a96ea4530aa327130b318222f3d82f2e18ca,0,0,0,0,,0,0,,0,,,,,0,0,,,05-02-2025
0x8c75c3534e04fd21de01a4a19d8b90912123dc60,0,-17.3,-17.3,-17.3,,0,0,,12.5,,,,,0.1,-1.2,,,05-02-2025
0xf6e01de15f2d195818121c2403da4405af83677b,0,0,0,0,,0,0,,1.4,,,,,0,0,,,05-02-2025
0x0c0b86d0c1d79b4ea7d60ade3b4fc77033704943,-1637.1,46869.6,77079.9,305989.9,100,0,4,82.7,0,1,0,0,843.9,653.2,6.2,6145.4,10.3,05-02-2025
0x12a548efa3101ffec81f1642de909c39c1573f7c,14607.4,1005.7,1005.7,15613,,59,64,,0,,,,,12.1,-7.5,1540,1013.8,05-02-2025
0x6683c415de286b26079ef5ba2a31c280c4bb6875,0,-8059.5,-54216.6,-77714.5,,614,1180,,602.9,,,,,315813,-1.8,36580.8,1.7,05-02-2025
0x6a95dbc3320d140b6b5082eb33715133e15ae7fc,-135,-44.2,701.3,566.3,,3,2,,15.9,,,,,0,0,321.1,25.2,05-02-2025
0x5659d33ca59c5283b54540d52a978c47db3a29eb,0,29.3,29.3,29.3,,1,0,,34.5,,,,,871,1.6,386.7,3,05-02-2025
0x6c89417455b0ed0ed090489e9f2e904b4d1db974,10.9,4194.6,-26743.9,-14904.6,28.6,175,97,0,124.9,21,0,1,8.8,902.7,20.6,2521.2,-15.5,05-02-2025
0xef4aaad71e49c9a36952676e8d3ba5ce8396d9c2,0,0,0,0,,0,0,,0,,,,,0,0,,,05-02-2025
0xabdbe31444cf28741f9756aa63e005530ada0b6f,0,0,0,0,,1,0,,0,,,,,84.6,0,,,05-02-2025
0x9f23cb6f4fa057c4141d0e81f60c2f34df8f31ef,-19.5,0,0,-19.5,,17,0,,0.4,,,,,68.1,-69.2,88.8,-80,05-02-2025
0xbb21fdb60aea2da51858834efd38660b5cf111df,0,0,0,0,,0,0,,0,,,,,0,0,,,05-02-2025
0x444d76897090f80e18273d6aafd07f7d1f95a42a,216.9,2284.8,3067.5,3131.6,,128,105,,18.3,,,,,331.3,1.5,,,05-02-2025
0x79fa60c84bd07026df39c002ea0f81555c6dc801,0,0,-7827.3,-9136,,0,0,,0,,,,,0,0,,,05-02-2025
0x8e3bc49b827459beecd2a8fa4eacd30cf9a989ef,32.5,103.4,56.6,3344.3,40,11,10,17.2,1.6,2,0,0,106.1,475.3,1.3,1421.4,-29.2,05-02-2025
0xd3d0053bf8b2b7005dd09ee078d517122b9cf9e4,0,0,0,-102.7,,0,1,,39.6,,,,,0,0,,,05-02-2025
0xc1cf18edf76834b70b9f4870c343783d1a26bf7b,0,-600.4,-2913.4,-34523.9,0,282,278,-0.3,6.4,0,0,0,,353314.6,-0.2,115748.8,-0.5,05-02-2025
0x06f3895f4b53ff27f3ef2f1a91409f72f59a5407,0,0,-56.9,-56.9,,0,0,,61.5,,,,,0,0,,,05-02-2025
0x1d3cb00f0fece752b6cce082333ea9e0e256c855,-12.7,0,-1778.4,4290.7,,0,0,0,0,0,0,0,,164.9,22.7,846.4,-7.2,05-02-2025
0xf45f475bb759f21b1939a0cae74118a72117f5ac,0,0,0,0,,0,0,,0,,,,,0,0,,,05-02-2025
0xf19aea91b62055499384a0e93e155dae230d0dac,1516,307.6,307.6,1823.6,,8,3,,31.3,,,,,0,0,,,05-02-2025
0x3f4934630b852b340bad5738bbbbf5171ba98eaf,-93.9,10.4,-717.5,-811.5,,50,42,,141,,,,,45.9,-25.8,257.6,-18.5,05-02-2025
0x06e5fad6d5a598488593b6988741e688adb60f6f,0,-51.9,10312.1,9543.9,,0,2,,59.9,,,,,199.2,-3.2,753,-43.3,05-02-2025
0x52d3d55a9c94282ddf08a0216dd890693ff5fc60,0,0,0,0,,2415,0,0,120.6,39,0,0,37.5,717808.7,0,,,05-02-2025
0xfb4046507e77a236de0d4a7186506d108c2d7baa,0,0,0,0,,0,0,,0,,,,,0,0,,,05-02-2025
0x7f8f85fa72fa82902de1a5c6a479e3d668ef8f2b,0,0,0,0,,1,0,,117.6,,,,,0,0,,,05-02-2025
0xf3c9d740ae1d729478674d3ce2f6dcb175543d17,0,0,0,906,,0,0,,0,,,,,94.4,-0.2,41.6,66.4,05-02-2025
0x4df495b783a9e849eebbe431d881d43a26f0f686,0,435.5,9773.1,108407.3,42.9,30,28,15.6,3264.2,11,0,1,0.9,362.4,16.6,2487.1,-18.3,05-02-2025
0xed57aae27840ea5d9e92625e3cd92fede6cada97,0,0,0,339.8,,0,0,,0,,,,,257.6,-0.8,6981.1,87,05-02-2025
0x12b7b0356459eb2e151b9c5e975698466a8dec1e,0,-0.8,-0.8,-0.8,50,37,0,-0.4,13.1,1,0,0,639,0,0,22.9,-9.6,05-02-2025
0x78bd5c7f104aadba9584a22ba137dc40e160d221,-4,4143.4,4143.4,4139.3,100,27,15,4143.4,3218.8,0,1,0,22.7,3679.6,61.5,,,05-02-2025
0xebb4964fc2c7438c2385253f454d18c12af89d32,0,0,0,0,,1,0,,0,,,,,84.6,0,,,05-02-2025
0x0f81dfea26e3adcde8b921a593f4691e31a3e717,0,0,0,0,,1,0,,1198.7,,,,,0,0,,,05-02-2025
0x57e938b65960ddd7fadd998ec7d6a8fc4ae6ea80,-30,0,904.4,874.4,,0,0,,16,,,,,15.2,-5.2,781.4,112.6,05-02-2025
0x55b4cbe368d5ccf7cfdb2e40795085a0943d7f16,0,0,0,0,,1,0,,208.5,,,,,0,0,,,05-02-2025
0x664d6645a04be9e27a8b33088f85025f29d45dc1,0,-589.3,49060.2,177768.1,28.6,7,9,-84.2,9516.8,2,0,0,0.2,1091.4,29.4,3616.8,83.9,05-02-2025
0x2fead4de1ec28cd82c9907127e08ec7ce5041cd4,0,2628.7,2628.7,2667.3,,19,0,,202.4,,,,,0,0,,,05-02-2025
0x4c1500063ded7e9f54bc9f7c8c19f8a3651286d1,-27.1,413.7,413.7,329.3,,0,2,,618.6,,,,,47.6,-32.5,106.2,128.8,05-02-2025
0x54af9da5e50a5bfc72b8e319bb6fae9b09eb1075,0,-20.3,-20.3,-20.3,,0,0,,12.3,,,,,0,0,,,05-02-2025
0xbf36e10212da2d92bcd8383f7f3738bce417ae68,0,0,91.5,1317.4,,0,0,,1356.2,,,,,0,0,,,05-02-2025
0xdfbe7077c344208c3e34084b647a67007909bf38,0,0,0,0,,0,0,,0,,,,,0,0,,,05-02-2025
0x8a9f79be1a8ca4266d9d7d1e9f5a1712e18ae9d0,0,0,0,0,,41,0,0,3036.1,40,0,0,72.8,1595.8,0,,,05-02-2025
0xb459c44789d52d98dc68033eca5943680f9a8070,0,0,0,0,,0,0,,1.8,,,,,0,0,,,05-02-2025
0x2363df99bd7ce62212965d122b88220fd53c904d,0,0,0,0,,0,0,,0,,,,,0,0,,,05-02-2025
0x13fe7cbcf1fc807ea6cf540b283ce8e34300f2da,0,18797.3,86367.8,97624.7,53.8,347,513,324.1,559.4,34,0,1,200,6351.7,1.9,2205.8,260.9,05-02-2025
0x60fe5ee1711f4b35babf41adfdb0e9635d541226,0,132.4,132.4,132.4,,5,0,,0,,,,,145.8,-4.4,287.2,-23.1,05-02-2025
0xaac84e8df34f86edeafe037826c0d4a833237013,-2823,0,0,1233695.6,,0,0,,865.6,,,,,1186.2,-5.5,4245.4,-34.3,05-02-2025
0x04a273f719871554bc42ed99b99b9905eae1b3ee,0,8.2,11.9,91569.6,,6,5,,88.3,,,,,614.2,-0.9,1785.4,-4,05-02-2025
0x6fb9e69bffed9bef3124f982e4b0a4dca2255954,-3.1,-4.5,-4.5,-7.6,,12,12,,0.5,,,,,1.6,-3.5,3.2,8.1,05-02-2025
0x88a26244ebe680cc2b00941d70283402086fcd6a,-2.2,0,0,-12898.5,,0,0,0,0,0,0,0,,440,-5.6,11788.9,-4.9,05-02-2025
0x61a13ea84bea41788fd61a9bfa08a2a09da2a42e,-41.7,-1.7,-107.2,-439.6,60,7,3,-0.2,3.8,5,0,0,7.2,40.6,-26.9,71,-13.9,05-02-2025
0x76ca2812480fb07b233dc2276486c6b370aef4bc,-4463.5,-2706.2,-5027,555053.2,0,0,6,-451,88107.7,1,0,0,469.5,426.3,-34.8,610.9,98.3,05-02-2025
0x2832c25b6f99884c73f6bd9c894470aa601c905f,0,-2,418.6,418.6,,4,5,,2.9,,,,,0,0,301.6,2.8,05-02-2025
0xc72ecdc789746e7cc764db7791e2c2f98a9c8c30,0,0,0,0,,15,0,,0,,,,,27.4,0,73.4,0,05-02-2025
0xdab7c2ac40db1b7991a1b8d000d34b16d33ff8d2,0,0,0,0,,1,0,,0,,,,,47.3,0,64.2,0,05-02-2025
0x096d49b84e7120307ffd176703fa6bbe774118db,0,5507.7,5507.7,5507.7,100,1,2,3,0,1,0,0,143.4,0,0,,,05-02-2025
0xb9d60d0792a4ef05e09d62ce083afd090ddb3491,0,0,10368.4,44149.8,,0,0,,0.1,,,,,424.2,525891.6,23.6,2.1,05-02-2025
0x530e6c5f3c23c59c22c9d08e1c4ad1e0c13faf54,0,0,0,0,,1,0,,4.2,,,,,0,0,,,05-02-2025
0xc7ab51c984b3ee1b660a01fceb7c7560d254a9c3,1876.6,108.1,108.1,1984.7,,0,1,,1766.7,,,,,,,,,05-02-2025
0xfba648592b6299d1da1200356ec97e0ce221a5c1,0,0,0,0,,0,0,,0,,,,,0,0,,,05-02-2025
0x8227c41a60aebd31afbfd3c1e2e0dd597f376966,0,86,63.5,-2570.6,100,2,2,43,0,2,0,0,3.8,165.9,9.3,277.3,-8,05-02-2025
0x35baaad75dfc703eee8e87d6766dfe5eaad6e160,2012.2,791.4,-2124.7,318.9,25,56,13,-0.1,623.5,0,0,1,206.3,209.1,-41.5,1347.8,-14.9,05-02-2025
0xea1fb1cd568a578cb66838d96e7d79a405a898f1,0,-0.1,-0.1,-0.1,,2,0,,0,,,,,0,0,,,05-02-2025
0x0af263757d3f439f198ac82ce2535a8395f023ac,-5.5,0,-343.3,825.6,,0,0,,0,,,,,6.4,20.2,,,05-02-2025
0x5c47ca9218313b52eeb35d9d1ccb628e3844d872,0,0,0,41.4,,0,0,0,0.5,0,0,0,,0,0,,,05-02-2025
0xeeea728724fc4daad16b98143f48b0d0c82503ed,0,0,0,0,,0,0,,0,,,,,0,0,,,05-02-2025
0xc076ffc269c1f4933f9d10ad4b4c57ab988d85e5,0,0,0,0,,299,0,,120.6,,,,,604.1,0,8863.1,0,05-02-2025
0x5cd6c732aa65c61812da5f2a04ef9349cb54b490,0,6521.5,6521.5,6521.5,100,4,6,3.6,0,0,0,1,143.6,0,0,,,05-02-2025
0x4be20f05e7387de174ae8dc295e9ebcc6ba7cb5b,0,0,0,0,,0,0,,0,,,,,21.2,6.3,,,05-02-2025
0xeb7f75ef955c1bf9f357643cda12da0be87ddd99,71.5,50.8,58.4,129.9,100,26,12,0,448.9,1,0,0,3243.6,0,0,,,05-02-2025
0x8bc8fb893a295b7c921becfe9487abfd19262a71,0,0,0,0,,0,0,,60.3,,,,,0,0,,,05-02-2025
0x659dc87afd2e850f4bb243318c4dde3993b35105,0,214.9,214.9,214.9,,49841,0,,31.4,,,,,0,0,,,05-02-2025
0x83361cc6e6b2e005e90156e2b2fea988315b00f7,0,-6.5,-6.5,-6.5,,5,0,,0,,,,,36,-16.9,11.9,18.5,05-02-2025
0x2a5513ffaa06395fda03762f5718ead10f1a83d7,-741.5,-135.5,-15069,-14924.1,16.7,20,14,-0.1,44.5,4,0,0,405,274,-31.4,1732.2,-54.7,05-02-2025
0x9c1cd792bc37c2b948770a889c070596c87670fb,0,590.2,610.1,546.8,,41,59,,373.4,,,,,54.9,1845.5,40.5,-6.5,05-02-2025
0xcfc4324ea66b33165d57969f7b4e17530498e426,25869.1,0,0,25869.1,,0,0,0,16,0,0,0,,38.8,11779.6,,,05-02-2025
0x4290e7fe7f05804903e09c760c6a544b0a3bfe4e,0,55.1,55.1,55.1,,38,0,,9,,,,,0,0,,,05-02-2025
0xc20675af64cacb99995a16701b0e8e34b10b394d,-0.2,0,0,947.8,,0,0,,0,0,0,0,,70.7,58.4,840.5,13.7,05-02-2025
0x0295be5487d8abcc20b9728d1ef83623f1351cfb,-1995.2,-96.3,-958.4,-2097.3,0,14,7,1,8.3,1,0,0,2302.9,0,0,1416.5,-91.5,05-02-2025
0x667c44a45afe8ac972e3b845cdf3e6347f22320b,0,16626.1,18948.2,18948.2,29.5,654,623,0.2,430.6,37,0,0,75.4,1559.4,0.3,6152.7,3.9,05-02-2025
0x9cd97a8a0827c008673d3dbb9d829ed74f05c168,-1703.5,1890.2,-12128.7,-70797.9,,22,9,,6.2,,,,,106.8,-12.6,353.2,-65.5,05-02-2025
0xf617b19daf052202485d81a540f311804b74c563,0,0,0,0,,0,0,,0,,,,,0,0,,,05-02-2025
0x425c4a6f52ae8c7ec708e533ef362f8232f95fe4,45.3,80.6,122.6,550.1,30,12,6,6.7,804.8,4,1,0,155.8,29.9,11.5,59.2,22.5,05-02-2025
0xc5d74b7cb84a5d8dc0d847599b145b9c20dd7711,0,0,0,0,,0,0,,0,,,,,0,0,,,05-02-2025
0xde508ff428eb24b51f31c3d0e80b62ba28465d59,0,0,0,0,,0,0,,0,,,,,0,0,,,05-02-2025
0xe254294acd5df047f45b5525fb0fcaf12580c91c,0,0,0,0,,1,0,,243.7,,,,,0,0,,,05-02-2025
0x98874e7f204df916cd08e9fd6be3caea1736887d,-0.5,-1.7,-28.8,-57,25,18,1,-0.1,8,5,0,0,32.8,4.3,-13.6,5.6,-48.6,05-02-2025
0x67197f304f5d8aecf0f4a74b0d5d321403d1b7b0,0,0,0,0,,1,0,,0,,,,,0,0,,,05-02-2025
0xfb68149c04b3f68dbe3c73a4600a0eb873100705,0,0,-14.2,-18802.7,,0,0,0,17.5,0,0,0,,160.3,-1.5,5405.2,-59.5,05-02-2025
0xb51ff2f65b935142aab32abefa1c0e29a4161d31,-6198,2738.7,3163.2,185010.2,35.3,22,26,210.7,24340.9,4,3,0,464.9,386.2,3.2,2924.2,34.4,05-02-2025
0x1ecc47d86d7882ec7c6d6915af3bad541451a006,-216.1,2359.2,2359.2,2143.1,,72,69,,3.6,,,,,77,-7.6,689,3.3,05-02-2025
0x01d71e5443e8f6d02f2387837e010e0712830658,-1.5,1425.4,-382082.7,188968.6,78.1,3700,4038,2.9,57.4,405,4,4,97.1,10832.6,0,7384,0.3,05-02-2025
0x9f4e22b5f84a7c7c7f3c07d59708ed02898d848d,8987.1,4899.5,4899.5,13886.7,100,136,70,2.7,0.1,1,0,0,163.1,0,0,,,05-02-2025
0xded111f2201c81c8eb7862966949bccf08f9c176,-687.1,-443.5,-538.2,16311.8,,13,15,,600,,,,,171.2,1.8,311.5,38.2,05-02-2025
0xe6cb098fbfd77dfe05dbb72ad6300b1edf22d03f,0,37626.6,-152686.1,-203445.7,,191,159,,56,,,,,565.9,-0.4,191.1,13.4,05-02-2025
0x188fb9582d8f42437c196da25b2e64a32bef864d,0,-32.9,-32.9,7,50,16,12,0,0,2,0,0,46.8,142.6,105.8,,,05-02-2025
0x0836f2b9931016486f19cc8b0167a46372cf4f99,-7.7,163.9,155.6,-74.7,,0,1,,0,,,,,64.5,8.1,,,05-02-2025
0xe34c8742270c72295f2e1cc2362f7fe206eb97e3,0,0,0,0,,0,0,,0,,,,,0,0,,,05-02-2025
0xc97d653dc75cf1a95db6aa8c35d9c7fda3a1be82,-160.4,0,821.3,33.4,,0,0,,41.6,,,,,20.4,-15,197.6,-39,05-02-2025
0xf1fcfae111707b0dd677bc59fa30e97924b424b4,0,-91.3,-91.3,-91.3,,41,0,,0,,,,,1.6,0.8,,,05-02-2025
0x5cbfee6fd59488eb788f8434f439cfd26417191f,-153.2,317.7,317.7,164.5,,4,4,,4.6,,,,,0,0,,,05-02-2025
0x2e9b571cb15c71301d5701bdb06020fb9f22f00f,0,2095.3,2095.3,2095.3,,33,0,,1867.8,,,,,0,0,,,05-02-2025
0x1f4a4fe8be5afadc287eb0869d5eee80ad5de36c,0,64698,64698,64698,40,71,116,7,5.2,4,0,0,131.4,0,0,,,05-02-2025
0xa1ae0377fb7898578376899a784b988a867efd03,0,0,0,0,,697,0,,0,,,,,0,0,,,05-02-2025
0x0ac6100174c4c964621306fdaba33b52bfd58b7f,0,3558.6,-12845.9,192346.3,63.2,77,73,80.9,36452.9,31,2,5,123.2,31.3,83446082669.1,842.2,287.3,05-02-2025
0xe8827f778419e1c5bf60f853f18de45497cd35d6,0,0,0,0,0,0,0,0,3.2,1,0,0,,0,0,,,05-02-2025
0xfa392089a17484558a9bce1e9742a90b0e236263,0,-41.5,-214.7,-796.8,0,2,0,-20.7,104.2,0,0,0,0.1,124.2,-26.8,237,-33.8,05-02-2025
0xfffff36e4a7ead52e23284c9eed18eccdedda71e,0,1821.2,1821.2,1821.2,,43,41,,0,,,,,731.9,-5.8,2541.4,8.8,05-02-2025
0x16f23e8d34dbf937cb94e9ef81f06f2f093d51d9,0,0,0,370649,,0,0,,0,,,,,0,0,,,05-02-2025
0xc606170dafd1293b4556cc4999a7d2111d470ba6,0,0,0,0,,0,0,,0,,,,,0,0,,,05-02-2025
0x0e9412714426c59ae2b62cd000a1eabb2c804acd,0,2848.1,6646.4,6646.4,,31,36,,963.8,,,,,479.3,12.4,1630.8,11.1,05-02-2025
0x0c0e7b56348872783944c6e06201f086879bf1e2,0,1328.1,1328.1,1328.1,100,2,3,0.7,0,1,0,0,143.6,0,0,,,05-02-2025
0x35ca188d2e377392b9011c51bbee0dc4fab0af78,-50.1,-42.6,336.8,936.9,50,22,25,-2.7,273.2,8,0,0,0.2,54.2,-5,,,05-02-2025
0x26ecaee748f7b2fa702529c46288d425da0f1faf,346.7,2664.2,2664.2,3010.8,100,173,170,1.5,58.1,1,0,0,177.9,0.4,1.8,,,05-02-2025
0x4e6cb1789b8c98198e59a408464d445ec03c64fa,0,2491,2722.1,1643.8,100,4,4,830.3,10.1,3,0,0,35.7,234.1,-7.2,2200.1,64.4,05-02-2025
0x6242d236f48db30bcd3e7533008c297580c9e32d,-95.4,2.7,-221.1,-316.5,,9,4,,0,,,,,4.9,-21.4,34.6,-32.1,05-02-2025
0x2744e04664e696451bef9fea8f34e2e9c5e08642,0,0,0,0,,0,0,,0,,,,,0,0,,,05-02-2025
0xf8d063c697f2f358f1a4cac0645d9671b67dd1f8,0,0,-711.5,-711.5,,12,0,,10.9,,,,,221.9,-8.7,,,05-02-2025
0x74ec3718ad9012c41d920c28b0d716e823718ec6,0,193,193,193,,44,0,,0,,,,,93.4,0.3,64.5,-2.7,05-02-2025
0x89118ece410bd66aef81e6b3a1045c85eafbef40,0,-3.4,-4,-4,,32,25,,0,,,,,6.7,-2.8,8.4,29.8,05-02-2025
0xbf58d9b4572b435b4c9c79c34431f0875611613f,529.9,365.9,424.6,954.6,,1,2,,2145.8,,,,,0,0,,,05-02-2025
0x7a55adfd9ddee11785593e64682521ea48abb9ed,0,0,0,73854.8,,0,0,0,0,0,0,0,,0,0,2600,2840.6,05-02-2025
0xfecd7d43542dd66fe48f7e139e6b3b38ae7098c7,0,0,0,0,,1,0,,0,,,,,15.7,0,,,05-02-2025
0x000000000e9e87cb030a951f10062810bdc1b117,0,489067,492606.4,906425.7,58,215,249,6190.7,28.7,66,1,0,232.9,346791.4,343602.4,2141.8,-15.8,05-02-2025
0x35a214b13c9e223b8d511f343ac8fa94293233a1,0,0,0,0,,0,0,,0,,,,,0,0,,,05-02-2025
0x40d51db1e113f13f95d0af58d4b1199eee94747d,0,6867.1,6867.1,6867.1,100,3,6,3.8,0,0,0,1,143.6,0,0,,,05-02-2025
0x64d795758184e4093846df728348ab599effd194,-394.1,819.3,561.7,167.5,,17,12,,18.3,,,,,233.4,47.3,134.8,-63.5,05-02-2025
0x1adde3ebee3510f228b4c1dd2a902610f1055069,0,0,0,0,,0,0,,0.5,,,,,0,0,,,05-02-2025
0x7a5d5474c6317edc8c5a30769adfdebabd6ee4ac,8233.4,-876.1,-876.1,18769.7,,1,2,,893.9,,,,,89.9,100.6,3131.2,336.5,05-02-2025
0xfcbb4bf6229a3e9e3e6b33402b5cdf2b3177e3fe,7.4,786.6,709.2,-6887,,0,0,,1.1,,,,,387.4,576.8,1279.3,19.8,05-02-2025
0x904d7501a03603ba5e8b0887c13987891d7cd46f,0,31.7,31.7,31.7,,3,0,,0,,,,,8.9,0.3,,,05-02-2025
0x02f7c27c09e54f2de04e13eddceae6ef7eabbd8d,-54.3,0,0,-54.3,,2,0,,8.9,,,,,0,0,,,05-02-2025
0xb4bc7f48a7244350155dc7759e42178af98fb977,7568.7,-316.8,-207.6,10642.3,0,1,1,1,22.8,0,1,1,734.4,192.1,382.9,599.5,-60.9,05-02-2025
0x7554fde34214f025013a13f0ffb7c71b3d63901d,1.3,3634.8,8136.5,8137.8,46.4,85,85,64.9,7040.1,26,0,0,3.9,617.9,17.7,1198.6,-27.5,05-02-2025
0x361bbcb1617aad14c034f7b7f0db2aabddfde933,0,6.1,6.1,6.1,,3,0,,0,,,,,0.9,2.1,,,05-02-2025
0x2c367f29d754185e6a982ca1e164191546bda44a,0,0,0,0,,1,0,,0,,,,,48.9,0,,,05-02-2025
0x2edf99761a2a4ae07b5490f5794580bc97e7a6ec,0,0,0,9660.1,,0,0,,0,,,,,629.9,10.7,7018,6.1,05-02-2025
0xdcd3371970a6814ab5dd153444791b576dc06333,0,-787,1935,1935,,14,8,,4353.1,,,,,1035.4,4.9,1080.6,10.9,05-02-2025
0x9d34151abe8d1594e74f463d350840119ab0689b,-4668.5,-289.4,2324.5,27855.1,40,9,7,-57.9,2492.6,2,1,0,197.5,533.5,39.7,1763.7,66.3,05-02-2025
0xcb49a349e3ccaaa474a75e23167a8732efd5a8a0,0,0,0,0,,0,0,,0,,,,,34.1,0,,,05-02-2025
0xe15aa526a27739b540b38c29b273a90136395d3c,0,0,0,0,,0,0,,0,,,,,0,0,,,05-02-2025
0x44444444f91e912d6f6603dfe0c54833f2bdb69c,0,-245.9,-1911.3,-1259.8,66.5,6970,5415,-0.5,38.4,296,8,4,181.1,2307.4,14.7,12.4,-2,05-02-2025
0xf8e3bd20cfd21eba6feed10bbd59e2f2d8f88aba,0,0,-1313.5,-1313.5,,0,0,,0,,,,,135.8,-19.4,3,0,05-02-2025
0x60ec77b716a43ed9ef83a04c21f7344e7fddf7f5,10240.5,-26.8,-15.7,10224.8,0,15,9,0,14.2,0,1,0,82.1,276.7,64.2,,,05-02-2025
0xf35cc833cd47f4b934114912b882762ee345911b,0,112.2,6482.7,7553.6,,21,21,,10,,,,,632.8,4.2,,,05-02-2025
0x2a82577fcdc4e252ed7174660d7c5bc49c5fe55a,0,-25.6,-7145,-16780.7,50,8541,8079,-0.1,77.2,269,4,4,135.6,1135.3,-0.6,20.9,8,05-02-2025
0x75834b60c105f9ac03ac7d2cdb96e4254dedf592,0,0,0,0,,0,0,,0.5,,,,,0,0,,,05-02-2025
0xb24447bb710bcdd3548eef9d218b2352e3c376cb,0,9.9,-3523.6,-19600.8,,8,9,,0.1,,,,,28288.3,8849473.5,25780.2,0.3,05-02-2025
0xcd3628a1ceb2d547bc7c0aa0a0ba2801ff196afe,0.4,0,0,1141910.1,,0,0,,0,,,,,80,14273.9,,,05-02-2025
0x5fabc95a8927b4d1d511a4298a8b5a7407232c57,0,0,0,0,,1,0,,0,,,,,14.4,1.5,,,05-02-2025
0xfab3f843673c38a0ca60c91bb1d509e5a34280a3,-25.6,0,0,-25.6,,17,0,,0.4,,,,,51.9,-58.3,84.5,-75,05-02-2025
0x07cca5374b11c668e0f424b7ed6d68c768721d3d,-0.9,733.9,6793,208707.5,57.9,22,22,38.6,3515.7,13,0,0,26.1,1131,16.1,1852.6,-35,05-02-2025
0x49a45d077d1a62c1031b459508a078dff79d37a3,2204.3,2823.2,1171.6,2005.6,25,49,31,217.2,2.5,4,1,1,40.1,216,33.5,633.5,6.6,05-02-2025
0xe9ea432f90141d37ddc0d49315bde0de624b6291,1169.7,704.2,704.2,1873.9,,1,2,,6.2,,,,,42.3,2022.8,,,05-02-2025
0x22f02e946bf14718bffdf74ba73bf4672d94bbf7,0,0,0,283799.7,,0,0,0,0,0,0,0,,12.5,35475,,,05-02-2025
0xf8308061edecf7cd6bea93e9b5b914a93e26564b,0,42.2,42.2,42.2,100,14,3,0,0,1,0,0,59,1217.2,3.5,,,05-02-2025
0xabb4ca191a329ce0cd6a851e015eed05ca179ce2,0,75.9,75.9,75.9,,22,0,,0,,,,,45.2,0.2,,,05-02-2025
0xa697d62b42a894185d430bc9e2ee6778a9f4bd90,-137.8,0,0,-137.8,,17,0,,0.4,,,,,83.8,-93.3,77.3,-40,05-02-2025
0xf27ab35c23eaec19de59fddd38a2824c41f8cacf,0,-124009,-124762.2,388424.9,77.6,3456,3963,-248,59.4,409,3,3,183.3,32.4,4.4,7347.9,0.1,05-02-2025
0x4bee62277c84cf6a32daa50230c2dac0910190e6,0,-2.3,-2.3,-2.3,,1,0,,29.5,,,,,14.5,-9.1,,,05-02-2025
0xc546e8d466609a7ff457f6736784fc8651fb3fa2,0,-55,-1508.7,-326.3,16.1,28,31,-1.8,4.1,4,1,0,6.1,11.4,-14.1,59.8,1746.3,05-02-2025
0xbd8fd31b5f2c70b6c0b394ef6cce8901884cf87b,-3.6,-24.8,-1002.4,-690.7,,111,1,,0,,,,,99.8,0,325,19.4,05-02-2025
0x57606db231eddd68c57a624501a814c4f2acc1c8,0,-2570.7,-2570.7,-2570.7,,12,0,,0,,,,,42.5,-21.4,240.5,-15.6,05-02-2025
0xdd8777d3d8ce2f6c2817a04be34805dbe1312225,-23128.6,1908.5,3050.9,93940.9,50,13,10,136.3,1431.2,9,0,0,329,105.1,-60.7,514.6,-17.6,05-02-2025
0x0b42b665f0637bdc80d2928e5970df3e0a7c827a,8997.5,0,0,10169.8,,1,0,,17.8,,,,,190.1,74,,,05-02-2025
0x1c8f839c40013f86379fcde5683760b076a2a509,1463.6,0,0,1463.6,,1,0,,19.1,,,,,64.1,3340.3,,,05-02-2025
0x54aea43c4fa735745b36f4a1fcc301b056842ce6,0,156.1,3305.6,13579.4,47.1,78,53,8.7,234.9,9,0,0,15.4,201.9,14.3,178.2,0.5,05-02-2025
0xda48eaf1e7dda837ff74864b764894a3501a574e,0,0,-646.7,-646.7,,12,0,,11.1,,,,,287.7,-12.8,,,05-02-2025
0x9f91896a48c6f9539634e36c103e19a949544c6e,0,0,0,0,,18,0,,78.1,,,,,49.1,-23.1,72.8,0,05-02-2025
0xd57c4010e161a44bf672a21b119a2e0c4d7ba755,0,1025.1,1025.1,1025.1,,471,376,,367.3,,,,,186.2,-2.2,140.6,7,05-02-2025
0x8232e1df3ee8911e2ce0349adde11fc8fbc1f8df,554.9,-985.4,477.4,14551.2,34.5,52,42,-32.8,496.8,10,0,0,72.2,250.2,-20.9,310.8,-24.6,05-02-2025
0xea91be909d902a02c67ccfd10ac85dd1d968fab4,0,0,0,0,,0,0,,1483093,0,0,0,,0,0,,,05-02-2025
0x5c567cc8b83caf9cd2c897df63949c46c1a2dfdd,0,0,0,0,,15,0,,0,,,,,18.8,0,69.2,0,05-02-2025
0xfe9a4f43abb4bea55fcefeced8d3869726041ba3,0,0,0,0,,0,0,,3,,,,,0,0,,,05-02-2025
0xcab9afba20c734a17b5f047818e0b07f65a4c49f,0,-453.4,-453.4,-453.4,,1,0,,0,,,,,113.3,12.7,257.8,-16.9,05-02-2025
0x74d6520964422a7321f4f71514f530759e944312,-423.3,83.8,42.5,-519.8,,3,4,,2.5,,,,,22.7,-7.8,28.3,18.4,05-02-2025
0xd0008afa57b01172c5bab0679fe24f1557109de3,0,0,-633,-633,,12,0,,10,,,,,323.8,-12,,,05-02-2025
0xeee5e7f6d46f06d8a55714f6e984f4a3b05a6ebe,0,0,0,0,,0,0,,0,,,,,0,0,,,05-02-2025
0xec5f2dd77a5af7db25518f99a04f2d6e5f40e077,0,0,0,0,,0,0,,0,,,,,0,0,,,05-02-2025
0xfacc29ff3155d2dffdecc88b446e9e5a8f21517d,62.4,0,-754.8,-692.4,,1,0,,4.7,,,,,39.8,-1,4281.6,-12.3,05-02-2025
0xb15ac1599c60479fb67056a842bb17a942e0918f,0,0,0,0,,0,0,,10.6,,,,,0,0,,,05-02-2025
0x94b5ec119072b1a7b85e40fe9bdae83a71a3475c,0,191.8,191.8,191.8,,6,0,,0,,,,,104.8,-1,,,05-02-2025
0x6105e908d2130e728bc7783cc6e196df84125d9f,0,-3117.8,-3117.8,-3117.8,,14,0,,584.1,,,,,1.2,0.3,189.8,-58.6,05-02-2025
0x4d6361f632c25210be68dae7878918527002894b,19071.1,0,0,19071.1,,1,0,,17.8,,,,,46.5,6793,,,05-02-2025
0x8fb7dbc1904f0c11e3b18476757826bb2eaf1582,0,0,0,0,,3,0,,0,,,,,0,0,,,05-02-2025
0xf641164e1fc62084387e3dc1a0f76e377aa80983,-49.2,-0.3,-2.1,-46,4,33,32,0,3.6,1,0,0,23.5,2.6,-6.8,,,05-02-2025
0x2e0cf9718e6ad5e9b7cd52891b4008a5ad4b540c,-2589.6,0,13493,682881,,0,0,0,115.5,0,0,0,,2512.7,69.9,2308.6,-38.8,05-02-2025
0xf3fbe2b63abb02d5fe5fb631f3d32f5be77f9d49,0,0,0,0,,0,0,,0,,,,,0,0,,,05-02-2025
0x395a48695ebe6716b459ab375f8de98803d58d9a,0,0,0,0,,0,1,,0.7,,,,,0,0,,,05-02-2025
0x22a5615e4681208ed23e70f198a7193a1e7ef6c2,7134.9,4009.8,4009.8,11144.7,100,167,192,2.2,54.9,0,1,0,177.8,7,-3.4,7626.4,164.5,05-02-2025
0x565953cdc45858e2778ed1b123917d5a45a4d4a8,-60.3,0,0,-60.3,,7,0,,0.4,,,,,44.8,-60,,,05-02-2025
0xe89e2ecf0ee3a428c705be98e568ddb7a0a8a690,145.5,-254.9,-368,6262.9,37.5,11,9,0,77.9,5,0,0,53.1,1151.6,-4.3,2063.1,-4.6,05-02-2025
0xebfe21a671b5045f61d1d47075190fba3f28fe9b,0,-4576.5,-4576.5,-4576.5,,11,0,,17849.3,,,,,0,0,,,05-02-2025
0xf5236b9ba2cbd65a117c8f1d03c264f6b29621d1,0,0,0,0,,0,0,,0,,,,,0,0,,,05-02-2025
0x9cc057c08d1033dd3b40d4ac87037ba2f319ee0a,0,0,0,0,,8,0,,0,,,,,0,0,,,05-02-2025
0xd1d4d9312ccb6f9e3bcd70cf30a0fe1f65d3b258,2709.8,902.3,902.3,3612.1,100,48,3,,807.9,1,0,0,,0,0,,,05-02-2025
0xf9036c5e7a5312ff51513601755d8cefa9032255,0,0,0,0,,0,0,,0,,,,,0,0,,,05-02-2025
0xffc898b03dd411b2f306710a63b9b12e81e58c85,0,0,0,0,,15,0,,0,,,,,38.3,0,74.3,0,05-02-2025
0x33b88e66fe7c9f1a6e8a7b415297ecb909b57729,-4097.3,2938.8,2938.8,-1158.5,100,167,180,1.6,862.5,0,0,0,183.2,0,0,,,05-02-2025
0xd22ea70c6362d76f7638b68a8400b5bdab31f944,13341.1,421.6,421.6,13287.2,100,1,2,0.2,480.7,0,0,1,58.3,155.2,972.9,5.8,-93,05-02-2025
0x017b30048ad2fcf8726e034aa23e92d4837778e6,-2.9,56.5,55,1484.4,75,85,8,4,345.9,11,0,0,24.5,984,1.7,1226,-39.9,05-02-2025
0x3bc77f6bd8b9d97983c8cf10c6db5417da7886b0,0,0,0,154.8,,0,0,,9.7,,,,,0,0,,,05-02-2025
0x4a82a4dc3d2cda436b4d1d426b37da8e2db22ddf,0,320.6,320.6,320.6,,16,0,,0,,,,,157,5.1,14,0,05-02-2025
0x77777e5046edc499d195d81d855ee9ab45ee41f0,0,1173.2,3233.8,3233.8,43.8,17,18,73.3,656.1,7,1,0,0.7,271.9,23.6,437.1,-13.3,05-02-2025
0x95456bb680bbba729b086056bc9ee9309fbb613c,0,1958.5,1958.5,1958.5,,2,0,,2.8,,,,,382,1.2,,,05-02-2025
0xc88417c92797eb880337ac7f2d0e7cadbd743048,-11,17.4,26.2,1966.4,29,48,50,0,20.5,9,2,0,32.7,6.7,-4.8,9.1,67.4,05-02-2025
0x17b78cd8d00eecf9be370e408f58fa9de3abf73d,0,396.1,944.4,20956.9,70.1,7028,5018,0.8,14,314,3,4,132,9282.9,25001671.9,7.3,3.6,05-02-2025
0x4419f739aa8d9e9098fe85caaf58af46ea0ac41f,369.7,548.9,1045.8,1472,,2,2,,1606.3,,,,,144.2,-1.5,325.1,-36.1,05-02-2025
0x94a7c15c1d4915583408c6b571c7565ba29baf25,0,7.1,176.3,5973.1,67.7,3786,3573,0,2.9,230,2,3,75.3,414,5.7,15.8,2.4,05-02-2025
0x88b2f5ee5004bbb2a31c5add961e92ecbbf5504e,0,508.4,1142.2,3867.4,100,2,8,254.2,1744.5,1,1,0,0.8,151.7,26.9,316,24.2,05-02-2025
0xbca940e929945ded756c257a4ca665df4cfa3e0e,0,0,0,34829,,0,0,,0,,,,,929.4,4.1,,,05-02-2025
0x87163863be1880363b46cab8bd720ed1fc935a06,30.5,-6,-325,125.1,14.3,12,13,0,0.5,1,1,0,148.9,17.8,-35.6,54.6,-46.6,05-02-2025
0x1748cf0fb6f12ef148fdb0f494ba875305085e1a,0,0,3323.1,3323.1,,0,0,,0,,,,,848.8,-4.3,1994,1,05-02-2025
0xe2a0d2eabe152b3a0a2b9b43b33122509410dbde,-902.3,506.7,-1665.8,-3958.2,16.7,13,12,0,49.5,2,0,0,70.9,75.3,-5.4,99,-60.9,05-02-2025
0x497520f2bf7ad2fa50cf9586ffc49e7cbd13816a,-31254.8,0,2655.6,113809.7,,0,0,,15938.8,0,0,0,,857.6,140.9,1483.6,-45,05-02-2025
0x84936b5515ea7ecc7087e2c9a7b225bc41a8091e,0,2796.6,2827.5,3846.5,100,2,2,0.8,663,1,1,0,0.3,134.1,23.3,79.5,4.4,05-02-2025
0xfda96d14a9d557133c9151c4521c8dd70d28e1c6,0,0,0,0,,0,0,,40.7,,,,,0,0,,,05-02-2025
0x609587d8609f2d698d56827dfbf7a0122f454d4a,-93.5,-143.6,-836.4,-929.8,,14,13,,0,,,,,56.9,-19.5,60.3,-47.4,05-02-2025
0xe035df5ae2ae6c1da6a7d368c044c6c5344284cc,0,-2795.3,-2795.3,-2795.3,,0,0,,56.8,,,,,0,0,,,05-02-2025
0xeaaee4d173ea4e3dc31b7103e2ddca95820f09b4,32.3,0,0,17.7,,1,0,,1.9,,,,,0.9,-2.8,,,05-02-2025
0x80ae7988966d34a3fc5bad16f794ea8edc47d42d,0,0,0,59710.2,,0,0,0,0,0,0,0,,0,0,2800,2132.5,05-02-2025
0x21243cc092ce65d07edae6dcf184e35a1f59d1fb,0,-129.7,-277.5,230.7,,4,2,,0.6,,,,,59.8,3.8,171.9,-37.8,05-02-2025
0x03dc1007a311bf21ef45837a00e92300b867f030,0,31.3,31.3,31.3,,0,0,,0,,,,,38.3,9.1,,,05-02-2025
0x0517b5885e0a02617523d410339d6617096f0c78,0,2152.1,2152.1,2152.1,100,2,4,1.2,0,1,0,0,143.6,0,0,,,05-02-2025
0xa9e773a6bcf42a83b713fa1ec32304a014d313ed,0,2130.7,4259.7,4259.7,56.2,31,39,0.1,1911.9,9,0,0,0.7,382.1,16.3,,,05-02-2025
0x8c92953d2fa69531ebec3ce219b673407f2a944b,0,4291.3,38071.1,37545.6,100,10,11,2.3,2184.8,1,0,0,0,0,0,,,05-02-2025
0x9231a17285b1c8ee3490725ae5c4641c411ad06e,0,453.6,421.6,421.6,,5,2,,305.3,,,,,16.9,-4.7,,,05-02-2025
0xa9e0be9b90a58aa83d196267308de460a4f5a172,0,0,30.6,30.6,,0,0,,2.3,,,,,0,0,,,05-02-2025
0x290f3027e6f2d80ece7c9576218ec2e448df383d,0,-5180.8,-5633.7,-5633.7,,16,14,,26.8,,,,,430.9,-6,,,05-02-2025
0xd2ab8b9f971d07765b0edb240dcea8176d6d4014,0,0,0,0,,1,0,,0,,,,,0,0,,,05-02-2025
0x0c8a2d8603cd15768a0d2659fb429758954ded05,0,0,0,0,,656,0,,0,,,,,0,0,,,05-02-2025
0x25e4e4b065850c9075ba6cd7eba71c90b1c464cf,23157.3,4305.5,4305.5,27462.8,100,181,191,2.4,39,0,0,1,177.9,0.1,-7.5,6981.1,411.7,05-02-2025
0xe4ec6043161af3e2bf2f9702c1a2ed268f7c217a,0,0,0,0,,0,0,,103.7,,,,,0,0,,,05-02-2025
0x7673ccf41298298208f2bbf5c2da07b3b96e5b7a,0,62.1,62.1,62.1,25,18,16,0,736.1,3,0,0,0.1,49.8,-16.6,319.1,-7.4,05-02-2025
0x5dbc8197aa2bb6ae066fe1dcd7ed99bc0a39d964,0,163.6,499.5,499.5,,13,6,,0,,,,,25.6,50.8,723.4,54.8,05-02-2025
0x885d44e79005fa8c602672bd25b8963b82658d8a,-1642.4,285.4,929.6,8142,54.5,13,14,20.4,421,8,1,0,116.3,54.9,32.3,109.5,-7.4,05-02-2025
0xad481b7df5be0b5b7ccfdb12ea3261997a3f0d3e,-43.3,644.5,4893.3,4850.1,,84,25,,703,,,,,241.8,8.1,339,27.1,05-02-2025
0x4b2d0a49dbbc4202b1543b1d95b83aeeab7d9f86,0,47.5,47.5,47.5,100,25,6,0,0,1,0,0,52.6,2319.1,2.1,,,05-02-2025
0x6455fa1d68d613696b3386c6f5f09a2802473f6f,0,-15.9,-15.9,-15.9,40,12,0,-0.4,36.6,16,2,0,22.4,7.4,12.3,26,-24.9,05-02-2025
0xf69d4a3da1a46afd78992203723e5849a7a21443,-193.6,39.2,-459.7,1254.2,,3,4,,1559.5,,,,,39.9,-13.6,77.6,-27.1,05-02-2025
0xe26cd9c267b002c9dfbd3e933145f09fe2c36968,-5440.3,78,2826.1,59270.1,100,2,4,39,5322,2,0,0,0.3,760.7,19.3,764.2,-1.4,05-02-2025
0xbb40206a87734bb490510de5a8750b8f2ce29b2a,0,0,0,0,,0,0,,60.3,,,,,0,0,,,05-02-2025
0x0cf2aee08acea68f73415df7abcba4b4fbb4a74b,0,0,0,0,,0,0,,8.5,,,,,0,0,,,05-02-2025
0x77c8ec97009c050f008e4bd9ec93b08833676e07,-14.2,0,-0.6,-38.5,,0,0,,1.4,,,,,0.1,-0.2,,,05-02-2025
0x77703d980073e36df974b51a2b73c3e0df97fb6a,-597.4,-875.5,-875.5,-1472.8,,4,0,,596.7,,,,,520.8,-12.6,,,05-02-2025
0x2d5ad3e3cb1689a1f896a8b28588815cc1365387,2.5,0,0,2.5,,1,0,0,5.4,1,0,0,0.5,0.8,1.4,,,05-02-2025
0xdcf45f5a86f58a3b3b442b832b7a5bfdb3733144,1383,333.1,333.1,1716.1,33.3,11,7,0,7.2,1,0,1,9.7,96.8,49.4,391.1,-44.2,05-02-2025
0x81b40cc1665a6a4eb4c2769e7137413f8bc4880b,0,0,0,0,,5,0,,125.8,,,,,0,0,,,05-02-2025
0xcf9957d444d310507c1db9570b74bcebef30e5f3,-981.1,0,-256.3,47409.4,,0,0,,0,,,,,1798.5,-8,3612.2,-10.8,05-02-2025
0x28777207bad1a22f8180c731b1ec46d1cd31f91c,0,-1234.2,2485.1,10174.1,26.3,27,22,-65,179.9,6,0,0,0.4,480.2,-0.1,759.4,-11.3,05-02-2025
0x1e2d998a3952503f8e818d98e078c6cd366cd109,0,0,0,0,,1,0,,0,,,,,47.2,0,,,05-02-2025
0x4fb0d0304b310130de519b7f85a79695aea113d3,0,0,0,0,,1,0,,6.5,,,,,0,0,,,05-02-2025
0x684b219dbb7bd651a0456f0a21504132022cdae5,0,0,0,0,40,19,0,0,1.8,5,0,0,4.7,1.1,-13.8,1.2,0.2,05-02-2025
0x945bc978ca01d5c99965c75aa330e7f3e7a989ac,-7187.6,0,0,323570.5,,0,0,,3,,,,,1110.6,-2,4097.7,-41.3,05-02-2025
0xa1626351438582a729c2312d832561db518c55fb,0,226.4,226.4,226.4,,5,0,,104.4,,,,,15,0,,,05-02-2025
0x6f920a646e6434dde45c93ddac893d47a5a9786c,-1945.8,759.3,-3103.6,16092.4,,19,8,,1.3,,,,,101.9,-13.7,1475.4,70.3,05-02-2025
0x945e456e25d19128dc913cfeceb80ea5c65614b2,-60.3,-202.4,-357.4,-78.4,,51,38,,18.3,,,,,7.3,-16.4,74.5,52.3,05-02-2025
0xdcb465bb0b5ffae47caaab5ffd47fa418da43621,0,0,0,37793.1,,0,0,0,0,0,0,0,,16653.8,7,12363.9,4.5,05-02-2025
0x3dff0613a4e291dadffb2df6070ffad44f990a24,0,116.5,116.5,116.5,,0,0,,6.1,,,,,108.2,25.9,,,05-02-2025
0x45400f0bfba07f3a1dd2cb889c2a9c6f0be3751c,0,10609.6,10609.6,10609.6,100,8,17,5.8,0,0,0,1,143.6,0,0,,,05-02-2025
0xf9fe1f3d035fd4c74c505c1a476da0313bbe90e0,0,0,0,0,,0,0,,0,,,,,0,0,,,05-02-2025
0xfed0e453354abf851297e843fb697b8a3d5ec902,0,0,0,0,,0,0,,0,,,,,0,0,,,05-02-2025
0xa1a8ae7b62f54e65b05723d16891fce586e02604,0,586.2,996.2,996.2,,0,0,,30.3,,,,,0,0,,,05-02-2025
0xf6a26406fcb0e695b705ea9e1667227ae4a5921f,-741.6,0,0,-396.8,,0,0,,116.5,,,,,6.6,5.2,,,05-02-2025
0x2d0f44548f2b7aa35662489552de1022c2fa7a73,-85.9,-44588.8,-131868,-116361.7,,159,296,-44588.8,0.3,0,0,0,101.8,1126.2,1.2,24.5,102.6,05-02-2025
0x7f0fa0bab21c6749f12116aa8cbab7bbae8f50f2,0,-1840.1,-29204.4,-76851.8,16.7,89,147,-40,4424.4,18,0,0,279,179.2,-18.9,2173.8,0.2,05-02-2025
0xe465cdc6ac0193085aa10d94a7fe7b470b09fed9,0,0,0,0,,0,0,,0,,,,,0,0,,,05-02-2025
0x54b611356f27e45acab8bf33a4f8236804f437f9,0,0,611.3,611.3,,0,0,,0.1,,,,,0,0,,,05-02-2025
0xa9cfd7a88b7b0509e2325971192fd0b86292c81e,0,176.3,-104248.2,-97511.3,,22,15,,11.2,,,,,249.2,-4.1,1214.8,16,05-02-2025
0x990fe1ed34e4372798bb8a47e4fe5ea4d9227222,-119,2.7,188,19172.1,29.6,92,95,0,181,16,1,0,7.4,333.9,-6.4,723.1,-19,05-02-2025
0xa4d37991b4a8eaf6277ad05c1cd292f3d607cb36,0,-136.9,-136.9,-136.9,,15,0,,0,,,,,27.4,35.3,,,05-02-2025
0x0dde04dc791aee7a98e22cd0358fd9ab18647eab,111.1,1859.3,1859.3,1970.4,100,16,1,1859.3,127.1,0,1,0,71.2,0,0,,,05-02-2025
0xf31ca32d6d62be85022c1b5ec20d6be5b2aa94f0,0,0,0,-46.6,,0,0,,78.7,,,,,0,0,1922.6,-2.9,05-02-2025
0x9acd9c9133d1faf7794bcd23cc56c8b72afe075e,0,10,10,10,,3,4,,0,,,,,,,,,05-02-2025
0x16408762b974134aa74e7a86153cd1c7cb3b9813,0,0,0,0,,1,0,,0,,,,,10.8,0,,,05-02-2025
0x4044f389e034d25b0583f80e94da60d7abcf5bfd,0,805.4,805.4,805.4,,29,0,,1838.6,,,,,95.6,-11.5,,,05-02-2025
0x688ce4a9e559b8989533166bc2c76f956df1ae8c,0,349.1,387.1,387.1,,5,2,,0.1,,,,,0,0,,,05-02-2025
0x02d2463f4445ba5a7d9f74551779d30a8f1a48b1,0,346.6,1819.4,18612,,7006,6187,,2.8,,,,,35.9,82.2,0.9,779.2,05-02-2025
0x2cbb0270a05bd132ce3a0dd33bd9ec57e195f9b1,0,0,0,0,,1,0,,0,,,,,84.6,19464.1,,,05-02-2025
0x9e6cf5e6809df9272c917d58a0ca0176d5074bd3,0,711.9,711.9,711.9,,4,0,,2.8,,,,,0,0,,,05-02-2025
0x62268537352cb2c3f9d663fba584968a5f4378b2,0,-84.7,-84.7,-84.7,,15,0,,2.6,,,,,18.6,-1.7,10,0,05-02-2025
0x907d232e9d55af861dbc0341a3133a1035aca326,-1178.5,431937.6,1450381.8,7615129.5,100,2868,1805,33.4,1213.1,0,1,0,94.4,69167.2,-18.6,135386.5,1.3,05-02-2025
0xd083d50a3a908a027c6984e9856f377549bb118b,0,0,0,0,,0,0,,0,,,,,0,0,,,05-02-2025
0xdc2df89fb22e34d748c0f9b577fbdb73cc02fbd5,-433.7,601.8,601.8,-13.4,,1,2,,40.3,,,,,75.9,-3.2,,,05-02-2025
0xd76a0f9bd4d8028196113c6e600cb083a6166188,-2.5,810,957.3,954.8,,23,24,,991.7,,,,,74,1.7,124.9,15.3,05-02-2025
0xf4d84694da052aa13b9a05fc5fd1562fd86ad01f,0,0,0,0,,0,0,,0,,,,,0,0,,,05-02-2025
0xfb95d7bdd28f17142b9c5f4b9e8cd98c472f3534,0,0,0,0,,2,0,0,9,0,0,0,,8.3,0,,,05-02-2025
0x979159f671779a9be573c8a1217ddbe9990e24f9,0,11.2,-807.9,-1123.9,72,15568,10653,0,602.1,326,3,0,185.9,311.8,3.6,444.1,2,05-02-2025
0x5a431bdd06af2f26dd718f17c6184b089478a01b,0,679.3,3187.9,3187.9,,9,9,,638.3,,,,,75,25.7,85.3,17.2,05-02-2025
0x1234567800651d71b11baf87551a8a46e7dc307d,0,-826.1,-3068,1549,67,7692,5425,-1.7,45.2,310,5,3,159.2,5105.7,3.6,236.2,0.2,05-02-2025
0x711281c1b26aaed86e40e4caaf76c1962b45e161,-84814.3,-984.8,-1091.4,179134.8,50,0,2,-492.4,124648.9,1,0,0,335.5,249.3,-75.6,902.9,-46.3,05-02-2025
0x190ed9a8730da67be19296af53ba5cd3df07e189,-2,-160.9,-3826.1,-33071.4,,15,16,,2537.1,,,,,239.1,-21.4,1180.7,-16.7,05-02-2025
0xb77da3ff585a8c34ccc453b41adda6e635e66e50,0,4950.8,4950.8,4950.8,,12,0,,12847.2,,,,,12,-2.5,,,05-02-2025
0x788769d02d38ed2595d0423bb3db2dfbeb73a126,-1930.1,156.7,2004.1,167.3,47.8,71,40,4.4,587.7,20,1,0,91.2,41.8,0.3,111.1,-27.5,05-02-2025
0x76c21453b43e7dabe688e7ee56a80e8ac97fa495,-0.7,-1063.2,-3368.4,-1712.2,,190,215,,1.7,,,,,0,0,,,05-02-2025
0x3e20d9e345cbbea68d79f80f4728d61609078f0c,-33.6,0,0,-33.6,,17,0,,0.4,,,,,68,-70.6,81.5,0,05-02-2025
0x14dc61958b4b09650501f1043e30ad2983d79e0c,-36,1030,593.5,45.4,100,3,5,0.6,301.4,1,0,0,6.2,140.2,-9.7,447.9,-35.1,05-02-2025
0x732426bbcc15069c4b57a9690d42d41cdbc46a42,0,5.3,5.3,5.3,,1,0,,1.2,,,,,5.5,7.6,,,05-02-2025
0x41a31b955ca7031c31972c37b39c0dcb60780793,-509.7,416,80.9,-602.4,,37,27,,4.6,,,,,73.5,-39.6,253.2,-30.9,05-02-2025
0x96e6f58760bcf50a924b359db25b2d01b4ea35ba,-111.4,717.3,1478.7,1158.8,37.5,10,18,71.7,7.2,5,0,1,353.1,212.1,-18.8,680.2,-17.9,05-02-2025
0x4460186e8a89406f479cb069133a36c3c1f3d0e4,0,0,-5.2,-5.2,,0,0,,0,,,,,84.5,-0.7,,,05-02-2025
0xb17285e613e6fdac176b060ada029442a3571276,0,1392.9,1392.9,1392.9,,3,0,,0,,,,,0,0,,,05-02-2025
0xac62fe4a6f534a7da58f0794691bebe689b520b7,-105.7,1775,1775,1656.6,100,5,3,0.3,50.7,3,0,0,33.2,244,-35.8,2736.8,-24.3,05-02-2025
0x46614f4c1e1ecc5126092f64d04a76b8374c5478,42.4,1935.8,-525,17392.8,38.5,50,39,148.9,30.1,4,2,0,71.8,239.2,-40.2,899.1,-2.4,05-02-2025
0xe815cf14fe13fd8e36acd64eff47a3390bdc5d80,0,0,0,0,,1,0,,112.2,,,,,0,0,,,05-02-2025
0x0a988aba66d81912ef5e74f7eb7dae06198667e4,0,0,83.5,83.5,,0,0,,0,,,,,61.5,-0.9,65.3,50.6,05-02-2025
0xe4e903a36bd83476b3cd0516f2e0cdbdfd8696ca,0,0,0,0,,0,0,,0,,,,,0,0,,,05-02-2025
0x56d4f3697b8584716c841dc3faceed8341f4647a,21612.2,0,0,21612.2,,0,0,0,15.4,0,0,0,,36,12415.1,,,05-02-2025
0xd8e481fa5bd0aaed2ab2418bea088aa52a4b099d,0,0,0,0,,0,0,,0,,,,,0,0,,,05-02-2025
0x576147d4634bafa64367f3039f0952795d49831a,0,0,0,0,,1,0,,0,,,,,0,0,,,05-02-2025
0x255b25e97ea0ecda3ff4029d55ba91ef982de40c,1316.3,242.4,-62,713,,5,5,,128.8,,,,,431.9,-3.1,,,05-02-2025
0xd8f8135e91a6765a07bf17655bd13b0deed103c9,0,0,0,0,,0,0,,3.6,,,,,0,0,,,05-02-2025
0x0af68141d47e619d442b61c36f489688f4ec0b69,0,370.3,1418.3,1418.3,,26,29,,0,,,,,366.2,-3.7,662.6,0.1,05-02-2025
0x168eaeb0f4eebde97542a066ff31d7e898b22c37,-6.3,-1803.3,-2109.2,-2115.5,,10,3,,10.1,,,,,250.1,-9.1,,,05-02-2025
0x958c6d223b074a1df54194acedb55802fffc9de4,-61.3,3483,5676.5,5615.2,21.4,40,50,0.2,60.3,4,0,1,130.5,437.3,9.5,,,05-02-2025
0xd92073695dac23052d1d31d248e5ab5e56620057,0,38.3,81,284.7,37.5,12,12,4.8,200.9,3,0,0,0,135,2.1,199.6,1.8,05-02-2025
0xddca7bfe6095b5bb742bd957c738bfd8558a3082,0,1336.3,1579.8,-110.4,,0,2,,0,,,,,123,5.4,8932.7,5.1,05-02-2025
0x5a985baba8d8b538e2894555020041e4811d5713,-13.6,0,0,413.5,,0,0,,105.9,0,0,0,,0,0,,,05-02-2025
0x55f36e54696c794ef6f97f5b8618625f4b3376c5,7.3,1848.4,1848.4,1855.7,100,197,181,1,70.3,1,0,0,177.8,4.3,-29.2,,,05-02-2025
0x38953529c54ca374b876ad9c45a761e490575954,-17.5,0,-13.8,4.2,,0,0,,8.2,0,0,0,,1.9,-13,19.1,105.7,05-02-2025
0x78e45b96397af87726f4afc371712e4b346d262c,0,0,0,9031.2,,0,0,0,0,0,0,0,,115.3,1958.4,,,05-02-2025
0xde8b4679befded049ed7546bdacc4289b8918fd6,94.4,-2079,-2949.6,-3498.5,,190,260,,67.2,,,,,0,0,,,05-02-2025
0xe2b46c141109ae6c96e16d9baeb3949a97e74b47,0,224,228,228,,3,4,,0,,,,,5.3,-14.3,296.9,-2.9,05-02-2025
0x04ead53afe78b8e73f12e07ea88686d8f8de54e6,0,0,0,0,,8064,0,,120.6,,,,,0,0,,,05-02-2025
0x9d1821bc3bb199abd01921deee97e252379671cb,0,14.1,14.1,14.1,,27,0,,2.5,,,,,3.9,0.1,,,05-02-2025
0x41ba21788de94591bbc7d0d807c4665b3d346125,0,51.4,51.4,51.4,,1,0,0,21.3,1,0,0,0.6,40.7,7.9,,,05-02-2025
0x9ba6e29b82fc4089c52ad09519f2594b3d63b73f,0,2601.6,2601.6,2601.6,100,8,5,1.4,0,0,0,1,143.8,0,0,,,05-02-2025
0xa99f61aa6ba5665f62935f7d05aa4a214a79e388,0,0,0,24641.1,,0,0,,0.7,,,,,4880.2,-3.1,7441.1,-4.2,05-02-2025
0x74bbeb5117deae716721d4cfeecdc46f34050991,0,0,0,0,,0,0,,3.9,,,,,10.5,0,,,05-02-2025
0xeebff24e68baba5509284af575c12b8ad97d9f90,139.9,5410.2,5410.2,5550.1,,9,1,,6152.5,,,,,0,0,,,05-02-2025
0x4e48a24918b74fd4d216983347bf9732f562211a,0,182.4,182.4,182.4,,3,0,,1.8,,,,,0,0,,,05-02-2025
0x55fa95a59348f6c1a7864a667e0eabd9b5be38e1,0,88.2,62.7,-63.4,,54,54,,113.3,,,,,27.9,-1.1,,,05-02-2025
0x9abbcd3347d5cf4fd2e0716e504b59427e4d7f19,0,1263.6,1263.6,1263.6,100,4,2,0.7,0,0,0,1,143.8,0,0,,,05-02-2025
0xda77d14a7a571c453f952b765fa73bbe69af61f9,0,0,0,0,,1,0,,0,,,,,0,0,213.6,0.7,05-02-2025
0xc579fd19e941c6954cfff413cb1a25a5d9b2f2fe,-202.5,259.9,-1777.8,-1980.2,13.3,52,21,17.3,4525.6,2,0,0,0.4,111.8,-29,1617.4,-45.6,05-02-2025
0x5237a9b5e22c9955579c4eeb279baa0bbede144e,326.8,835.5,835.5,1162.4,,11,9,,695.6,,,,,210,64.1,,,05-02-2025
0x8b396feabf75cf5b8a8f72a482b0d0465edf6b88,-1294.7,0,0,653209.9,,0,0,,166.8,,,,,70.1,-5.6,2815.8,1374.7,05-02-2025
0xc81a2f3dd97b0b3e5fe12f0f309b5c8bba787311,-7820.1,2151,1446.7,15026.9,50,13,9,717,175.6,1,0,0,27.5,240.8,-18,1800.1,-29.7,05-02-2025
0x20932f00829d26e3a953f80ae5b9cf9e08579a95,0,0,9602.3,351716,,0,0,0,0,0,0,0,,1079.3,5.7,,,05-02-2025
0x3876fb56131bcf701a5347a06bfad564ee141d89,-3.6,521803.5,530395.3,825053.3,46.4,419,487,2622.1,545.6,159,2,5,118.8,1858.1,16.7,2680.5,11.5,05-02-2025
0x68e24c8192bc49ec358bb7a1f89e4ca65b5236ec,25319.4,0,0,25319.4,,0,0,0,18.4,0,0,0,,53.4,5268.1,,,05-02-2025
0xaa7675977e53010856ce7ce77a6138fd94602646,0,19.7,-19.9,-543.9,48.6,3163,2883,0,81.6,272,11,4,209.4,237.3,-4.9,72.1,4.7,05-02-2025
0xa2049f5c1a45b820e2413454c8fac459e195fb6a,-10.7,1057.6,-846,663.2,,12,8,,2052.2,,,,,86,-15.6,397.3,17.4,05-02-2025
0x0e2b867f5aa9a930a0da2c3d7c0b43fb6452d35f,-20.4,-9.3,-163,-299,66.7,10,12,-1.3,47.3,5,0,0,4.7,11.2,-5.7,10.4,4.3,05-02-2025
0x48725fcea3ed8fb3d99e40290c8684dbc420b7fa,0,174.7,174.7,174.7,,0,0,,1189.2,,,,,0,0,,,05-02-2025
0xa438b2bfd079dab85a9e550e2e003df5d02112d2,-950,-17.3,-77.4,-677.9,0,12,10,0.9,8.7,1,0,0,2302.7,0,0,1147.6,-98.3,05-02-2025
0xffe034478f1a4d14a60f5143562a3eca60c714fa,-191.6,-5259.2,-3907.2,-4098.8,,17,15,,21.5,,,,,264.5,-3.1,6134.7,-58.5,05-02-2025
0xf09a6be8314741d4e6953e4ee1fab9a9eba1ef42,0,-57.3,-239.5,-239.5,,1,0,,5.5,,,,,46.5,15.4,194.3,-41,05-02-2025
0xc6dcf904d6f12eee11347d34670fed718468de29,2.8,0,1151.5,1101.3,,1,0,,10.8,,,,,177.3,-25.6,1132.6,4.1,05-02-2025
0x03441d190c7312f61c0216aa838a3759e39c1bbc,0,487.1,487.1,487.1,,5,2,,0.1,,,,,0,0,,,05-02-2025
0xd24b0d03d7a880a1ba03558e5de9bbcb32496a12,0,2805.9,2767.8,14500.3,100,2,2,1.4,2.2,2,0,0,9.1,276.2,8.8,788.9,11.1,05-02-2025
0xa9cd13895051bba4f0499aa5c1e9ee481a37b4b5,0,0,546.7,615.2,,0,0,,0.2,,,,,0,0,10.2,-0.1,05-02-2025
0x6e76ffa7b8cfc0996d2b81a16a707a34524087d5,-262.8,0,0,-262.8,,7,0,,0.4,,,,,59.4,-87.8,62.4,-100,05-02-2025
0xb300000b72deaeb607a12d5f54773d1c19c7028d,0,0,0,0,,0,0,0,69.3,0,0,0,,0,0,,,05-02-2025
0xd05b92838a2724a25c208375da76053f743549eb,0,5311.5,9153.6,4001.5,,16,8,,4626.8,,,,,613.9,-11.7,3363.7,-10,05-02-2025
0xf79d1de4f2b401cfdfe165f2295b3b33c2cf4780,0,0,0,0,,0,0,,1.2,,,,,0,0,,,05-02-2025
0xe0d0931455001374e8fd1255f42f736b3b190d18,-676.1,359.5,223.4,-456.5,,29,17,,15.4,,,,,43.5,-4.9,94.7,6.2,05-02-2025
0xf6a23df81c6873e1ca612ef4b2e5047bde6bf16c,0,0,0,0,,0,0,,0,,,,,0,0,,,05-02-2025
0x4241e25975924b85de1e8d4c6e2bac79f7e5c55a,694.5,-66,943.5,1638,28.6,18,8,0,15.8,1,0,2,33,179.7,41.4,478.7,-39.1,05-02-2025
0x91730fb91ff30029d0d1eb44829aa4ed16bd504a,0,0,0,0,42.9,7,0,0,8.3,0,0,0,0.7,0,0,,,05-02-2025
0xf4f05f0c319255487ae9adcfe1e30a822eba6281,0,0,0,0,,0,0,,0,,,,,0,0,,,05-02-2025
0x67c43ed5c98ca433e834a6357ddbd97dbbc9af8e,-4.5,62.3,-535.5,-1445,100,45,39,0,4.9,1,0,0,16.5,137.1,-2.7,2397.6,1.5,05-02-2025
0x3c6498f506e93417ca7b8f2b1a0cfc1e5ddf787c,-442.5,0,0,48516.5,,0,0,,0,0,0,0,,539.6,7.1,1818.8,-4.8,05-02-2025
0x89a63098fe5ba8431f9672490b2bb372b8c6077e,-232.4,1,-824.2,-2263.3,,45,17,,1,,,,,35.3,-17,19.9,-33.9,05-02-2025
0x78fb7833d89f494039d8e50f3a9611f68840e936,0,1091.8,1091.8,1091.8,,62,0,,10,,,,,0.3,0,57.1,4.8,05-02-2025
0xb929f13a20d17db84840b011f02e7da780d1a072,0,557.2,-122.1,-122.1,,12,2,,8.9,,,,,225.9,-9.7,,,05-02-2025
0x8a777580e7d0617098a799e3713dbe80e433d29b,11798.9,0,0,12115.9,,1,0,,36.3,,,,,255.8,117.4,,,05-02-2025
0x2a6ba5252b37c6917c819f216fa28f770b1b00a8,21332.4,0,0,21332.4,,0,0,0,16.8,0,0,0,,45.3,7875.2,,,05-02-2025
0x752864818b139d22f7f8e92400ac4a40d05083b0,0,-18.1,-18.1,-18.1,,48,0,,32.9,,,,,12.7,-4,25.2,-33.3,05-02-2025
0xda202206b2ddf941e6791236d54665702111636e,0,0,0,0,,1,0,,0,,,,,15.5,0,,,05-02-2025
0xe66f012ce6855650bf63f85016192e8e3ea2f17f,0,-50.6,-50.6,-50.6,,15,0,,14.9,,,,,4.4,-2.5,,,05-02-2025
0xf8d7f2a26ccde4f41d0c1448f2351c1bd78b5046,0,0,0,0,,0,0,,0,,,,,0,0,,,05-02-2025
0xbb3d5779e49b9eb80c4688e961b24531460092fa,0,3254.4,3254.4,3254.4,,6,0,,8.2,,,,,24.8,0,,,05-02-2025
0xd2db45c8d3bae9e3067aed797a43cae7eda2f636,0,344,425.2,620,,1,3,,631.2,,,,,110.6,-0.3,142.8,52.8,05-02-2025
0xfb4e5087e3002afc916d77985fe4710fb425f9f7,-27.5,0,108.3,-1131,,131,0,0,3670.8,131,0,0,78.3,12,0,,,05-02-2025
0xef454cc24e0e17cd6df77958acddd244e93892c3,0,0,0,0,,0,0,,0,,,,,0,0,,,05-02-2025
0x52a676e3ae2cad95872a56362374996535a4707e,0,-1,-1,-1,,1,0,,0,,,,,6.1,-17.9,42.4,-0.3,05-02-2025
0x72a9cd794577f7b55f074a0bcfda99afa3f4b552,0,803.7,803.7,803.7,,2,2,,0,,,,,0,0,,,05-02-2025
0x0dab2f6277ff5023b42f52fb6247fbe8a4c21b8f,-302.6,-785.8,-2540.4,-2537.1,16.7,38,44,-392.9,6.5,1,0,0,1676.1,2771.2,-16.6,16271.8,-21.3,05-02-2025
0x9e7fc6532d51f938984b22a216126e57df790f5b,-267.7,0,0,-267.7,,7,0,,0.4,,,,,60.6,-87.8,63.7,-100,05-02-2025
0x56d7cb4cc703cd9d67bc0ebfc5639d0c7a984f48,2083.6,0,0,2083.6,,0,0,,17.3,,,,,,,,,05-02-2025
0x8d144fc10aeab323832a35dc5ca87c3d72c99ff0,-12.5,54.4,109,96.5,32,30,33,0,96.6,5,2,1,19.9,10.2,36.5,,,05-02-2025
0xdab0ef7fb1c8422300a68637d04ea1203ed43105,0,0,0,0,,0,0,,0,,,,,0,0,,,05-02-2025
0x2c3a39fc7f6b9251bf4db9c8efebf6a2b2d3681e,0,193.2,307.9,5528.7,70.8,8259,2724,2.4,12.2,43,0,0,181.9,2680.2,-8.6,56.6,0,05-02-2025
0x23332da11e5ebe52df8cf1e3c5774e045070dc95,0,226.5,-56551.9,135931.1,66.7,438,388,2,144.9,85,1,0,148.1,9874.6,19.8,303.1,-37.5,05-02-2025
0x2e489591c3df1a5a4ac3493d19e22fceeb161fff,0,-2.3,339.2,339.2,,0,1,,0,,,,,49.5,-8.3,154.9,-48.3,05-02-2025
0x34dcc47ad3926a661727f9891ab26430ae0b51b2,0,3829.6,3829.6,3829.6,100,3,6,2.1,0,0,0,1,143.8,0,0,,,05-02-2025
0xa401e1d429aead8681c5b3ec68ae5b942fcc3d36,0,128.3,1215,1215,,3,6,,330.8,,,,,10.9,37.4,,,05-02-2025
0x89b735c98799a7a56148d37e8769f2137f188888,0,0,61.7,16.2,0,0,0,0,5.5,0,0,0,268.2,72.4,4.5,60.6,-10.4,05-02-2025
0x90598faecb13b32b33e0d2ad07e74eace9afd64f,0,0,0,0,,0,0,,5.4,,,,,0,0,,,05-02-2025
0x9b1fbf74de3b1fabdc56dc5f28e1fb89c8358188,0,2525.3,2525.3,2525.3,,32,0,,1843.3,,,,,0,0,133.5,44.7,05-02-2025
0xced4c34d76d07abc9819d1cd884090c12cb60359,0,340.6,96.2,96.2,,22,6,,8.4,,,,,0,0,140.2,-43,05-02-2025
0xe12bb15396a9f0280e1cd06ab1d0be23d2da97ca,20547,0,0,20547,,1,0,,17.2,,,,,47,6759.8,,,05-02-2025
0x9a8e58bda1fbd377224a155720926a98d9639c2b,1778.1,-408.2,-375.2,1264,0,66,29,-204.1,3,0,0,0,313.5,13.3,14.1,46.5,-9.7,05-02-2025
0x32e0385d6d1f74ca6f46606720e86560e18af648,5404.5,801.1,-19151.3,-179003.6,63.5,40116,40205,1.6,117.1,301,2,1,139.6,13237,-4.6,12627.6,-1.8,05-02-2025
0xfc279faa852a1ba26f02fe095e1cdcef3ef96e24,0,0,0,0,,0,0,,60.3,,,,,0,0,,,05-02-2025
0xd4c02c5a2a3c97f4954e6caa48c4a29bbb6be5da,-873.8,6742.3,14520.6,49676.8,44.4,17,19,612.9,506.4,6,0,1,18.4,400.6,15,815.2,-13.2,05-02-2025
0x0918cb55caf654f3d2c676b74f49ae7cc6ab81dd,-11.9,9,-4911.5,-1681.6,41.2,26,27,0.5,16.2,7,1,0,51,87.5,-3.2,173.6,28.8,05-02-2025
0xfacbe410159ebbb1e3de9d4592f95d104c55bdce,0,0,0,0,,0,0,,0,,,,,0,0,,,05-02-2025
0x774e5e9c879b96ff68901c478d06a33c58b2b2bc,0,246,246,246,,15,0,,18.8,,,,,16,2.4,,,05-02-2025
0x1f6a726ec63933dcbef9f9aca852955c286cca35,-104.8,399.4,399.4,294.6,,8,1,,3.8,,,,,0,0,,,05-02-2025
0xf75cb6dc8a1d6f31cbf2aae4aaecf3e5a744475d,0,0,0,0,,1,0,,0,,,,,84.6,0,,,05-02-2025
0xc7a5c65e4662c6497d360f0d3bed477fdecdaa2d,0,-521,-4540.1,-13956.8,30.4,41,42,0,1942.6,19,1,0,169.5,1882.4,2.4,4788.3,-2.5,05-02-2025
0x1965c1722c4ed4e39aab2849f760a4bb552fd0ec,0,212.5,212.5,212.5,,6,0,,1.2,,,,,0,0,,,05-02-2025
0x255a636a3d73746906f3bf52b5e818efdc49844c,856.6,353.4,-369.8,12243.6,70,25,26,35.3,2,7,0,0,25.9,143.8,-17.8,325.5,-0.1,05-02-2025
0x195090039ad8cc0e12c01f26352492d008e19b09,-15,0,0,-15,,17,0,,0.4,,,,,62.6,-64.3,83.1,-60,05-02-2025
0xbe12c73fd36981d240adab4c9b76fa9823a16d3c,7451.3,19.5,19.5,7470.8,,0,147,,18.4,,,,,504.7,370.3,,,05-02-2025
0x897eeefcdd008c0df394624bde5e3bd98dce4757,0,7400,7400,7400,100,8,12,4.1,0,0,0,1,143.6,0,0,,,05-02-2025
0xacf1a412fafdcad4acf0b13710d39e3ac43428ae,-0.1,-711.7,-1816.1,-1047.4,,11,2,,6,,,,,400.2,3.6,2726.4,-13.9,05-02-2025
0x2d0fc0d275479772518dcdc11438e66b1d6ece93,0,138.5,-689.3,3412.3,74.7,7823,3181,0.6,12,150,3,1,237.3,3800.4,1.9,8800.1,0.2,05-02-2025
0x6a629ac6bb319c3b2e0dbbc33b284dcd4862e305,0,0,0,0,,0,0,,9,,,,,0,0,,,05-02-2025
0x1df9f098839ef66b0ef5d125804ba6bc9f2c1a40,0,-2260.9,-2260.9,-2260.9,,344,0,,0,,,,,0,0,,,05-02-2025
0x99d2cb90422b435121ce07b32f30eeb106d614ab,0,27.9,27.9,27.9,,15,0,,2.5,,,,,8.3,23.6,10,0,05-02-2025
0x244aa793ff9dacf9cd95efcdcc54c6dc4972bf61,0,0,0,53967,,0,0,0,0,0,0,0,,0,0,2800,1927.4,05-02-2025
0x146af161a4a8fab6a4d4553683ce6aac9562729f,22072903.7,-478.2,-1175.2,22071165.4,21.7,86,58,-10.2,12.8,9,2,0,12.4,137.9,-20.6,853.7,58.3,05-02-2025
0xdf18c2f539e262ee3767fa6f3fff17d0a1c0aa1c,0,578.7,603.1,603.1,33.3,3,9,0.1,614.2,2,0,0,0.7,188.2,32.2,,,05-02-2025
0x9c4948e52335ac81baed74638dcbebdee16c6b56,0,336.2,336.2,336.2,,6,0,,32.1,,,,,15,5.1,,,05-02-2025
0x8a18be68216523563131f8b21457175e0caee2e9,0,0,0,-1652.8,,0,0,,98.5,,,,,0,0,15737,-10.5,05-02-2025
0x8176daeab6157e91764fb73e135ff5f268a1d4f4,129.6,-168.1,99.4,226,,36,8,,0.4,,,,,25.9,-9.8,51,4.9,05-02-2025
0xb9c5651d8307b9d93e9dc663bd49eff93ee42274,-228.1,-83.9,7.3,-394.5,43.8,67,54,0,81.2,9,0,0,50.3,90.6,-27.1,67.2,2.2,05-02-2025
0x3d30032178a3d21c86d3ced875152c979d055516,0,1338.1,1338.1,1338.1,50,9,5,0.4,0,0,0,1,56.8,0,0,110.7,349.4,05-02-2025
0x78788b8f17c4a9b6363e4e84f46c0828b48bf2d8,0,-12.4,-12.4,-12.4,,3,4,,33.1,,,,,505.8,0,619.9,0,05-02-2025
0xb4df9826d1b41360235fbf6a13abdd0a50200485,-265.3,586.3,449.3,245,,3,7,586.3,3.3,1,0,0,76,170.5,-16.4,247.2,2.4,05-02-2025
0xaf87d5299e59cb4fdebbe6385ca04f5033185810,0,-545.7,-545.7,-545.7,,24,10,,8.1,,,,,84,-18.1,162.4,-9.9,05-02-2025
0xaac88cab80da06e744cb78b90d356d7be768b205,-104.7,18.1,78.1,-12.9,100,1,1,0,223.2,1,0,0,0.1,17.4,-1.5,110.5,2.2,05-02-2025
0x14c290460efd84da5f90331e997f84d5a7c876bc,-91.9,47.2,-430.5,1844.5,,3,1,,328.8,,,,,144.8,-6.8,141.7,24.1,05-02-2025
0x7155bfb766432fa64cd40e722a674c7b695a7aa9,14268.2,150321.5,150321.5,164589.6,100,6,33,75160.7,15536.4,2,0,0,91.1,0.8,4.5,,,05-02-2025
0x25e0dae515506de71df3db0ff6f30d29af566a9d,0,0,0,774000.5,,0,0,0,0,0,0,0,,111.1,8600,,,05-02-2025
0x4a9e405be7c91a7f475971c175dcc1c2351881b1,3361.4,90.5,90.5,3451.9,,19,9,,0,,,,,30.8,189.8,,,05-02-2025
0xc910c55036df1cd9d60d52e95a330a2274baabb3,0,-2297.4,750.7,750.7,,50,26,,4.6,,,,,146,-4.4,3237.6,12.6,05-02-2025
0x17cd8e8d4c64aa7f2a8db6947b330885da56b833,0,0,0,99537,,0,0,0,0.3,0,0,0,,293.5,1.8,,,05-02-2025
0x22c50b5b831748732920f39aada806f7e18b4832,0,95.2,87.1,3240.3,44.4,31,18,9.5,14.7,5,0,0,8,55.1,-21.6,76.6,-27.3,05-02-2025
0xed48cabce443d9251e434843e0f84e8a6823f1ce,0,39.6,39.6,39.6,40,47,0,39.6,16.2,0,0,0,261.1,9.7,6.4,30.7,-2.2,05-02-2025
0x904ed31b3924c1a76afcb691187ba615c668842c,0,0,0,94183.5,,0,0,0,0,0,0,0,,0,0,2600,3622.4,05-02-2025
0x3a78fc4a1d89929e0320bad4bdb380964783d4db,0,347.4,347.4,347.4,,15,0,,0,,,,,49.7,4.5,,,05-02-2025
0xe6db7230cfdf6d19750cc8a191f3d1e74c5209a2,0,0,0,0,,0,0,,0,,,,,0,0,,,05-02-2025
0x6439c3d2f37072439f40e6fec88038be6517e223,0,0,0,0,,1,0,,15.1,,,,,0,0,,,05-02-2025
0x744d02a8123329541c50613a452f2fe292e9b7ea,-1.2,0,-174.2,-175.4,,0,0,,2.2,,,,,0,0,362.1,-47.2,05-02-2025
0xe5ac098d47b28bcbddaa84ae464ac5565b0d63de,0,0,0,0,,0,0,,0,,,,,0,0,,,05-02-2025
0xb976d3d076a5ad9fc3b9ee2a6499526701b939c3,-1682.8,13837.9,34491.5,80671.2,44.2,85,75,0.1,3722,25,2,1,21.8,386.9,20.1,1290.3,16.3,05-02-2025
0x0f88baa770c8cdd60fd80c265d8ad7a39ae96387,0,362.8,974.5,1171,,193,122,,280.5,,,,,276.5,0.5,9083.7,-0.2,05-02-2025
0xa2338b38d92e434f2d0958c780e130be0096ea6c,0,3962.7,3962.7,3962.7,100,3,6,2.2,0,0,0,1,143.6,0,0,,,05-02-2025
0xe87e488dffebe1ae513a8da0c5670dda83d839f8,0,1774.2,1774.2,1774.2,,3002,0,,289.4,0,0,0,,0,0,,,05-02-2025
0xed790c1faa0d6e7babad963c60910316f7515673,0,0,0,0,,0,0,,0,,,,,0,0,,,05-02-2025
0xd880a0cafcb395f3ccdfb5e519d44550e37ae8ed,0,0,9.7,9.7,,0,0,,0,,,,,0,0,,,05-02-2025
0x1b12690e729f95f74f4ba364d05d601e4506ce86,0,1.1,1.1,1.1,100,2,3,0,0,1,0,0,,,,,,05-02-2025
0xe663a622c8ee3ac6adb1d53b825f47edaa221395,0,0,0,0,,0,0,,0,,,,,0,0,,,05-02-2025
0x90dffca5fd445978a2d67d93f93715e5d8ae3fdc,-45.4,156.9,292.1,246.8,55.6,50,34,15.7,50.7,5,0,0,25.2,118.8,5.9,255.6,0.1,05-02-2025
0xc6eeca01191fb5ba69ca2455c714c6d755c7122c,0,1622.7,1622.7,1622.7,,8,7,,5965.8,,,,,0,0,,,05-02-2025
0x01c82db5cfe5df01968500092c695d71a04146ca,0,214.2,-43,-345.6,83.3,11,12,35.7,434.6,5,0,0,0.3,147.8,-3.5,290.4,86.4,05-02-2025
0x474e07b759dd10bb3894f1ef513071c9da3cfac0,0,-424931.5,-424192.3,917889.3,76.7,3630,4021,-849.9,54.8,411,4,5,153.9,27842.8,0.9,212.3,1784,05-02-2025
0xcd6957f63044e0c085183c315eecc642f83c6d2c,937.9,-5693,-5755,-4817,20,52,9,-0.4,30.8,2,1,0,48.2,214,-1.7,8652.6,43.8,05-02-2025
0xa9955e8fae5ddb3dd4d3367ee1e29fe2670dfb35,0,0,-116.2,194.9,,0,0,,0.7,,,,,39.8,-11.4,347.9,-24.6,05-02-2025
0xf13b7c25f7fec09dac583284ce84cdcdba70cb03,0,6343.4,6343.4,6343.4,,5,15,,3,,,,,458.6,46.7,943.2,-4.9,05-02-2025
0xab8e06578684400c4eefc70d9ca79af085096d6f,0,-289.7,-152.6,-152.6,,18,14,,0.5,,,,,5.7,-2.5,87.5,-41.5,05-02-2025
0x9c66166c68923700c4a613708d4265c87aeea01f,268.3,0,-34439.1,-32543,,0,0,,4857.2,,,,,186,-21.4,1608.5,27.1,05-02-2025
0x609415b438a278a6719475a9f9671d847c975bb2,-112.7,-54.8,-54.8,-2982.5,50,3,3,-5,726.6,5,1,0,17.7,90.2,-12.9,80.2,-14.4,05-02-2025
0x16940c471f0a87af631927d2307b717c45ffa015,0,0,106.2,20762,,0,0,,0,,,,,602.8,9.9,483.5,25.1,05-02-2025
0x6b0fce52d4b0a737abcce5c6fd95c1779c1ee4a2,0,0,0,475.8,,0,0,,0,,,,,0,0,,,05-02-2025
0xd105c13bb407d77fa6d016713c79331ada3fdb4f,0,1369.5,1369.5,1369.5,,9,0,,0,,,,,0,0,,,05-02-2025
0x8e6b3c9c72ca592bbab470f761fa869c174e9ea0,-3054.8,654.2,2430.5,14607.2,54.5,10,12,59.5,3644.2,6,1,0,81.6,435.4,21.9,631.8,6.6,05-02-2025
0x9deb42ce6c749929f89973b1a40839c2c22f7fdf,0,0,0,0,,2,0,,29.2,,,,,,,,,05-02-2025
0x18df32b9ab07cb17fcdd668519041ca5058eb552,0,-70.5,-70.5,-70.5,,3,0,,0,,,,,8.4,-2.3,100.2,-31.6,05-02-2025
0x47f2d22304c0ebadb8033c0dda8147491c194596,0,0,0,0,,1,0,,0,,,,,0,0,,,05-02-2025
0x4fcbaa9cb1080405d5ab1da866a67adbba5e7d5b,-62.8,9912,9912,9849.2,,15,31,,13870.3,,,,,120,-11.6,2047.1,41.3,05-02-2025
0xa425fdacc63f8d180df8c18e6804e75c1c011c54,0,0,0,176.8,,0,0,0,0,0,0,0,,0,0,,,05-02-2025
0x8821b6b47d01621f361e54eec7ad351f4051862b,0,1627.5,-4329,-20157.6,31.8,50,46,0,1949.4,15,0,1,160.8,1926.2,-1.6,3624.7,135.3,05-02-2025
0x2e4a2207775e67a28bfe1f033def839a08f54e70,15116.7,2507.6,2507.6,17624.3,100,107,110,1.4,0,0,0,1,177.9,12.8,-7.5,3277.1,537.7,05-02-2025
0xcc69e7f9c896acc66837a1cbec715e05ad4b6307,0,1.7,1.7,1262817.1,75,4,5,0.4,180.7,4,0,0,,26549.9,0.4,5609,1.4,05-02-2025
0x4e600c790acc7b6e57956c42fba3261a710e5d67,0,682.2,682.2,682.2,,16,0,,31.7,,,,,28.8,3.3,,,05-02-2025
0x39c039010cfe1a80d3e63697564ad24f20373921,0,3793.5,-13875.7,-47787.7,57.5,577,1191,-0.5,602.9,29,0,0,62.5,294187.6,-1.5,31065.1,-2.5,05-02-2025
0x08f4473c7c346e03003dbd4b595be8d5206964ef,-0.4,23.8,4240.9,6299.5,,30,24,,85.7,,,,,68.5,2.6,163.1,-14.1,05-02-2025
0xee143d3e5dc941bd296374f6af51c59c0cc94f6d,0,0,0,0,,0,0,,0,,,,,0,0,,,05-02-2025
0xe265e03dac3e9685d0219d678a87e7b7b4de0691,0,0,0,0,,0,0,,0,,,,,0,0,,,05-02-2025
0x32dfc80aba2b7f2c5ad6b2f9a84cd615a6c380e8,0,0,0,536838.2,,0,0,,23092.7,,,,,0,0,,,05-02-2025
0x141e37632f292d89a4c5be94849614a39b92f24d,0,0,0,0,,0,0,,0,,,,,9.5,0.3,,,05-02-2025
0xd7e4cfc9f7ca029f2b8d45a3f322c026511ba6a1,0,2734.3,34690.5,104929.1,50,18,25,227.9,379,5,1,0,0.4,573.8,8.4,291.7,0.4,05-02-2025
0xe65f8976049055ba63d4396540486242848dac20,0,0,0,0,,0,0,,0,,,,,0,0,,,05-02-2025
0x15602524e62b580cc93c5fa40d648162e2c97a62,0,-32.7,-6109.5,-9685,,9,7,,14.7,,,,,306,2.6,2493.4,-33.1,05-02-2025
0xc18c8e6e1f508597d6680b8c81cba1937eb73d27,-395.3,136.8,580,3013,,4,6,,729.1,,,,,158,3,142.8,-4.2,05-02-2025
0x9c8d881e7dfa3c7c876dd5acd71df4df3899a8a9,0,526.5,526.5,526.5,,2,0,,0,,,,,44.2,57.2,63.6,-43,05-02-2025
0xda48d2412d559a1a35127dac72e803a5794b408f,0,0,0,0,,0,0,,0,,,,,0,0,,,05-02-2025
0x3da417e02357525fabb96f7150e539e6b8028c68,0,0,0,2000,,0,0,,0,,,,,377.1,6.9,2796.7,27.1,05-02-2025
0xc7b95f83bcc7f64181996840e9888829723f33f2,-2077.6,0,0,179688.3,,0,0,0,47.6,0,0,0,,1726,-9.9,970.1,18.9,05-02-2025
0xde1dc9fe91069951161a470c7edeedbf8f10b2ac,0,0,0,0,,0,0,,0,,,,,0,0,,,05-02-2025
0x0642ec94ab8c00ed944d14de4b87eed1fc28ca9f,0,285754.9,290207.5,1213894,29.4,93,348,2,0.3,66,0,4,90.6,10334.3,1,3.6,36.1,05-02-2025
0x5baeb8badba23f171e46c19860981128847d1565,-65.3,-1729.2,3040.5,3027.2,0,2,1,-0.9,71.9,0,0,0,3.6,129.7,-8.9,68.9,-94.7,05-02-2025
0x653944c4aaf52016d5f5e2c7aa648e91a0b74a24,0,0,0,0,,0,0,,11.9,,,,,0,0,,,05-02-2025
0x6dae3f488035023cf7df5fa51e685c3b3cbe50d7,-3724.5,0,0,192650.8,,0,0,,96.2,,,,,0,0,,,05-02-2025
0x384d34692ee458711d0189164aca9a42693f8af0,40674.9,0,-61778.2,606551.3,,0,0,,263.1,0,0,0,,1230.7,7.2,1884.7,-73.1,05-02-2025
0xf240e64fa707df01fe193faa6d8b878a8a8a8ae6,0,0,0,0,,0,0,,0,,,,,0,0,,,05-02-2025
0x7f452905f8d3254479687610706ddea3c77b455e,-915.9,5682.1,-587.6,-834,33.3,2,4,1,7835.9,1,0,1,29.6,64,34.3,1857.8,-98.4,05-02-2025
0xa606f95b3530acd8fe1fc63891773b82b7553c48,0,67.7,67.7,67.7,,7,0,,0,,,,,0,0,,,05-02-2025
0xb5764eda5ac4baccd8812d587a1c4320109efa7a,-0.7,-1029,-2181.5,5075.6,,39,28,,0,,,,,239.5,-16.6,4356.1,-0.1,05-02-2025
0x9543c22e49e7eb572b6466d5c21aed4f3cd3280f,0,2182.7,2182.7,2182.7,,94,75,,0,,,,,930.5,12,2571.8,-13.8,05-02-2025
0x9fc53d6a20bd8699b98cf670ef893611df674e68,-110.6,0,0,-110.6,,48,0,,0,,,,,8,0,70.1,0,05-02-2025
0x79dc1b68f9e87628f9404ecbc4ca44e51311f785,0,69.4,69.4,69.4,,18,0,,2,,,,,0,0,,,05-02-2025
0x172af3a5bbd814cdad6ec782eabb4acf8822ea04,0,-28.5,-28.5,-28.5,,21,0,,5.9,,,,,0,0,8.8,5.5,05-02-2025
0x740d1ab20c4c05c0c5ca07432b9050376c79d39e,-1368.8,0,0,166439.2,,2,0,,8.2,,,,,0,0,1561.4,-87.7,05-02-2025
0xd48f7e1f63a54330ddee6831e4de59d8f577c98c,0,-12.4,-12.4,-12.4,,1,0,,0.4,,,,,4.7,-4.6,,,05-02-2025
0x749b11c35ac9f236b185144986fcd1c906a24f9b,0,1261.5,3235.7,112477.7,,84,57,,235.1,,,,,8720.4,12.3,3093.9,0.5,05-02-2025
0xd66b81b043b41bf082ae1991dbe1847bd1b799e1,0,875,875,875,,6,5,,3100.7,,,,,40.1,48,2519.8,32.7,05-02-2025
0x68361413a9a21e4848ba8ac248ab0a14e7456385,0,1406.5,1478.9,1535.1,41.5,117,97,0,342,20,2,0,35.8,292.4,13.7,345.6,13.8,05-02-2025
0xd3dd8a42b364966e286e94061b988a5a1580334b,696.7,16297.1,52305.1,369242.8,64,300,253,626.8,9011.4,18,0,0,179.2,220189.3,1.2,779118.8,1.4,05-02-2025
0x047862412af18da4c549549630887dba1af6c0f2,0,2346.3,5035.8,-70516.6,,9,6,,3521.5,,,,,3052.3,-7.9,3173.9,-10.5,05-02-2025
0x182686d26d5c8a9eb69acd2ed351231d33a47043,0,2.9,-401.2,3191.5,,2,2,,129.4,,,,,143.9,57.7,156.8,-13.7,05-02-2025
0xf91acae76fece28ecb1ce91a0a418a75767fb1b1,4,656.8,685.9,689.9,,42,48,,365.2,,,,,129.5,1.8,209.2,2.4,05-02-2025
0x54a7949a4751dfde61601ea8f02aff3d8080c6f8,-12.7,2823.9,2738.6,2676.9,,31,2,,42.9,,,,,98.1,-2.9,199.9,-58.3,05-02-2025
0x69b44da763587a5b17f2825bd46d4f5f429adf6d,0,-960.2,-960.2,-960.2,,0,0,,0,,,,,0,0,,,05-02-2025
0xfdabd04d9079ddfb3d071dac696e0e067ddcb529,-15986,0,0,80360.3,,0,0,,286.5,,,,,0,0,8959.5,-45.5,05-02-2025
0xf14b7b23131a5750d1e07467da3083da6a578018,0,0,0,0,,0,0,,0,,,,,0,0,,,05-02-2025
0x25b9b22cb733c06114cd6479e7cb35d014d1d222,0,-8495.7,-10093,-10093,50,30,13,-0.9,0,3,0,0,64.2,590.2,-11.5,9794.2,-11.9,05-02-2025
0x75db91ce668e75e098130a18b4ad40460548ef7b,0,159,923.8,7006.9,,1784,1366,,14.1,,,,,411.7,1.7,0.2,2.5,05-02-2025
0x2779be7a18a6bf1aebf6f0973d32b6e7bebf046d,0,0,0,0,,1,0,,0,,,,,0,0,,,05-02-2025
0xc9e39c3ad074743cd17d80f354b3d32b2ed9f907,0,0,0,0,,1,0,,0,,,,,,,,,05-02-2025
0xd8d738394837e6fb6b3c62f2067cd7b747a42046,0,276.4,2583,20821.8,,20,20,,241.2,,,,,669.2,5.9,,,05-02-2025
0xd3013e8066ddac1a1a738895e5e2a32ae7ec5a41,0,1466.1,-87.9,-87.9,,57,45,,936.8,,,,,762.5,-4.8,2330.2,1.4,05-02-2025
0x42456e200433d4935220a8660b2326904567dc47,12232.5,1057.3,2477.5,17772.4,100,1,3,0.6,1117.7,0,0,1,58.3,21.6,365.8,1805.2,244.1,05-02-2025
0x637bc95262bd6b86c2837a2b74e3fb94ad262309,-21.2,0,121.5,446.9,,0,0,,0,,,,,3.1,-14.2,311.3,-37.5,05-02-2025
0x62a674755f8fea9014a861ab5edd22f4427db38e,0,0,0,0,,0,0,,0,,,,,24.9,-1.7,1687.4,-85.8,05-02-2025
0xec5aef34726eb66ea5cbd336ea073851dfefe7c2,0,384.4,438.9,-1458.2,,8,2,,5.2,,,,,134.4,-4.8,852.5,22.8,05-02-2025
0x6f5a286067a97c850896ef1a960cad4c600fba60,0,0,0,290141,,0,0,,0.1,,,,,333.3,2417.8,,,05-02-2025
0x9118386bb2f65a75ca6675bc07146bb7d67976c1,-4389.3,0,0,-4905.6,,0,0,,309.6,,,,,0,0,,,05-02-2025
0xe7826df193417be7feb7fc176a370c98e84df6b4,0,-3219.1,-3219.1,-3219.1,,0,0,,70.5,,,,,0,0,,,05-02-2025
0xe45b816515026856b6b76cbeb0e40af2a5e646f9,-108.9,0,0,-108.9,,17,0,,0.4,,,,,83.6,-93,82,-57.1,05-02-2025
0x7c765c84a2900cc8323d7cd6a3ff42a4d689f986,0,-777.1,1171.4,795.1,,3,5,,557.5,,,,,237.9,845,1370.2,-37.1,05-02-2025
0xdc38f4a068804ddd98282e690414fcf3c32726e2,0,0,0,0,,0,0,,0,,,,,0,0,,,05-02-2025
0x77a623e58271a0692b911a73c52aee6e5464c0d7,0,2482.5,10059.3,27809.9,53.8,30,45,95.5,125,15,0,0,0.4,384.2,26.6,,,05-02-2025
0xf9b6f3c199f8759149e45bc871177e92aa705c18,0,0,0,0,,0,0,,6.5,,,,,0,0,,,05-02-2025
0x2b1e2a9f7884a283d6bca090f9afd2d046340928,0,223.7,653.7,653.7,,6,9,,1170.1,,,,,48.5,19.1,47.8,9.7,05-02-2025
0xf26f064294118fc1a05045d2e31b5051216a03dc,0,154.7,76.7,-1900,,2,2,,1764.5,,,,,0,0,195.1,-57.6,05-02-2025
0xd616979b5fbe099f903607c39cc905d878692e78,0,0,0,24,,0,0,,0,,,,,27.1,22.2,,,05-02-2025
0x377d5da97bef628c72eadb2b7409dfe4bb5048cf,0,72.6,72.6,72.6,,5,0,,7.4,,,,,0,0,,,05-02-2025
0x41e04cb66b0bfa4247e730bba5fec832a58ec495,0,0,0,107.8,,0,0,,7.7,,,,,0,0,,,05-02-2025
0x59dccc49df1d3ff08adaf92cce404ba47cb0ae15,0,176.3,176.3,176.3,,220,0,,0,,,,,3.6,0,311.5,0,05-02-2025
0xff24f9854efe868548eb195ca88fd57c30cb9cd9,0,0,0,0,,0,0,,0,,,,,0,0,,,05-02-2025
0x9a19c5ff497a1ac33b4ce10312fe8b091edb3448,-618.6,1422.7,2267.2,5050.5,100,9,12,474.2,2079.7,2,1,0,13.8,124,15.8,340.9,-1.5,05-02-2025
0xffa3fcf753c119e1cfc25fbda8224105d2f0e81d,0,0,0,0,,0,0,,0,,,,,0,0,,,05-02-2025
0x22c6555dd7f380fe9373ae618e3cc4f8c461866e,0,0,0,0,,1,0,,0,,,,,0,0,,,05-02-2025
0x3fafe0bcfcba9b01830c2e37442f13632e8b23e6,0,0.1,0.1,0.1,,3,0,,0.9,,,,,0,0,,,05-02-2025
0xd40264f1cbf8e769e898bd73ce3fbd5abe43c4d7,0,-5.6,-406.1,-406.1,,3,2,,0.5,,,,,0,0,,,05-02-2025
0xde713f7c55d069182fa515a9ae3e9fb24541a2d0,0,0,0,0,,0,0,,0,,,,,0,0,,,05-02-2025
0xf169a9cebd736e794d501fe46dead5882111b242,0,0,0,0,,0,0,,0,,,,,0,0,,,05-02-2025
0x719b0af66fb8a159469b51a5c4cf07dbfa1ba050,-3296.7,14.7,-852.8,-630.4,,5,2,,8.8,,,,,0,0,1123.5,-73.5,05-02-2025
0x62f002d44aa612162bcbde37acbb9006bf501822,0,4560,100.5,13974.2,39.1,70,56,198.3,1784.8,10,0,0,1.7,508.6,-14,2045.5,47.6,05-02-2025
0xdbe79d824cb7d9896cfe783c4b42fc7dd4d23c72,0,1517.9,1517.9,1517.9,100,33,2,0.8,0,0,0,1,143.7,0,0,,,05-02-2025
0xc5205dd0fecc4a77898d99c3ca77863426af142c,-28.9,0,0,-41.3,,0,0,,0,,,,,9,-11.1,,,05-02-2025
0xd60919eea9a374096f4c7f7048268a94007bebd8,0,3430.4,-723.1,13594.8,63.6,71,54,311.9,3933.1,7,0,0,9.8,1095.7,-21.6,1997.1,-12.4,05-02-2025
0xbfdaeb20fa38a68adfb1ae9e8a87bba305aa4769,0,-470.8,-470.8,-470.8,,36,0,,0,,,,,86.8,-0.7,240.2,-43.7,05-02-2025
0xfd70a3199e25563844d7f6e60fb3c99f616215e4,0,0,0,0,,0,0,,0,,,,,0,0,,,05-02-2025
0x8e11a2b2fd300829300b7b5d5cd72a6bd038f584,0,0,0,0,,0,0,,0,,,,,0,0,,,05-02-2025
0x0c1b4cf81396789785244973a01ab243a9686ce6,0,0,0,0,,1,0,,0,,,,,49.8,0,,,05-02-2025
0x6e5d57dbb76824209cde6b2c2ac0b660400b48c9,0,0,0,0,,1,0,,86.8,,,,,0,0,,,05-02-2025
0x7990ff9d9c3bf4ece47ec4d712336bc402359720,0,275.8,274.1,274.1,,11,2,,31.2,,,,,0,0,,,05-02-2025
0x246eebfc3f83731b3fa2071c2bd102bd32ee81c7,-0.8,-651.4,2258.2,2413.2,28.8,526,522,-1.4,150.2,130,2,0,90.2,68.8,-3.4,43,-8.6,05-02-2025
0x90e3fcd15dd132d9fa14bed5969a422b14435700,136.8,74.2,-114.3,6051.8,0,8,3,10.6,6.7,3,0,0,263.2,106.3,-33.1,874.6,0.1,05-02-2025
0x5e25cbb1f25177524b8a9db52e87073e11287c02,-9.3,15.1,15.1,-72.5,20,5,6,2.5,152.3,2,0,0,7.7,3.7,-6.7,,,05-02-2025
0x2d57e4f8cdda860384d2146ab060071b7f960313,12483.1,3332.2,3332.2,15815.3,100,138,147,1.8,42.8,0,1,0,177.9,8.5,-10.8,5888.4,291.1,05-02-2025
0x4d8bc6fedf90307b187d2d710851fcf7d909d728,0,0,0,0,,1,0,,0,,,,,14.4,0.5,,,05-02-2025
0xa3eb1acc8ce4cd8fa5bab8787570d944b82387fd,0,-251.8,-669.1,-1235.4,,2682,2099,,11,,,,,11415.7,4.8,,,05-02-2025
0xb64f4d38a46b268ba70c1e8d82106806bf59feba,16.2,0,0,33.4,,0,0,,45,,,,,0,0,,,05-02-2025
0x69c3389f8da98fcf26c4986cf0186560c157a52a,0,6599.7,7258.5,-14263.9,,596,1184,,413.4,,,,,90818,0.2,35529.1,0.6,05-02-2025
0x5e9935944dc4ce3a6de57f5063eb9952e0b0dc6e,0,0,0,140.6,,0,0,,0.4,,,,,0,0,,,05-02-2025
0xd1968d7f8b1d22aef0a2f3e1b29f22f4752ac6c3,0,-853.5,-1030,-1030,,24,20,,0,,,,,17.3,-6.7,180.7,77.4,05-02-2025
0x66f2f09c9f794cce8920505f97d96305336b61c8,2977.8,463.5,596,3573.8,,0,3,,2221.6,,,,,,,1289,277.3,05-02-2025
0x2ca1556a0dc5a08a01d16f78fd0eb5795ae5f830,0,392.4,655.3,3224.9,70,10,22,39.2,577.2,6,1,0,0.5,60.4,22.1,,,05-02-2025
0x5f82ee9815d94ef2ea71b35c4ceb155ff7f43e4d,0.1,0,0,0.1,,7,0,0,13.4,0,0,1,101.1,552.1,972.9,,,05-02-2025
0x7315a73db5babe5cf8492b4a6cd127a79f657244,0,0,0,0,,0,0,,9.3,,,,,0,0,,,05-02-2025
0x057eecbc21693e36a87e263f827b16cc7af1f7b4,0,-682.3,509.1,144406.8,0,4,2,-0.2,0,0,0,0,139.9,1329.2,-1.5,2641.9,22.2,05-02-2025
0xcab95d237a94be9e55d1b91eb304ea6ccc7c3adb,0,-331388.4,-7688.3,-23946.1,78.9,3914,3076,-683.3,58.9,409,2,3,162.4,7934,6.1,1418.1,-4,05-02-2025
0xf01348553027ebece34375411d42b2c92e0a5f02,0,0,0,0,,0,0,,0,,,,,0,0,,,05-02-2025
0xfd05c5fa066d170b32056c34850a8f24e9e3e7fb,-5.8,0,0,1343.9,,0,0,,0.1,,,,,4,13.6,,,05-02-2025
0xfb518b7fd8ed2d73d9e99d8ef17533b6782a9a33,0,0,0,0,,0,0,,0,,,,,0,0,,,05-02-2025
0xd4df269c5cc6c0dd0c4278e5384ce4606baf5ca8,0,-6.4,-6.4,-6.4,,1,0,,31,,,,,6.3,-13,6.8,0,05-02-2025
0xa9dc52099abc75094797f4405c0ccdee15e8e668,0,105.3,1309,6010.3,100,1,1,0.1,4542.8,1,0,0,0.1,689.7,6.4,2914.1,10.6,05-02-2025
0xc27486c95a3e2244ef53c979eb81f2d95d1d6e3c,0,0,-566.2,-566.2,,12,0,,9.9,,,,,311,-10.7,,,05-02-2025
0x6ba39c9d8b5b74d04bea833541856bcd863f7bd9,0,21.9,21.9,21.9,,5,0,,1.6,,,,,6.6,-5.8,49,-7.6,05-02-2025
0xfc90a4edd1c75a72f5630ac743ac2db9b28ff76a,10007.7,0,0,10932.1,,0,0,,111.9,,,,,103.3,1175.5,,,05-02-2025
0xd95ed814c61d3ebf47efcc6abda47880688e18a7,-542,-556.9,-529.1,11139.5,36.4,14,34,-50.6,0,3,0,1,64.1,22.5,-17.6,108.7,0.4,05-02-2025
0xfd2c6cc60954e2a798191e974457b84f6a6cc394,0,0,0,0,,0,0,,0,,,,,0,0,,,05-02-2025
0xc8ae4c9f25c298f33bc79f43b2d9bfaace7aa628,5543.6,0,0,5646.8,,0,0,,87.2,,,,,48,735.1,,,05-02-2025
0xe64142cbd75f0cb9db91d3d67eed0450216b9541,0,542.1,-787.4,22286.4,33.3,14,6,90.4,582.6,2,0,0,14.1,98.2,-1.3,1278.3,-1.5,05-02-2025
0xd8ec650c797c3db16ef01ee1dc904a73dba26e99,-0.3,0,0,14442.2,,0,0,0,0,0,0,0,,2018.3,-1.2,13561.3,-2.2,05-02-2025
0x30b98a5de688c76e336fccd24f3ea207500a91eb,-0.4,-460.9,-971.1,32357.9,0,7,9,-115.2,0,2,0,0,41.7,238.4,-13.9,6128.1,7.4,05-02-2025
0xaec84e10eb4ff3ba06bacfe4407e604d927babf1,0,4.1,4.1,4.1,,11,0,,49.7,,,,,8.2,0.6,11.2,6.5,05-02-2025
0x1f0d71f403378b07c9d814bbead127f5179172e4,0,-353.6,-353.6,-353.6,,47,0,,39.5,,,,,6.5,-4.7,,,05-02-2025
0xab90c7009816aedcc6395fe869cea19f81403023,0,643.1,643.1,643.1,,4,4,,5.9,,,,,115.4,2.5,,,05-02-2025
0x1cd785df7aac166e725cae644a5332be4535524b,0,0,0,0,,0,0,,1.8,,,,,0,0,,,05-02-2025
0xf2cde139a8edd103a6fc77ec679b03cadbc07b9e,0,88.3,682.1,682.1,100,17,19,12.6,0,7,0,0,60.9,81.6,6.8,80.3,1.5,05-02-2025
0x372aeccbf562e31ddaf5bce4582a93b193773e49,-3304.9,-49,-745.9,95,,13,7,,4.5,,,,,0,0,1377.2,-26.9,05-02-2025
0x74d08f68b693f79f3d866bc7fe926cc4ef4d40ef,22203.5,0,0,22203.5,,5,0,,2.1,,,,,33.2,-16.8,8891.7,250.1,05-02-2025
0xea6b0f8619d6b5a2e3df80c18edc3d8f0b128061,0,162.8,603.8,576.3,,10,8,,1827.9,,,,,71.5,-0.4,747.4,21.1,05-02-2025
0x69b52e4036d9bc5927bb1185202beeb24c22d59e,37943.7,2487.7,2487.7,40431.4,100,101,107,1.4,0,0,0,1,177.9,0.1,-10,2858.4,1414.5,05-02-2025
0x5d2ef26bde9ad794317602a50e543a025aa4e786,0,-496.9,-496.9,-496.9,,7,0,,0,,,,,115.1,-9.2,,,05-02-2025
0xfe026f2393704e88fe6b378ce5256ed5fee0a955,0,0,0,0,,0,0,,0.3,,,,,0,0,,,05-02-2025
0x0093d4ea21a994b0fe786e997c06170a56020972,0,-2284.6,1301.2,1301.2,,6,5,,2666.5,,,,,461.5,13,,,05-02-2025
0xf4c21a1cb819e5f7abe6defde3d118d8f3d61fa7,0.1,2341.8,11284.5,78544.5,1.4,3898,5564,4.7,28899.1,155,1,1,835.1,3.4,0,0,0,05-02-2025
0x5bb077d721ca1dd6ae01cc74a5d17b3bbe2b3464,0,763.9,763.9,763.9,39.1,87,64,0,2058.7,9,0,0,0.2,823.4,-2.3,3591.4,-1.4,05-02-2025
0x86b248bc1f0215571e8485daa82c9074c08b808c,0,0.1,0.1,0.1,,1,0,,7.6,,,,,0,0,,,05-02-2025
0xd0d1f2ff726c5d17f124de482212ce85a1d55ab0,18415.2,1402.7,1402.7,19817.8,100,74,66,0.8,0,0,0,1,177.9,9.5,-3.9,1920.2,1032,05-02-2025
0x53446b29540855ae072d3a5b40f9da96404bfcc5,48.1,0,423.4,471.5,,0,0,,139.1,,,,,105.7,111.5,,,05-02-2025
0xaee989fda15dfa276bebf116b81d26ba233235ce,-78226.4,-1.2,-248.5,-49585.2,0,8,1,-0.1,181.9,7,0,0,105.8,439.6,-8.1,1567.9,-78.8,05-02-2025
0x77b9ace02b992dc97678318b298b11b926bbf9ea,249.5,3588.8,1695.4,-1869.4,,19,26,,307.3,,,,,358.9,6.7,851.9,-40.6,05-02-2025
0xfc5a87ac636d97343b44cd9075e95f3c8a2e404d,0,0,0,0,,0,0,,0,,,,,0,0,,,05-02-2025
0x82081107e8a7ebc1f1bcaeb52c929164e4042ed8,0,-156.4,6324.4,87394.8,60.2,16400,16276,-0.3,361.2,314,5,7,130.6,2774.7,51.7,929.4,-6.9,05-02-2025
0x11b6bd48d14d93dc5b761066b84d8729db52a321,-0.3,0,-3.8,-741.5,,0,0,0,13.7,0,0,0,,2.6,-3.2,,,05-02-2025
0xaa709c70510db016056fc5a7fa28237c464a9771,-15.1,-4217.7,-4637.3,-4652.4,,18,17,,24.4,,,,,468.1,-7.2,,,05-02-2025
0xfe5dd75e34033abed73a92ad03fc34a19a1ebdd8,0,0,-20.1,-729.8,,1073,0,,941.8,,,,,557.4,0,776.1,0,05-02-2025
0x3a7f34e3fc8f700a7d6945751cae025fa36d74c8,-70338.5,0,2,-70336.5,,0,0,,3.6,,,,,7.5,4.1,32.3,-1,05-02-2025
0xf368a0efce72e2a12f9a8c8d261cac7d4291bc5a,0,0,0,0,,0,0,,0,,,,,0,0,,,05-02-2025
0x0b6f84607e813364998ad27c03879becec16a787,-205.7,-102.7,895.8,690.1,,20,24,,250.5,,,,,106.1,-3.7,204.3,28.8,05-02-2025
0xb5f9fb80c9027af51bbbc7654f9f3c4ef3f6a189,0,0,1234.4,1234.4,,0,0,,0,,,,,1651.6,11.4,,,05-02-2025
0x0904267dfaab40840686a8f8d0caa8b306420f2b,-213.4,3414.9,3691,3477.6,,45,48,,1.3,,,,,58.3,-4.6,1730.2,30.2,05-02-2025
0x9f8d49e64d1178a6e653ad2b52d3420e6755f9fd,0,-2.6,-2.6,-2.6,,0,0,,8.6,,,,,30.8,-7.2,205.6,-64.1,05-02-2025
0xa09c1d0824acc961c67843d70da264da0c420199,355.1,1042.7,1516.7,1875.6,12.5,14,11,0.1,19.1,5,0,0,85.8,241.1,-2.4,223.1,58.6,05-02-2025
0x390c2dbab24d80362fc74cfd0e756e8dc6b547f2,-3390.1,0,-5163.9,-10833.7,,0,0,,2.8,,,,,506.9,1.1,3437.9,8.6,05-02-2025
0xfd41cb641cc3b7e2517731c209fff1cd3fa5e22d,0,0,29.4,-991.9,100,0,0,0,1075.6,1,0,0,1.6,218.5,-11.8,113,12.4,05-02-2025
0x6f6e50fc44dbd738644deac5bee700c2e8df3a0e,0,0,0,0,,0,0,,0,,,,,0,0,,,05-02-2025
0xd0b8e57b07d83440f103f6520460d439e37a30f0,-850.7,-613.3,-873.4,2869.6,25,8,4,-122.7,458.9,3,0,0,38.5,100.9,-7.1,229.2,-3,05-02-2025
0x7a555f9d0bebaac68f435055e15b9cdffb1a39e2,0,0,0,0,,0,0,,2.9,,,,,0,0,,,05-02-2025
0xb63fde5897e0ffb2dd385b43a7b319e201aabe92,-6.9,90.1,-230.8,-3050.4,29.5,99,99,1.5,2,21,0,0,1.3,88.1,-0.2,412.4,-9.4,05-02-2025
0x4c36fb257deeca64c5b986410d9e56ebf16ccbaa,0,330,330,330,,0,0,,3014.3,,,,,,,,,05-02-2025
0xc39d63a38ac7767ec719b49f25f9c69b35506b92,0,-10.2,-10.2,-10.2,,23,13,,6.5,,,,,9.5,-9.3,,,05-02-2025
0x1d4e439250cfae5e6a2d0a46a8b2ff40f13ab3c1,-70.9,27.3,-16.9,-75.2,,5,0,,1.9,,,,,2,0.9,223.9,15.3,05-02-2025
0xc886eedf64248b0833bdb7784ef9e5aef568e361,0,387.4,387.4,387.4,,8,0,,1871.8,,,,,0,0,316.9,-17.2,05-02-2025
0xf97de931e93d34a946d2ab787a6cbbf6a178b385,-274.2,0,28.2,509.6,,0,0,,36.8,,,,,138.8,-10.3,33.8,-19.9,05-02-2025
0x088d744ac454d673c720d775015847b475ec53cc,0,-354.3,-1036.5,-1595.8,14.3,4,7,-50.6,37.1,6,0,0,77.2,14.6,-7.6,236.2,-17.5,05-02-2025
0xf6bdcb707650b014255158579b5f018ad2e10b88,0,0,0,0,,0,0,,0,,,,,0,0,,,05-02-2025
0x238cd67f26e24cbc1316dca3897cdc939fc02eaf,-47.9,454.5,2957.7,5921,55.6,12,13,45.5,528.8,5,1,0,11,140.3,32.8,310.1,19,05-02-2025
0x8ce2b1348740d27d6075f602ad679a041407fdec,-272.9,0,-184.3,1692.9,100,0,0,0,41.8,0,1,0,21.5,62,-10.6,169.1,48.3,05-02-2025
0xbfb71ab4c011feeca57864eeaece29d2d149544a,-4137.7,-100.5,-1513.6,-65.6,,8,3,,8.6,,,,,0,0,1117.9,-97.2,05-02-2025
0xbf48eebcf4ed4fc9e741731540859df90c957f0d,0,0,818.4,818.4,,0,0,,0.1,,,,,0,0,,,05-02-2025
0xd76e069d9c380ad98927eb5aa78c84000fa7fde9,0,0,0,0,,0,0,,0,,,,,0,0,,,05-02-2025
0x7ceaf082802cecb05dfebc51ecdb80c36b385664,-805.9,1155.3,-663.1,21898.1,100,10,16,231.1,419.1,5,0,0,49.4,182.9,-19.6,625.2,-6.3,05-02-2025
0xb85cb62da6618374345e4cac63388a9baec78d4d,-3.8,2179.5,2179.5,2175.7,100,211,203,1.2,75.6,1,0,0,177.9,0.2,-10.6,,,05-02-2025
0xa72d728661d1464b724e77b309db4533f6ad61c6,0,-4.2,-4.2,-4.2,,0,0,,0,,,,,5.9,0,,,05-02-2025
0x07f5bafe0946e310e1620018db09250aa7bd5166,-192.7,39.5,9.4,-592.2,,60,61,,0,,,,,7.5,16.9,25.7,118.9,05-02-2025
0xa1b90601d56c0d7f61fbefb776c6c8f0aa6cbb76,-341.3,-634.7,-504.8,-491.1,20,2,2,-105.8,1108,3,0,0,603.3,150.2,3.1,286.9,-19.2,05-02-2025
0x3f9d088839d4fdde26bc563be8990eb18753ab25,0,-2923.4,-6638.1,-6638.1,,60,47,,227.7,,,,,202.6,-29,342.1,-40.6,05-02-2025
0x542af0b690a02bc2c3d470febb1d655f02e63235,0,-145.4,-321.7,-321.7,,326,253,,44,,,,,0,0,17238,-0.5,05-02-2025
0x5629cfc1b29dbf37a474f2c834eca7ddd466e2b1,0,0,0,0,,1,0,,16.9,,,,,21.1,0,,,05-02-2025
0xac8a80ed239fe342cee9a96903d8fc764d8b9d1e,0,-1399.2,-2465.3,5285.5,,50,13,,41,,,,,645.1,0,1714.6,-9.7,05-02-2025
0x0261a5f8e27ead9aaf7b49a9321bede875de313c,0,348,2068.9,18210.8,66.5,6012,5250,0.7,13.6,308,7,3,153.7,2414.7,-8,141.7,-0.1,05-02-2025
0x0f0a45a4e5cda7c84d69a23bce0fdfd30b6a7147,493.6,4.9,7,500.7,,2,0,,14.6,,,,,318.8,3,,,05-02-2025
0x10d40edd781a664e9d4904dc646998e815bc1840,-31.9,0,-5429.7,3189.3,,1,0,0,290,1,0,0,161.6,1194.5,6.6,,,05-02-2025
0x1194affc1b2a7aceb71418ba5426994757559003,0,180.7,180.7,180.7,57.1,18,18,25.8,0,4,0,0,0.1,172.2,6.8,,,05-02-2025
0x1ac80310ede954d4e310dc5d50fb136446b84513,-396.9,214.7,2367.6,2705.9,23.1,48,20,16.5,467.1,3,0,0,111,86.1,23.3,74.6,-45.2,05-02-2025
0xb5a8bb1c228ed841262eca189f506c4b27e3ca4f,44.9,-1056.6,-352.6,-3423.5,,235,204,,8.7,,,,,690.4,-3.2,2566.4,-3.1,05-02-2025
0xd9d99f9270ce6f84bcb783f0b90d50ab679e1111,0,-2.9,-2.9,-2.9,,3,0,,109.8,,,,,32.3,-8.3,50.8,19.7,05-02-2025
0x758f1d40764e44746bd5438736bbed57c26ae7b3,-1559.8,1341.6,1291.4,-1093.4,,7,3,,29.9,,,,,33.5,-4.9,2210,3.2,05-02-2025
0xcdf8b76e2f426f329b21e19ab5bf0afb740928c9,-800.1,23365.2,23365.2,22565.1,100,957,1054,12.7,3268.1,1,0,0,181.8,0,0,,,05-02-2025
0x000809d90b728501452df9fc09d166df996fccd8,0,22620.7,22620.7,22620.7,,561,0,,0,,,,,0,0,,,05-02-2025
0xf7ad90f1a663827be055df19c8d7fba654533176,0,908,231.5,231.5,,26,9,,21.2,,,,,452.2,-4.9,,,05-02-2025
0x9d94910453450601e3d443640c212836cc70733f,-1.2,0,0.1,-491.1,,1,0,,0.6,,,,,11.3,-0.5,906,0.2,05-02-2025
0xe59bf2919eb3ed45f0e8325b6daecc17418e76c3,0,0,0,0,,0,0,,0,,,,,0,0,,,05-02-2025
0xdebb940c3c98c3b8dc3732ada5942f3ef32eda34,-2.1,1474.8,-314540.8,465432.9,77.8,4533,3959,2.9,59.9,413,1,1,158.9,7064.1,1.8,2912.1,-14,05-02-2025
0x228504a705778ef9c88d43beb4054b9dc224fef9,0,379.8,379.8,930.5,,6,4,,35.1,,,,,151.7,13.7,,,05-02-2025
0xd73dc2511068014f2bf9cfcd556744e5f60ee8ea,-2.6,43.1,43.1,-112.1,50,2,4,0,517.6,2,0,0,,26.3,-2.5,119.2,24.3,05-02-2025
0xebb07747ec55c5f09c28bbfcda33132f8074711c,0,0,0,379606.9,,0,0,,0,,,,,0,0,,,05-02-2025
0x44eca414272e234d7b71684de8506b8e582c8cc2,-95.7,0,0,-95.7,,41,0,,0,,,,,55,-45.8,73.1,-8,05-02-2025
0x000000005fa709620f449a06012bfa67787a1b9f,0,199.2,2780.5,5819.8,88.9,117,107,7.1,25.5,22,1,0,52.4,4912.5,712955.2,24.9,8.2,05-02-2025
0x3e9e732a86ac172e9f0043f509a45710f4d42e1e,375.6,1354.9,-1156,-3145,,39,17,,12.2,,,,,197.6,-25.3,491.9,-4.5,05-02-2025
0xe5aa695778433c7e1b4d2ed07ebc6a41884924ef,14871,1504.7,1504.7,16375.7,100,61,72,0.8,0,0,0,1,177.9,0,0,2157.8,758.9,05-02-2025
0xa520672757ad9288d51f4e2a3d2eda68bddaf42e,0,-3.9,-3.9,-3.9,,7,0,,1809.5,,,,,0,0,,,05-02-2025
0x4c93bc3d39fd2c11d6014958b1a268b62182f2bd,0,0,0,0,,1,0,,57.9,,,,,10.8,-6.5,23.6,-18.7,05-02-2025
0x52c47eca2e15377a564d879077ebefb973144bb8,-209242.6,0,0,87066.2,,0,0,,543,,,,,112.3,2.2,8575.4,136,05-02-2025
0x0b1fc126e1fc3ca3ab247037517e65a0b3efc554,0,0,0,0,,1,0,,0,,,,,0,0,,,05-02-2025
0x67c1a699d04907cbbff49cbeb2db78bae16c1496,0,1342.9,1342.9,1342.9,,1205,0,,12.1,,,,,0,0,,,05-02-2025
0xafa1eb42ed3048a3c5e1ea8e69f4ee7173398cee,-908.2,-271.2,-2260.8,-4888.5,,111,73,,341.8,,,,,61,-1.5,627.2,-4.1,05-02-2025
0x1e76829de1e66ddb2dbfd0b5dd1657bdcc516d12,0,0,0,0,,5,0,,0,,,,,0.6,0,,,05-02-2025
0xdaac35bca6f338399a89ea230a85ccddaa411725,-54858.7,0,0,82821.4,,0,0,,134092.4,0,0,0,,33989.4,-17.4,2266.5,-40.8,05-02-2025
0x0bc3b7f6c2e2c5b248de34ac3ec02a3b9b9c6bf9,0,0,0,0,,0,0,,0,,,,,0,0,,,05-02-2025
0xd22d709c95dcc47b867fcfcfeff0f47332ea76ee,0,-170.7,6438.4,41174,16.7,42,40,-28.4,2474.5,1,0,0,1.5,496.8,14.6,8703,-4.3,05-02-2025
0x096c1488f344531d0d9ffa9c56dd439a158142d9,0,34.7,34.7,44.5,100,1,1,0,0,1,0,0,53.9,25,5.8,,,05-02-2025
0x3bcc3b849daea8a5d3522c2697ab483d1aae128d,0,0,-727.9,-727.9,,11,0,,10,,,,,123.5,-6.4,2464.9,-91.3,05-02-2025
0xfcbf99ea7a5d39e81f9a9e1bc55c36aedb4db14e,0,0,0,0,,0,0,,0,,,,,0,0,,,05-02-2025
0xe6333379147274d23d1c4f2961bfd1a9b4ff84e7,0,0,0,0,,0,0,,0,,,,,0,0,,,05-02-2025
0xd7f29e00597212866177311dfff469c2024d109a,0,5013.9,5522.1,8646.2,66.7,69,73,417.8,30.2,9,0,0,134.7,540.6,-0.6,3418.3,-15,05-02-2025
0x00000000ce441c77f2b06cb67807c137ef6cd4ad,0,9010,9010,9010,,9127,0,,30.1,0,0,0,,0,0,,,05-02-2025
0xe745f71f5854cb2f751ae1174294ec4684147607,0,3.7,3.7,12596.5,100,2,2,0,43,1,0,0,,261.5,9.6,3212.2,-18.6,05-02-2025
0xb7e1cb0639881151733207b7d717e9e148015b09,0,-417.9,-417.9,-417.9,,39,0,,5.5,,,,,28.8,-0.2,52.4,-37.9,05-02-2025
0x895dd75da1030214d64c00bc897c66363a326652,-84.8,0,-140.6,2051.7,,0,0,,661.4,0,0,0,,0,0,66.8,-35.5,05-02-2025
0xf83da529e2881e292caccb37b0fba02a5b7fcfe1,0,0,0,0,,0,0,,0,,,,,0,0,,,05-02-2025
0xfe13e730c27e86d919a4dca7f7df0a5a23181799,0,375.6,375.6,375.6,,3,0,,4.7,,,,,0,0,,,05-02-2025
0x5be1766de32550378f48b0424c6f9e794108514b,0,0,0,0,,0,0,,0,,,,,0,0,,,05-02-2025
0x27996c1ac0c5f6927cda76606c6cbd3aa6e8a128,0,1666.1,-3983.4,4430.8,51.5,258,177,26.9,4099.6,38,2,0,170.4,454.8,-0.3,210.2,16.7,05-02-2025
0x6b6717921bd47aa6992ed3df11c210743259617e,0,652,652,652,,6,0,,4743.9,,,,,0,0,,,05-02-2025
0x5836436a9140d4a36ff0887355bb76f7acbad7d3,0,12.1,12.1,12.1,,0,0,,0,,,,,11.1,0.5,,,05-02-2025
0x78d486157da85f506eaf2153d9da3b076e65be39,1826.2,23578.5,44277.3,94324,68.8,20,30,1387,3018.6,12,0,1,5.3,461.4,38.1,2305.2,0.9,05-02-2025
0x61ee979584585f446ffbb3ed563366ffb534c3da,-165.9,14.3,3.1,-1703.3,18.8,208,121,0.2,701.3,14,0,0,18.5,117.4,-18.5,424,47.4,05-02-2025
0x45619ab9734dda55d4d9c0fddf560e645f6c7ae6,0,0,0,0,,1,0,,94,,,,,0,0,,,05-02-2025
0xd5330eeec802aeb31e8be1b1e8238057c5250d50,0,45.4,-90400.3,-86327.8,,18,13,,12.1,,,,,102.4,28.3,1002.5,5.4,05-02-2025
0xde407564a0fcb62b6383608caae5ec89a807707e,0,0.8,0.8,0.8,,1,0,,0,,,,,56.8,-16.7,,,05-02-2025
0x65ce6895e7c20a389fb11770a02b9bb3bd193686,0,0,0,0,,0,0,,0,,,,,0,0,,,05-02-2025
0xeac901c30a71401c12120bcadf40c7d33a83d9f3,0,0,0,0,,1,0,,0,,,,,0,0,,,05-02-2025
0xa4067cf5a36765f5fbb457e9eab802f6985dd64f,0,0,0,-48.5,,0,0,,0,,,,,11.2,-11.7,16.4,-9.7,05-02-2025
0x565c9a2f79fc921c5dfcb9df2fffbaf917e9eceb,-37.2,1285.9,1121.6,1437.9,46.2,9,11,98.9,1690.5,5,1,0,1,248.1,5.1,,,05-02-2025
0x0238f8902cbf76fe85d4d429b267d6c4f5bdb87b,300.4,2502.5,2502.5,2802.9,100,171,169,1.4,34.2,1,0,0,177.9,0.2,0.1,,,05-02-2025
0xf31136a13365b15c917c7c9a2a3dc361024dc21a,-186.2,115.4,587.5,302.9,16.7,19,26,8.2,11.8,4,0,1,155.6,390,-20.2,421.9,1.6,05-02-2025
0x10d918bb79f16d2e1efc2a4ea22ed019f26abd1f,0.1,11,1262.3,1059.5,66.7,5,4,3.7,7.2,1,0,0,42.7,179.9,0.2,158.1,-51,05-02-2025
0xd3cbba7c491a35ce6bc2f58b91d420d986f842ee,0,0,0,0,,0,0,,0,,,,,0,0,,,05-02-2025
0x935c90384a7b3141cad3695b773a54e0746a3a78,-21614,384.9,4634.8,31467.9,71.4,9,8,55,1113.3,5,0,0,326,689.5,-15.3,818,62.7,05-02-2025
0x4472e93ba10a75494b23932f0c7edf9c82fc7748,0,-0.1,-0.1,-0.1,,4,0,,0,,,,,0,0,0.2,-67,05-02-2025
0x30eaa68bf5b475b91b46ee8a891ef5d5e393ba5e,0,0,444.3,444.3,,0,0,,0,,,,,0,0,134.6,84.1,05-02-2025
0xabc7ae07cbfc3ee9a095fa509520ae5a77b4d5ab,0,0,0,0,,0,0,,158.9,,,,,0,0,,,05-02-2025
0x936702f3ccd70a3285c59c80b466530638c807bd,0,0,0,0,,1,0,,4136.7,,,,,0,0,,,05-02-2025
0xd1ca307cb69b81cb0351346dea936a4c02348155,0,0,0,0,,0,0,,0,,,,,0,0,,,05-02-2025
0x7ad5d0d62ea1b485c71dcda6aa08e49ff7d643f4,1352.2,1074.2,7732.1,7531.6,35.7,239,102,38.4,150.8,11,0,0,26,613.4,-14.9,1744.5,-5.3,05-02-2025
0x7fa3b3a861e1b7a637d3d91e78a63a234fa9aef7,0,0,758.3,758.3,,0,0,,0,,,,,58.6,13.5,58.1,-3.5,05-02-2025
0xfda31091b0854ae75590d6d6e1a79027cac09eee,0,0,0,0,,0,0,,0,,,,,0,0,,,05-02-2025
0x66a5bef494d06fb668596d0c8ef6cac9d90deb80,0,1.9,18,-12.2,80,5,4,0.4,72.9,4,0,0,0.2,6.1,1.1,5.8,-11.3,05-02-2025
0x5b91d1dbcf8774bf2b052ec16ca6306feb224021,0,1340.9,1340.9,1340.9,100,27,2,0.7,0,0,0,1,143.8,0,0,,,05-02-2025
0xe8770ecc9afca4dca24a4f7cf43f165bf8b5d66c,0,1375.7,1375.7,1375.7,100,1,2,0.8,2019.7,0,1,0,136.4,0,0,,,05-02-2025
0xe0feabf39f3d4201c5b5b4f445333531150309cb,0,0,0,0,,0,0,,0,,,,,0,0,,,05-02-2025
0x6028a4c29d13127dc66da8a0e7311fe05033dc86,-18.1,0,0,7688.1,,0,0,,5.4,,,,,621.5,14.5,1478,12.6,05-02-2025
0x6d76f6edc8ecae12152b51828207536d10e19d87,-125,0,0,-125,,41,0,,0,,,,,65,-61.5,71.2,-4.3,05-02-2025
0xc039cd98631555b49625206f8281460d5932ded4,-1025.4,10510.2,10510.2,9484.7,,1,0,,34897.4,,,,,0,0,,,05-02-2025
0x8d41c83465eced7cc2c0bb395b0d9c7323f72953,0,0,-1,-1,,0,0,0,0,0,0,0,,0,0,,,05-02-2025
0x4b1b7cb193ee88921e6d401ad363ede64197cadb,-14.8,0,0,-14.8,,16,0,,0.4,,,,,61.6,-65,77.3,0,05-02-2025
0xfa64d7d8f855b76abaa65cfdb07034c23f3044b2,0,0,0,0,,0,0,,0,,,,,0,0,,,05-02-2025
0x83c863fb469838f70b96e000794ce6e5b27e613f,0,12008.3,12008.3,12008.3,100,8,14,6.6,0,0,0,1,143.7,0,0,,,05-02-2025
0x963349cf155d10502b96ac450f95723bab485162,0,-165.7,-165.7,-165.7,,31,0,,24.9,,,,,1.5,-3.1,24.9,-40,05-02-2025
0xca7652a8520ae4601a8641185afa6a13ac280fdc,0,0,0,0,,0,0,,5.1,,,,,0,0,,,05-02-2025
0xae7fc17f71c3f54eb6d0429e515e4b93f7def819,629,0,70.8,699.8,,1,0,,1420.7,,,,,0,0,,,05-02-2025
0xca3a571c22e6abe4410cf17eae5977807b678b4e,0,0,0,0,,0,0,,0,,,,,0,0,,,05-02-2025
0xf1b73de9dda9b8dae5ede33398d01fc29af20a71,23960.6,0,0,23960.6,,0,0,0,18.5,0,0,0,,40.7,3678.1,,,05-02-2025
0x23d00d3e64b76d16ee685110f993696f4cb288cb,0,-204.2,-191.7,-191.7,,0,2,,0,,,,,110.2,-3.4,204.7,-40.3,05-02-2025
0x2c61c793f356642befadf929fd0d76c9a31cdb9e,361.9,0,0,361.9,,1,0,,11.9,,,,,0.3,30257.1,,,05-02-2025
0x70ea1b3bfeb23d2e6c2b1a9921dfa74f74b3ae6a,-23.7,21.6,17.2,-5.9,100,2,4,0,27.3,2,0,0,63.3,8.6,-4.7,,,05-02-2025
0xb6a27302cea537d41f66ad3dbab897a7485847d9,-281.6,1215.4,268.7,-983.8,33.3,25,21,67.5,1530.2,7,0,1,15.7,143,5.4,119.2,-34.6,05-02-2025
0x62f814160cb6d5e3e64d53b10a2da991bec8cd7c,0,0,0,135.1,,0,0,,0.1,,,,,0,0,,,05-02-2025
0x7085571233b509b21fa01178624ca5e1a6ae2ed7,18329.5,0,0,18329.5,,1,0,,17.5,,,,,41.3,9731.7,,,05-02-2025
0xdb3840313dcf325253ff8d240abe37e2270a551a,-0.1,0,854.2,1308.1,0,0,1,0,0,1,0,0,,134.7,1.9,1650.5,2.6,05-02-2025
0x5aba16bb56e7c8a79bab8efcc22ff7f9c2f240fe,0,0,0,0,,11,0,,1945,,,,,8.5,0.1,200.3,0,05-02-2025
0x1efe9259422ab7632fba1503658cd4e0c1f926de,0,110.1,110.1,110.1,100,0,3,0.1,30.7,1,0,0,3244.8,0,0,,,05-02-2025
0x0f27944589d9cc8933e6c10fd63fe815c9777577,-8.2,512.6,2921.8,11720.3,32.1,66,78,18.3,1058.5,9,0,0,0.3,268.1,-2.6,1401.2,7.2,05-02-2025
0xa70cb6c821b990ff06dadbdec605b748321266b8,-161.3,0,0,-161.3,,45,0,,0,,,,,42.4,-28.6,73,-7.1,05-02-2025
0x2e52817317e953dbd7aa24db6f55c5de15998052,0,0,0,0,,1,0,,0,,,,,,,,,05-02-2025
0xa741296a1e9ddc3d6cf431b73c6225cfb5f6693a,0,0,47.4,2729.4,,0,0,,819.7,,,,,31.2,-1.3,760.3,6.7,05-02-2025
0xa3bb19647fb2bbcff1b288c90328bcced05ac261,0,0,0,0,,0,0,,0,,,,,0,0,,,05-02-2025
0xecc7436997e9fdf82cb38e97a90ca5b02589b10c,0,-0.4,-0.4,-0.4,,2,0,,0,,,,,7,-1.5,,,05-02-2025
0x089f173a0a83f4eabaa1f7c21c42059cecf644b8,0,0,0,0,,1,0,,7,,,,,0,0,,,05-02-2025
0x095108dec4026df72784a72d331929f2235c816b,12147.6,767.1,2172.3,14479.4,100,1,2,0.4,704.8,0,0,1,58.3,42.4,212.9,2206.4,67.4,05-02-2025
0x33720d0eef2dcceeafb28f37575cf554611e672f,0,0,0,-21.3,,2,0,0,16,1,0,0,0,3.5,0,,,05-02-2025
0x2dc9acd001628d67ea8c8ad9a9c0d123091f97f6,0,-2.4,-2.4,-2.4,,5,0,,4.7,,,,,0.9,-14.2,,,05-02-2025
0x30136c2754dfd9ad7d47e27de43a39919015def3,24244.4,0,0,24244.4,,0,0,0,16.6,0,0,0,,31.4,7161.1,,,05-02-2025
0x09f3c41aba7a8cbd747f8292a392fc99934af12d,0,80.7,1833.1,4096.2,,6,5,,0,,,,,296.1,-2.9,1002.2,83.5,05-02-2025
0xf26b01d72ae476257213994e4ba54041a60fa0d6,-36,579.7,641.2,-1331.3,44,207,165,11.1,343.3,25,0,0,72.1,183.8,-0.9,1026.2,10.7,05-02-2025
0x4f941219d67a21a868b825fd3e9021d1b4bb613a,0,1827.7,1827.7,1827.7,,23,0,,1935.3,,,,,22.6,-2.9,,,05-02-2025
0x55a3298ef1e077a21a776aade88bb81996b49af1,-605.1,2358.8,10702.2,14399.5,60,6,17,471.8,0.8,4,0,0,151.3,710.5,5.3,3128.6,9.1,05-02-2025
0x25151e0b4cd5d7c0430515d1df263c0459e440b6,-863.6,-796.9,2154.6,8103.2,42.9,16,13,-99.6,39,4,0,0,8.7,761.4,8.1,3006.2,-14.5,05-02-2025
0xb79d247169878c4231c03807845e76576b15b041,82.8,2430.7,2430.7,2513.4,100,212,199,1.3,102,1,0,0,177.8,0.4,-0.4,,,05-02-2025
0x2ce579710209029a91eccdaadea471a301e71cf3,-7.1,0,0,5497.9,,0,0,,0.6,,,,,0,0,8373.6,138.1,05-02-2025
0x90eaa56fa3449a79e43effb8dd12092e4ce81278,0,363.4,1171.3,11410.5,,239,1,,42,,,,,923.8,568249942.2,1384.4,34.6,05-02-2025
0x919f253d7e67c5f11d5ed68e4e44bffbdfdb89c2,519.2,-533.8,-533.8,-454.4,,22,13,,16.6,,,,,608.5,-1.8,2846.4,-17.8,05-02-2025
0xbf7a85f6b54bb3a54f982db950f4380a92a73820,0,1186.1,8748.9,46252.6,68.2,1028,934,6.7,258.8,124,0,1,135.9,1858.7,7.3,3222,1.9,05-02-2025
0x19359fc3b2ddfa7ec0cb2a0c7c55102a76c75c96,0,0,0,0,,1,0,,0,,,,,0,0,,,05-02-2025
0x19b2c49d122da0e804cbdc65e01861261a7d62cb,-21.4,156.1,327.4,306,66.7,10,9,0,1921.7,4,0,0,5.5,2.5,9.8,65,-35.4,05-02-2025
0xd803ef88bea4b060e52539663c91ed2b5fd4f276,0,624.3,-717.7,-717.7,,132,121,,963,,,,,187.3,-7.4,924,-12.1,05-02-2025
0xf0ddd870abd08005e13ed5bbbb161e941ae02497,0,-5.2,-5.2,-5.2,,6,0,,8.8,,,,,0.9,-0.1,,,05-02-2025
0xe4212cc6587577a810c18a04413b03c5ab52d821,0,0,0,0,,0,0,,0,,,,,0,0,,,05-02-2025
0x23bb12ac513c44fc90663e5fa71c7215d2b873ec,698.3,392.2,338.4,1036.7,,3,8,,24.6,,,,,0,0,,,05-02-2025
0x044e2f87f3ab11a5ecf229b8c3b01d2efa3b9b8f,282.8,-2915.8,-4248.1,-4538.6,33.3,10,12,-0.2,5657.5,3,0,0,65.8,587.3,-9.1,901.3,-7.4,05-02-2025
0xa63061ec9d6f2c98bc99106ad3f88404147e9c8d,-2.2,-891.4,696.2,1779.7,,21,21,,0,,,,,224.5,1.5,1708.6,16.7,05-02-2025
0x155ec7974faa0ece331d3769d835e12d70c1488f,0,0,0,0,,0,0,,0,,,,,0,0,,,05-02-2025
0xf4cb9af251c3093a8e563136ee61149ff5b9da3b,0,1991.8,1991.8,1991.8,100,20,1,1991.8,0,1,0,0,68.5,0,0,,,05-02-2025
0xdba2b4fe0979e706d9e0ccc30a228615a94ad1f3,0,0,0,0,,0,0,,0,,,,,0,0,,,05-02-2025
0xca845abc32a2639ae398a229129b7be32590010c,0,0,0,0,,209,0,,120.6,,,,,4838.5,0,3671.8,0,05-02-2025
0xdce5bf4d5035486f9f46167b175df69f6e391a1b,0,0,0,0,,0,0,,0,,,,,0,0,,,05-02-2025
0xf80f9f3e7a06bbaa521937b8cb7e1d9b473fc4fe,0,0,0,0,,0,0,,0,,,,,0,0,,,05-02-2025
0x531dc0a4f859e9aa58869485b5367ac02419d130,13052.6,-16.7,-16.7,10191,0,2,1,0,24.9,0,0,1,104.6,148.6,461.9,154.7,-48.8,05-02-2025
0xc1b1d7e81bb6aac7b5b77b67053d8b92130e7993,0,-55.7,-115.9,-962.1,52.2,3333,3115,-0.1,85.7,274,4,7,140.2,401.1,7.6,123,-0.1,05-02-2025
0x7896462cbc4404a3e1808ccd37cab1d53aaf8ea5,0,0,0,0,,0,0,,0,,,,,0,0,,,05-02-2025
0x8842dfa36c590edb0c38f49b86f820eebbf3242d,-10122.4,23039.5,23980.2,118349.7,25,7,8,3839.9,5428.6,2,0,1,76.2,1193.6,-4.8,1367.4,117.2,05-02-2025
0xbfe71857e92aba222a8bb340bbd6080b459e9b65,-8.5,-4.1,-100.1,-106,40.7,71,68,-0.1,11.1,23,0,0,7.7,11.5,11.6,44.3,16.4,05-02-2025
0xff8822e22c5ced501a8db2eb17edda9131ff1850,0,0,0,0,,1,1,,300.4,,,,,0,0,,,05-02-2025
0xf4bba271a509b017002e560c3b6c67a9ff118731,0,0,0,0,,4,0,,1.1,,,,,2,0,,,05-02-2025
0xd82d4eaac5342f7bacb5123d4f41efddc92c0c2f,0,0,0,0,,0,0,,64.2,,,,,0,0,,,05-02-2025
0x6673e90914a9c2bfcefa5a1e6687bff762550ff1,0,-256.5,-256.5,-256.5,,24,0,,0,,,,,82.9,0,,,05-02-2025
0xa8d40db593c65ffce85f65783665eb53bdc2dffb,-55.5,1.9,63.5,2706.5,,5,6,,909.8,,,,,75.2,-10.4,109.5,13.3,05-02-2025
0x1c4e4e72f6b25a8c95164d98030074a3bdf9fe5c,166.7,-195.1,5775.1,34792.2,31.8,39,35,-8.5,538.1,10,0,0,74.6,355.2,73.4,486.9,6.8,05-02-2025
0xbb1c71bcc6914dbb8ffbaf7d969043dbe901c106,0,-559,-6430,-16893.8,52.2,7930,7692,-1.1,108.1,253,12,4,138.8,1462.3,0.1,89.8,-8,05-02-2025
0xa98f19ddb5bd4840b9553dc8e5d2bf5d3af0c599,0,96.7,578.8,5450.7,100,3,2,48.4,616.5,2,0,0,0,230.6,8.7,266.7,-9.4,05-02-2025
0xfd5e3582cb6e524388a38200746b33235a2c3c8a,-22190,0,-2020.1,300440.9,,0,0,,675.9,,,,,0,0,,,05-02-2025
0x8929b957c2d156f23b08be642692fde82f4b5655,0,209.2,209.2,209.2,100,20,7,0,0,4,0,0,0,624.4,2.2,452.6,3.4,05-02-2025
0x9b60652b1459021fa606acd865a6cc847e3a0b38,-5682.7,0,8233.5,13518.8,,3,0,,11.8,,,,,75.3,8.6,5872.8,-14.9,05-02-2025
0x9bc42f4bc3330424baa4f59bb2c0c5df8f34dc85,0,0,0,0,,2,0,,0,,,,,0,0,,,05-02-2025
0xeb117a5772c3f007354a6575ec19c32c32f6618a,0,0,0,0,,0,0,,0,,,,,0,0,,,05-02-2025
0x363543fcb8636908144349cb59fa79b9d77d303b,0,559,2892.8,1924,,5,5,,0,,,,,0,0,,,05-02-2025
0xd1bf301aeb46e74626eb9ee117562d6044b3b43c,0,3241.2,-120.6,-120.6,,37,17,,43.5,,,,,0,0,,,05-02-2025
0x2649116701dda2944e805bc586031e89232c6298,0,1.2,1.2,1.2,,2,0,,0,,,,,0,0,,,05-02-2025
0x710c59499098b2c47722dce9a230c1d0b119133c,0,-27.7,-681.6,-573.8,,3,2,,110.6,,,,,101.5,-18.8,193.1,1.8,05-02-2025
0xfea072472355539c1781ce5e3f94de9907d707da,0,0,0,0,,0,0,,0,,,,,0,0,,,05-02-2025
0x0f8574643dce31e1175a586dc6e36b97a513b9a9,-24.8,-567.7,-568.5,-655.3,0,13,8,-189.2,9.8,1,0,0,486.3,58.8,-1.3,423.4,-16.5,05-02-2025
0x311b85e0f3a1ef38861b56857e3fe5cbbd428125,0,-2.2,-2.2,-2.2,,0,0,,0,,,,,86.7,-2.7,76.4,-4.3,05-02-2025
0x6a2bd272729b8845d2503b5f956e682e761d0b0b,-0.8,0,0,1762.3,,0,0,,0,,,,,2336.6,2.1,1706.4,-25.1,05-02-2025
0x2cbe0bfd41d677b25438d10f4dbffe0e2d8665f6,0,0,0,0,,1,0,,87.2,,,,,0,0,,,05-02-2025
0xfabc510be31c638834095a78f51446179e16b22f,-139.3,-127.6,395.2,255.9,,15,17,,334.5,,,,,43.1,-23.8,86.4,34.7,05-02-2025
0x41dd4d2d5bb65db6c43728f192c28c40b72dbeeb,0,0,1.9,1.9,,0,0,0,0,0,0,0,,,,,,05-02-2025
0x6ed0ad1df70d3f6aca4c67a2466a350e336aaecd,0,0,0,0,,0,0,,0,,,,,0,0,,,05-02-2025
0x13a18c0e5eff8c1f712cadaf5f2ee791ebea15d3,0,0,0,0,,0,0,,0,,,,,0,0,,,05-02-2025
0x722f093a8274d79796f10f38ee42a14e8dccba86,2090.1,-565.3,1321,3411,0,1,1,-0.3,6448.7,0,0,0,60.4,246.2,-19.6,2043.2,27.2,05-02-2025
0x55e4118e0a4de813ab7cc4aa9185039060f4c76e,0,32.6,32.6,32.6,,8,8,,0,,,,,33.1,4.4,120.1,4.7,05-02-2025
0x9c13885bcd03ebba48249103d586b31d35783fcc,0,12404.3,12404.3,12404.3,100,9,14,6.8,0,0,0,1,143.7,0,0,,,05-02-2025
0xee1ecb10be62bbedc752fb7344aa3d80667b4bcc,0,0,0,0,,1,0,,37.8,,,,,0,0,,,05-02-2025
0x165d1fddbb3ebbf93a6d4867646293c51fa17852,-1.1,0,0,3336.6,,0,0,,0,,,,,3200.2,10.1,9602.4,-8.6,05-02-2025
0x2410b93a6685ca5b0b837a8b11d2501410b664cb,0,0,0,845471.2,,0,0,,36.3,,,,,0,0,,,05-02-2025
0x4915f0d75bc01e7eeacebfe2179c522d0b729334,0,0,6170.5,6170.5,,0,0,,0,,,,,227.1,0.1,1690.9,-4.4,05-02-2025
0xff6349bb723dcc345633c4d66bd6d45710e1699e,0,0,0,16339.3,,0,0,,0,,,,,2013.3,-4.8,6876.3,42.3,05-02-2025
0x243d63a7dbeca28da7b966607e87331652db807d,0,595.9,595.9,595.9,,5,3,,0.2,,,,,0,0,,,05-02-2025
0x0d1b48fb98aa9d87448c6831118296a88ebe5ab5,0,229.9,231.7,4503.8,80.3,148,132,0,21.7,71,0,2,43.5,1205.9,363.9,28.7,0.1,05-02-2025
0x676db9ff0407a41d73d3caa4e27478588f20667a,0,12.7,12.7,12.7,,4,4,,11.5,,,,,9.9,0.1,120.2,9.2,05-02-2025
0x63c9f09f2ae2a91e241eeca6c6e94f11dae5c87a,31.6,514.4,-697.4,12405,33.3,16,10,51.4,1537.4,5,0,1,26.1,176.8,-6.4,1213.3,7.2,05-02-2025
0x4cc4e565d6e29da687e7afd22f4f66a27d0fa517,6784.1,3484.4,3484.4,10268.5,100,176,167,1.9,40.8,0,1,0,177.9,7.5,-5.1,6442.5,177.1,05-02-2025
0xabab178c6cf0f8f9627ed3d54b22904be277bd2a,0,0,0,0,,0,0,,0,,,,,0,0,,,05-02-2025
0x2722e186a0819b12703a992c7c3ca01eb7dc73b8,19354.8,1959.5,1959.5,21314.2,100,1,2,1.1,36.1,0,0,1,163.9,27.3,14737.5,,,05-02-2025
0xc974a5d0dbd58bd2c23f25892ef00ecf3386d7aa,0,0,0,0,,0,0,,0,,,,,0,0,,,05-02-2025
0xc74c51d43c88bc25d2c412b459fe159824ce592c,0,2078.9,2078.9,2078.9,100,2,4,1.1,0,1,0,0,143.6,0,0,,,05-02-2025
0x2a2dc70d7cadc1cc22ec53d0ea576eb5a12c0d3e,0,692.8,1100.4,1935.9,68.2,8257,2244,,12.2,0,0,0,,2547.1,-0.3,,,05-02-2025
0xdf5210f299c2e95b28fb57ce8a963283e54ffadd,0,0,0,0,,0,0,,0,,,,,0,0,,,05-02-2025
0x882451cd86fa8396bf7a74b3b39059ad0c6bcb8b,17309,0,0,17309,,1,0,,15.7,,,,,9.8,19694.4,,,05-02-2025
0xf9cce0aa84122ef1ee7d8fe2770553ee7dccd4cc,0,0,0,0,,0,0,,0,,,,,4.6,1.7,,,05-02-2025
0x58db3c7f8a25c3e004e5206571476bf529618d19,0,0,-647.8,-647.8,,12,0,,10.3,,,,,134.5,-8,2619,-90.5,05-02-2025
0xd4a7cd74173c32abf3d25193a06c3add0a1dc1af,0,-110.9,-1545.2,-13797.2,77.6,3600,3278,0,11.1,219,0,0,121.3,9360.1,-0.5,519.4,18.4,05-02-2025
0x53697fd9ad3ed5a53c35cc28be83ca4d7330ef4c,0,0,0,0,,0,0,,60.3,,,,,0,0,,,05-02-2025
0x33ec04308fbd68170c540d16f02d7363a1d76235,268935.8,5483.7,5483.7,274419.5,100,168,186,3,91.8,0,0,1,177.9,528,224.5,,,05-02-2025
0xc866f0c1619853b0c06c3c0a0d092963fd66381e,-10698.2,733,-2721.9,-10726.2,18.5,59,43,17.9,6.4,14,2,2,264,370,18.8,,,05-02-2025
0xba31691d4ee292de9949a75eeb806df3da7f5484,0,798423.4,804141.4,666198.9,78.8,3673,4017,1596.8,56.6,407,2,5,120.4,802.9,20.1,79.4,2.5,05-02-2025
0xfa623c8712d8d5df276d6e64b63d9935853fcfbc,-365.8,139.4,-84.4,1255.8,40,66,46,3.9,488.7,14,1,0,27.2,56.9,-9.8,173.9,-22.6,05-02-2025
0x3ccdf3f95a45c8fa8b1fa950a4ddc40f2b9fccc1,0,945,2377.5,4782,,56,44,,2756,,,,,606.5,-3.1,1258.5,-4,05-02-2025
0x7089069d7e67d83d298e2376266a315381760891,-5.1,-679.2,-7733.4,-7738.5,,18,19,,0,,,,,269.8,-30.9,329.6,-1.7,05-02-2025
0xb730a0899a3271e08c269ba8d09d793423d3b527,0,0,0,0,,1,0,,0,,,,,49.7,0,,,05-02-2025
0x180dc0a1e9b65a24e36c4d56d6642a6a1bbb9fa6,0,0,0,0,,1,0,,2.4,,,,,0,0,,,05-02-2025
0x16b3e04e819d72f8d3e4881262e00eadc38013e4,0,11.5,-28.5,-28.5,,2,0,,0,,,,,7.8,1.3,290.9,-12.1,05-02-2025
0x24886e989cdbbc36e80e1993aa6d22c93b5e6655,0,-10.2,-10.2,-10.2,,11,0,,2.9,,,,,0,0,,,05-02-2025
0xcd2cff7010e07aecd5a095747180deddb84a2aa3,-14.3,-1854.8,-1854.8,-1869.1,,55,35,,60.3,,,,,869.8,66.8,,,05-02-2025
0xf6dea37ecc754f8d2cb475c4349e12f8af21f8b3,0,9.1,9.1,9.1,,2,0,,0,,,,,29.2,7.8,,,05-02-2025
0x52e39205994f74ce0e92eef7f8428473b9b8ad33,-240.6,1541.7,3049.7,30606,66.7,6,4,513.9,1026.2,1,1,0,72.8,635.9,589.1,1953.3,-12,05-02-2025
0x1e0dbd52ba1c4e90453079bb8116603207fe1feb,-34,-553.2,-553.2,-587.3,,36,5,,60.3,,,,,91.8,-13.7,,,05-02-2025
0x63199ce6faec96a48a83df7ff8d1e38c6dbe2fad,0,0,0,0,,1,0,,0,,,,,0,0,,,05-02-2025
0xff7c2b7e449d80595b0c58b1f769420e1ecaeb63,0,0,0,0,,0,0,,121.5,,,,,0,0,,,05-02-2025
0x669ecc964645e0841d3be284d31e8e0de30499be,0,0,0,0,,1,0,,0,,,,,0,0,,,05-02-2025
0x3c5e271b984d0b19564c65ead52d168bea9258fb,-96.2,-6666.3,-6084.8,222255.5,,10,8,,108989.6,,,,,1045.9,-46.8,2119.6,3.2,05-02-2025
0xe0e574fb07ee6fae9ac32e5fa0b270a7cbc82a59,315.3,3638.3,1490.7,17783.8,33.3,6,7,909.6,213.4,1,1,0,125.1,213.5,-13.4,1616.2,103.9,05-02-2025
0x59d77a744d2a1915d955a37fa2e41316469ad14c,-5.1,201,459.2,375,,3,2,,5.4,,,,,0,0,,,05-02-2025
0xfc0c626ea8b2f1438a426439198d371a87669198,0,0,-2148,-1660.2,,0,0,,1493.2,,,,,145.2,-16.3,570.9,-11.4,05-02-2025
0xb9a74c8f9a4c4afb71f9d59988e5ba61792197e8,0,-31.5,-225.5,-1838,,4,0,,88.9,,,,,58.8,-10,207.4,0.6,05-02-2025
0x07a009ce23039fa428944e363649ead8a41495fa,0,0,-680.8,-680.8,,9,0,,10.6,,,,,288.5,-10.3,,,05-02-2025
0x22751cddd4325e28f72f92da9dd75b156fb4ea72,0,0,0,237.1,,0,0,,0,,,,,74.4,-0.4,,,05-02-2025
0x6c42f03d730b7643939fa1d00416cb2985ed9cf3,0,0,0,289810.9,,0,0,,0,,,,,0,0,,,05-02-2025
0x4b2ff4bb5c33b5a6a8eb8d4cae64ed3c1ed7e748,0,0,0,0,,0,0,,0,,,,,0,0,,,05-02-2025
0x8e6b8c8436cbea2f55773f739484f10431e4eba4,0,42.1,42.1,90.7,33.3,9,14,0,7.4,2,0,0,94,8.6,1.1,9.8,6.9,05-02-2025
0x34014f2d0c46889309d8b9a69fef4b48feb189bb,-19.6,0,0,-19.6,,16,0,,0.4,,,,,65.4,-68.4,80.8,0,05-02-2025
0xa2192e7baff955fb7c1d70ff5726bad40f266ccc,0,34.8,34.8,34.8,,1,0,,0,,,,,0,0,,,05-02-2025
0xf142735f6e51eb6705ef52cab012a04b7a0fe8a8,-4642.1,13665.8,13665.8,9023.6,100,164,144,7.4,78.4,1,0,0,163.3,0,0,,,05-02-2025
0xf2e59b4913c8a1b8035e8c253703264ab6da664d,-47.9,-131.1,911.1,401.7,,12,13,,65.1,,,,,49.8,13.3,75.6,-58.9,05-02-2025
0x5539dee357766353027bdfed540b7d319170f010,-61,0,0,-61,,7,0,,0.4,,,,,41.2,-57.9,61.1,-100,05-02-2025
0x8c49e406f24e436ca7fbda368ddc8542afbd3b87,-296.3,0,-3397.3,-8393.6,,0,0,,1.8,,,,,1324.3,3.2,1938.8,-25.8,05-02-2025
0x8f9a21b308a1b5de99c492ab6d1b6920562ad35b,5.8,-188.7,-251.9,-246.1,,68,65,,81.2,,,,,16.4,-15.6,203.8,-24.5,05-02-2025
0x09990811d6aaf5b8d871fc0dcf4106d1435c91f2,0,0,0,0,,1,0,,0,,,,,144.2,100.4,,,05-02-2025
0x2a241fe8a32b3c9a699d9db3b1fe9649139a01ea,0,0,81.4,23511.8,,2,0,,43.5,0,0,0,,90.2,9.3,489.8,1.1,05-02-2025
0xfb2441a6d9c6e6f3b5e7ce9a37dde66765d58733,0,0,0,0,,0,0,,0,,,,,0,0,,,05-02-2025
0x0b463c1786e1725383a997427b56af15612e437a,1285.2,1.3,-70.9,2416.2,,2,2,,3.9,,,,,0,0,,,05-02-2025
0x08f927dc17705ca50149db8834ae3051700e71cd,0,2339.1,2339.1,2339.1,100,1,11,1.3,0,0,1,0,117.4,0,0,,,05-02-2025
0x6be2166efc7fc7cc039eb3f30fd90dd42fd5a53f,7394.2,0,328.7,9012.5,,1,0,,358.7,,,,,67.8,69.3,1510.2,95,05-02-2025
0x736ca843e127e7fbb0d5e139c34e4a9cdbbe1617,0,82.3,82.3,82.3,,8,0,,0,,,,,0,0,,,05-02-2025
0x023d6170a4b0179a29fb226d05b7654845ac59b8,10.2,107.7,86.2,64.1,,6,5,,0.8,,,,,39.1,8.2,312.6,71.3,05-02-2025
0x60f3a664d68ea4d52d154d9f9a6a83c024471fa5,0,0,5220.3,5220.3,,0,0,,0,,,,,,,,,05-02-2025
0x5ac2ec30abe7fe569fb7942e8b5b837861b102c6,0,0,0,84.3,,0,0,,1.2,,,,,2.8,8.4,0,382.5,05-02-2025
0xfd7753a525271da2c467aa57c4bc9527c5157c1c,-1089.1,-282.9,-502.2,-1591.3,,34,6,,222.5,,,,,42.3,-7.2,256.5,-35.9,05-02-2025
0xd665a23c97833eb2d68ec52f8773c7a3d4a2d226,0,0,0,0,,1,0,,12.9,,,,,3.9,-0.3,,,05-02-2025
0x576d1f994648563ff6bdb95db571469a2a027320,0,-6124.2,-6040.6,-10120.6,0,0,1,-3.4,8107.5,0,0,0,363.8,136,28.8,,,05-02-2025
0xbb4115447ae330db45ab1b2fc1145bf2b770a480,0,1772.1,1772.1,1772.1,100,3,2,1,0,0,0,1,143.8,0,0,,,05-02-2025
0x5f1d682b0e7aee0807363bc73b66b024e7f57956,0,0,0,0,,0,0,,0,,,,,0,0,,,05-02-2025
0xd3bcb0453828dbf57836f521a0284999454db557,21172.7,0,0,21172.7,,0,0,0,15.5,0,0,0,,32.6,14050.5,,,05-02-2025
0xa8dfaa90a8d5e30694acb24435cb673ba253ab6c,5902.8,15487.5,16341.8,-8293,16.7,28,16,1.7,20.3,2,0,0,9.4,1326.3,-13.1,8352.9,-1.2,05-02-2025
0xb9b489b6f5809a0880b6c247151f40323d0303d9,0,-115,88.9,-34,,34,36,,1.8,,,,,104.4,6.2,357.5,-22.6,05-02-2025
0xdf6b201e99195aea360681f9599ad16c3132b0ab,0,0,0,0,,0,0,,0,,,,,0,0,,,05-02-2025
0x6c89add2b466ca0486b9d043a4b696bd5ea86546,414,154.5,-1414.7,-2150.9,,46,41,,6.1,,,,,54.9,-6.4,452.9,16.9,05-02-2025
0xfc4de8a62dbd0a7a6471a92ace8811ed7a6a2649,0,0,0,0,,0,0,,0,,,,,0,0,,,05-02-2025
0xe05b4c32c6001cc4054450ba519e4a7bbd697233,-90.6,407.6,407.6,317,,7,5,,0,,,,,50.7,-0.7,528.3,-9,05-02-2025
0xdda5be68386e4895bebfaa5af35c84910f7bd520,-69.6,76.1,-60.5,-108.9,55.6,37,41,0,54.4,14,1,0,31.9,21.1,0.4,33.2,-35,05-02-2025
0xda58832efc710877e929935e36c839a12868e9e3,0,0,0,0,,0,0,,0,,,,,0,0,,,05-02-2025
0x0fb48ea657dc1fd582765d25b2cd46a80e627a01,-2803.9,283.5,6369.3,106930.3,23.1,43,24,25.8,7883.6,2,0,0,121.3,1056.4,-11.3,2942.5,-5.3,05-02-2025
0x9896b04920ac29d9090a76fa43edc9ef43fa0917,-1510.4,-61.5,-890.7,2360.3,,6,3,,8.2,,,,,0,0,1525.2,-63.7,05-02-2025
0xbfe312f7aeb031f5446bbabf2d1b47f0328bae68,-4.5,0,5.2,7.3,,0,0,,0.9,,,,,1.9,-3.7,5.1,-13.7,05-02-2025
0x89dc27386a8fd007c1b4675e5b98f26aa0c2e403,-406.1,13765.1,11736.7,22634,37.5,86,68,0.9,6,3,0,0,48.4,459.3,-4.4,498.1,-21.8,05-02-2025
0x14a0a792b42170b537fc05aa3290cba09865c790,0,58.2,7.9,-202.7,,13,11,,0,,,,,166.3,5.1,252.1,-9.5,05-02-2025
0xd1499c3f3ad92509128f7d71637e0765844e6a17,0,-547,-3299.6,-3299.6,,26,28,,0,,,,,59.7,-18.5,58.7,-55.2,05-02-2025
0xbbbccea88582f4063cd62c22021fabc0e3424a04,0,0,0,0,,0,0,,0,,,,,0,0,,,05-02-2025
0xd0e12f6a6481a51bb988986e2efeafdcb667f1b7,0,-770,-1904.6,-4345.8,35.6,115,104,0,3.6,20,1,0,0.2,312,-1,,,05-02-2025
0xeec22b57186f0105b8ef7290da600265ba05c531,0,0,0,0,,0,0,,0,,,,,0,0,,,05-02-2025
0x168f265f56baffaf739bdd9ab035fac2e88ae974,0,1379.6,3092.1,5371.3,,16472,12061,,1,,,,,118.2,4.1,2,0.3,05-02-2025
0xd466559a289e495a793464abe6366a989ac6d71f,0,0,0,0,,0,0,,0,,,,,0,0,,,05-02-2025
0xca0b6810b4c39847d7a1e0b9274f6608cf6943e2,0,0,0,0,,7,0,,2.3,,,,,0,0,,,05-02-2025
0x7fe98b3fa52254da25715ce03c58e4ce1ded967a,0,0,0,0,,0,0,,60.3,,,,,0,0,,,05-02-2025
0x1da8498facdbb3089197bf12b9f1d24c04c21922,-173.3,1732.1,8545.9,36854.7,100,2,1,866,487.8,2,0,0,133.8,184.4,11.1,626.5,61.7,05-02-2025
0xc27e10494b296fd16bcc99bacbdfaa9bb3ec6161,226,470.7,1688.4,1914.4,50,0,4,235.3,34.8,1,0,0,307.5,86.9,-7.7,168.1,80.4,05-02-2025
0xfb399b444094a64cf942e92e8f75dd6007a97951,0,0,0,0,,0,0,,0,,,,,0,0,,,05-02-2025
0xcfcb4db4a89c763adafe81d39db33a1d4b48923c,0,0,0,0,,1,0,,4.6,,,,,0,0,,,05-02-2025
0xe7ae9e9b5281476b6d3fa73fb15a43cb15329813,0,-1322,-7334.7,-11542.3,,54,51,,1873,,,,,1870.9,-0.7,6682,-3.1,05-02-2025
0xc8d5cf84e1aa38ffa9e5e532fc97b2f6e1c4740c,-181.7,-1138.8,-1075.9,-9336.8,42.9,51,31,-113.9,336.8,4,0,0,1743.1,113.8,-1,1667,-17.5,05-02-2025
0x56bde966ec7057d96547e98aed3543dc62254f1b,0,0,0,0,,1,0,,109.5,,,,,0,0,,,05-02-2025
0x494f1b7ea6b5e4827dea7ef35ea83f3c38cdd342,-4.2,60,60,25.5,100,11,3,30,6.6,2,0,0,84.2,570.4,-2,199.8,-15.2,05-02-2025
0x2991f884ca0e7937367267560dd28f8bb567a5a8,18094,344.2,344.2,18438.1,,1,1,,24.1,,,,,317.2,1357.6,,,05-02-2025
0xfbcd5bce8fe304db33976291f71d4654febf4b15,0,0,0,0,,0,0,,0,,,,,0,0,,,05-02-2025
0x177cd71557f81cf34d7ce37ff764824d85739c9a,-8.5,58.6,-105.6,-114.1,,74,71,,5.2,,,,,45.7,-28.5,229.3,-31.5,05-02-2025
0x40a16107672509b8e2d0231a2dc3211cf032e9f2,-77055.4,0,-0.9,-77056.3,,0,0,,1.6,,,,,18,3.8,,,05-02-2025
0x008410676a0c9ec56afd95c4e55dd4e9d03045f7,-124.9,5.4,-71.2,-196.1,,1,0,,27.9,,,,,7,-33.5,7.8,-2.9,05-02-2025
0x73eaa89747a449efac7093f2fec2086b9ab7a629,0,0,2183.2,2183.2,,0,0,,0,,,,,0,0,,,05-02-2025
0x2f67038e0cb3dde41c2f51e0abcf33bd1bfc63c2,0,-10.8,-115.4,-132.5,,1,4,,20.3,,,,,0,0,110,-29.5,05-02-2025
0xab03b676891d8b292037cc874a32957d2dd8a92c,0,0,0,0,,0,0,,0,,,,,0,0,,,05-02-2025
0xa869d5db5993352860aafb00256dbe3a25133cd8,0,1053.5,8449.2,21430.5,47.1,17,27,62,858.7,7,0,1,2,186.2,6.3,,,05-02-2025
0x9694e32fb2c005140cdcdefbc77a856ae43d09d3,0,363.9,363.9,363.9,,8,3,,0.1,,,,,0,0,,,05-02-2025
0xe10b601a14a54287f71473fb5d8f9ce5fcfa226a,0,1934.6,1934.6,1934.6,,1,6,,5.1,,,,,57.4,2627.2,,,05-02-2025
0x65b87933005d70cb70854501200b4f9dbe06b87b,0,11.9,11.9,11.9,,1815,0,,0,,,,,0,0,,,05-02-2025
0x5f88491ee1dd7de50e045c24203544632cb58f93,4816,3753.4,3753.4,8569.3,100,188,192,2.1,0,1,0,0,177.8,21.2,-17.5,5248.2,163.8,05-02-2025
0xf4f4e78742724713a1f7ad1e2f3dda3bb2a50000,96,108.3,827.2,923.1,37.9,73,63,3.7,252,9,0,1,3.4,76.4,7.3,235.3,-9.8,05-02-2025
0x7f224976635919c5cf888a28832e43a5fb26a22d,0,0,0,0,,14,0,,0,,,,,86.3,0,,,05-02-2025
0x5d7eebea79fc8bb6b2db8dad1c2efaa32f745d3b,0,746.6,1955.2,18547.2,,10937,8118,,3.2,,,,,52.9,13.1,365.2,0.1,05-02-2025
0xe2cf19a7f72a20e9b406d0ab5028b14812064ea7,0,0,0,0,,2,0,,2,,,,,0,0,,,05-02-2025
0xcae1ae4b21b5f04804b5a2eda00d40108911c174,-242.3,-597.3,-1140.2,-796.3,,15,10,,350,,,,,353.9,-4.8,1381.3,-6.2,05-02-2025
0x9aa1cd1ce6a80ff50c33911d79f1e16e1604666e,-62.1,0,0,-62.1,,7,0,,0.4,,,,,48.6,-68.4,,,05-02-2025
0xf1507b9a8627998679ff7574a01c0a3046330787,-201.1,-2101.5,25557.5,14809.9,,11,12,,8.9,,,,,0.5,0,1179.4,-71.4,05-02-2025
0x66028ea03dd52f6fa07626588c318ecf05a47a05,0,-1172.1,-802.6,-802.6,,15,4,,10.2,,,,,156.3,-5,2212,-4.3,05-02-2025
0x3d20b255c9a9db532a2f07f5ea480039f7462cd0,-19.4,-246.9,-246.9,-266.2,,56,11,,60.3,,,,,74.9,-13.6,,,05-02-2025
0x4a1d2a44c06d8849314b0d42ce7d1552de31a76a,-57.7,1380.8,2368.6,9186.9,50,4,5,0.4,3636.8,1,0,0,37.1,711.6,58.6,3062.6,0.7,05-02-2025
0xa5d871ae88678fcd634db67704680821f767e8f5,-415.1,2961.1,10466.2,61235.3,60,14,18,296.1,1693.6,6,1,0,6.2,579.5,37.7,874.3,-38.7,05-02-2025
0xc7b2ae833eea3f9e61fd94945348191cd1a42536,-354.4,136.8,136.8,-217.6,100,24,13,0.1,385,1,0,0,4.1,352.6,-4.1,,,05-02-2025
0x9884b5249a65d8599713e21e184e621970d13025,0,78.9,78.9,78.9,,2,0,,0,,,,,102.7,0,,,05-02-2025
0xd818b7fd2fa53ca9ae7b651bd2287eb885fc6688,0,0,0,2375.9,,0,0,0,0,0,0,0,,353.1,10.5,243.2,15.3,05-02-2025
0xa80f2d0b6c27f716b57bf4191de4cc0ad427adbf,367,0,0,367,,1,0,,12.3,,,,,0.3,30685,,,05-02-2025
0xecd752e3c041fc5cc21095a1aa57ced7294eb97a,0,0,0,0,,0,0,,0,,,,,0,0,,,05-02-2025
0x73d496019431cc88a83723cfe38fef8056f99b7d,0,2091.6,2091.6,2091.6,100,14,2,1.1,0,0,0,1,143.7,0,0,,,05-02-2025
0x49e7c0e179b8f062207f9c5fe9d3bead772dae04,20438.8,0,0,20438.8,,0,0,0,17.7,0,0,0,,50.2,5845.4,,,05-02-2025
0xc49ca2adf9a71a106f4a45f9c38601ff56779fc3,0,0,0,0,,67,0,,0,,,,,0,0,,,05-02-2025
0x35aa11149601993b443ba24c47a8490b308a281a,0,3396.7,8338.1,75895.5,64.5,13741,12158,6.8,528.1,285,11,5,107,5559.6,43.9,3723.5,-13.7,05-02-2025
0xb94a2034f459f8f75d63c539fb6618f58af96417,0,1533.9,3461.6,294404.5,51.6,192,181,20.5,20.7,62,0,0,148.4,146,4.5,983.4,-20.4,05-02-2025
0x6d12a8e9f69fe061c9912f847cc68eb8fd701bcf,0,117.1,117.1,117.1,,40,0,,1726.6,,,,,6.8,0.1,,,05-02-2025
0x9872a76545f917019e012d2358b96ce4803b7ed1,0,7.1,7.1,7.1,,1447,0,,0,,,,,0,0,,,05-02-2025
0x32bfcfd3e2715421169d124fa01f0f1397cdf2b2,0,403.8,403.8,403.8,,50,0,,2.7,,,,,11,-1.9,65,1.2,05-02-2025
0x5408612ec1c46ef03ba705795d6f0aab1ee681bb,954.9,362.3,362.3,1317.2,,0,2,,649.5,,,,,55.4,0,,,05-02-2025
0x2e9d9af18b01e60c7806c58f2c45c56604940b61,-197.8,-280.5,-518.8,1210.1,,38,36,,14.3,,,,,22.2,-9.6,43.1,-44.6,05-02-2025
0x49383de3a02a2cb922adc3d4852886bc7c991c00,16693.9,0,3423.2,21295.8,,0,0,,65.1,,,,,391,340.6,,,05-02-2025
0x965d328d95fd5014119925754a65a2c710bcefa5,421.6,712.1,658.2,2012.3,,8,12,,22.1,,,,,105.6,-5.5,375.4,-22.3,05-02-2025
0xbff5f0851bbec8679d1eab817596803417aa785a,-4520.3,1455.9,11200.3,2016875.4,50,0,8,728,1.8,1,0,0,963.1,0,0,4619.2,-97.8,05-02-2025
0xe0ddee9a82fa9648de4bda2398088114ee0c2ead,-123.4,-101.9,220.5,384.7,,1,3,,84.3,,,,,79.9,-1.7,68,14.9,05-02-2025
0x81c0573ff4bc76244d542ac93754ec54115f0313,-19.5,442.7,-765.9,-832.6,50,3,3,88.5,1.9,3,0,0,54.1,137.4,-12.1,371.1,-22.7,05-02-2025
0xbea674287c50e91b80dd4631ab1fcd245882fd7b,0,0,0,0,,0,0,,0,,,,,11.3,0.2,,,05-02-2025
0x9a83f15df38e68ea39badac12303ee919918e3fb,0,-2.6,-2.6,-2.6,,2,0,,6.5,,,,,14.1,-5.7,6.8,0,05-02-2025
0x30c8eec9ed9112b4769e2a589825e9f43a1502c2,-3128.5,-344.1,-12206.7,-62391.3,46.2,23,37,0,643.4,8,0,0,132.7,5315.7,8.6,4996.3,-30.7,05-02-2025
0x81d50e19dd641bb7db0e2e69c2b7c765c511f67a,-176.3,1169.1,5045.3,116761,13.8,35,33,40.3,13.4,5,0,1,18.8,449,21.7,1722.3,-4.5,05-02-2025
0x61e69000abc81814c6c3d4500e91a0cc35f4c833,0,311.7,471.1,471.1,100,8,7,0.1,161.5,2,0,0,0.5,73,7.2,,,05-02-2025
0xd8c23049c5a2ed5ea134a4e4743c8df99b1864de,0,824.4,824.4,824.4,,4,0,,0.7,,,,,0,0,,,05-02-2025
0xbcba23991de985a48b42a1e2258749d9ab55dac6,-4338.8,4108.4,3303.6,-2203.4,,9,12,,70,,,,,0,0,2111.7,44.1,05-02-2025
0xfd2773e4cec1cd77b13bb228f67379eb14fe2417,0,0,0,0,,0,0,,0,,,,,0,0,,,05-02-2025
0x9190e7e24e301e780024e43650a2dcd51bef5f38,0,50,50,50,33.3,3,3,,4.5,0,0,0,,1.6,13.7,,,05-02-2025
0xb3196c8dac581b0442fd9b90570517bfdebcbc78,0,0,0,0,,24,0,,108.3,,,,,2675.1,0,2208.9,0,05-02-2025
0xb8e830f66426116055b265e0329b8aa2bcfdc371,-36.7,0,0,-36.7,,16,0,,0.4,,,,,69.2,-72.2,65.9,0,05-02-2025
0x7db49a921e4911c24195817a388b96f1a635f5a8,-1113.5,11017.5,8990.5,7876.9,60,12,9,1.2,166.8,2,0,1,33.2,399.1,80.5,2725.7,-17.4,05-02-2025
0x0969d86e97d0261c5683d799d34630971c3cd2d3,-28.7,-33.7,-49.1,-77.8,,48,43,,43,,,,,17.9,20.3,19.4,18.6,05-02-2025
0xfdc2bdadc27d75e10853733748f035aae486aceb,-19.7,-664,1207.1,6279.1,33.3,19,11,-73.8,337.7,3,0,0,1.6,309.3,-17.4,813.1,-7.1,05-02-2025
0x0c999e98a33bc3febcac4907b3a26b95c3bc0727,7032.3,20.8,20.8,7190.6,,0,146,,187.3,,,,,62,322.3,,,05-02-2025
0x9f61059b30b32456f9b956f5a78455b43dd135cf,-103.3,131.7,131.7,28.4,,1,1,,332.6,,,,,,,,,05-02-2025
0xafa35e121d59eb1fd61e3b6e2a6d3c856a41c7e0,0,0,480,1474.7,,0,0,,0,,,,,60.7,-3.3,60.8,42.8,05-02-2025
0x4809bfeacbe37a0960b2c3cc8912188513cae0f6,0,417.1,417.1,417.1,,3,0,,5,,,,,0,0,,,05-02-2025
0x3db0e4a4d176816d19adcc14cf5100a7863b0d72,0,16.8,-23,-23,,0,0,,30.1,,,,,63.3,17.3,,,05-02-2025
0x0e1408c5b30703d7ed4ed71423870d10de050a66,-0.7,0,0,6062.4,,0,0,,2.4,,,,,24.9,-3.5,4711,-18.8,05-02-2025
0xf10f7f4f62e7a07b61758e5d156b18f39aa86bfb,0,300.1,1340.8,16786.4,,7108,6340,,4.1,,,,,227.4,19.4,37.1,1,05-02-2025
0x6baafdc263f3b53dac71cfe050566e94eba4238c,-161.2,-167.3,1929,1081.4,,1,3,,1.4,,,,,105.6,14,,,05-02-2025
0x05729d7f63d00dd9bdf965bea1fc12baf4edd024,0,0,0,0,,0,0,,0,,,,,0,0,,,05-02-2025
0xf3c77b2d599165c93fae7b2210004db518bb8aa8,0,0,0,0,,0,0,,0,,,,,0,0,,,05-02-2025
0x4be1402e2378eeaa232d3732ba725e95bd68d9ca,-80.2,-484.3,-484.3,-564.5,,49,27,,60.3,,,,,192,-3.7,,,05-02-2025
0x1f9093b423ba09d1272ca07e863c947dd9b80f14,0,0,0,0,,0,0,,60.3,,,,,0,0,,,05-02-2025
0x4d72a98e5dd4cfed9d685c7ecd160d4c2c44c8b5,0,0,0,0,,1,0,,105.6,,,,,0,0,,,05-02-2025
0x1b6ebd4636c8f993f0c12a661307624e20b2d5c3,-0.1,749.4,-877.2,-927.1,50,345,260,0,18.3,5,0,0,20,3.9,-7.5,,,05-02-2025
0xc2cc028b77678aaab32c5f0d09a917d8b0f85ba4,0,774.1,774.1,774.1,100,1,1,0.4,1653.2,1,0,0,8.2,297.3,65.1,,,05-02-2025
0xf7c85e39ff721f7b613aa963eee779b63db361e0,19474.5,0,0,19474.5,,1,0,,17.5,,,,,47,6696.1,,,05-02-2025
0x7883cda5e0bbe0368b4f915238c69458bf044d7c,24863,0,0,24863,,0,0,0,16.7,0,0,0,,32,6753.5,,,05-02-2025
0x58dbd9123d5d140c95c0b6be3bcc1b404391b445,-1855.6,913.4,826.2,-744.9,,15,13,,8.6,,,,,131.7,-28.4,346.5,-25.5,05-02-2025
0xdadfeb6c3ee77172057654c82804bffc024a4b3f,0,0,0,285582.4,,0,0,,0,,,,,0,0,,,05-02-2025
0xa20bde0db8801ad77dd71bdce6a99189bdd271ea,-33784.2,0,0,483773.6,,0,0,,0,,,,,1870.7,-1,,,05-02-2025
0x51bb26de446e39fb7d9bf38cbab16f494546857d,0,0,0,6126.8,,0,0,,0,,,,,496.2,8.2,5360.9,-30.7,05-02-2025
0xc6cc1e0e4ca9cc29b9a16c8ecaa6c8a76bb58880,-1919.3,2945.7,2815.3,887.9,,41,23,,124.6,,,,,65,-13.9,946.3,-19.3,05-02-2025
0xfc9f9ff504092868a296abef23c53cfa3273f8f1,0,-11.3,-11.3,-11.3,50,20,0,,39,0,0,0,,4.5,1.4,28.2,-14.8,05-02-2025
0x497417f268fb4e4ea01be891640e2c204110b153,0,0,0,0,,0,0,,3436,,,,,0,0,,,05-02-2025
0x545cfc4442edfceae0aee8851375d7c39ca94bda,0,0,0,0,,0,0,,190.9,,,,,0,0,,,05-02-2025
0xdfbd7b663425d2ac19b81e1483ef04dba0892f8e,0,0,0,0,,0,0,,0,,,,,0,0,,,05-02-2025
0xe6cbf0094c1e422e9af1facbfd8f0f85b59c6441,0,0,0,0,,0,0,,0,,,,,0,0,,,05-02-2025
0x94753a09d099fae3cbd39e577ef70cc887011e78,0,0,0,0,,15,0,,0,,,,,28.1,0,73.9,0,05-02-2025
0x578e9c71b9fa62d764ad6df43c692a4f86fca07f,0,-28.6,-234.5,1857,,3,3,,49,,,,,104.2,-0.5,981.4,5.6,05-02-2025
0xfbd123c7cd6c1a78bc07f9e167d4691324fb6640,0,0,0,0,,0,0,,0,,,,,0,0,,,05-02-2025
0xf28daf719112d99e1ceeeb73c7bf2f3d23ffbb67,0,0,0,0,,0,0,,0,,,,,0,0,,,05-02-2025
0xced33d68d9e9d1c5728a2dc11b18d74eb29ea062,-53.6,761.5,905.9,852.4,30,25,22,76.1,583.1,4,0,0,25.6,85.8,-1,533.7,-13,05-02-2025
0x1237ba9ddbe4395db9bf5614d9f8ca1d9a5e14b2,7769.4,813,813,32752.8,100,1,4,0.4,844.2,0,0,1,60.4,23.5,523.1,2905.3,831.9,05-02-2025
0x11d44c51361f7cb52b1d2b7fb2debca5b429884c,1181.7,1599.6,1773.4,2955,,25,12,,6.4,,,,,18.4,-25.5,505.2,60.7,05-02-2025
0x66fa07aae14e110013fb1a8835413ea77fe1b5c6,-7278.7,3512,29661.8,53224.1,25.6,43,54,78,3819.4,9,2,2,2.3,223.7,126.4,361.4,-80.8,05-02-2025
0x59cdca63721dec99f87ce45a7dbf57c7852415d3,6731.4,0,-841.7,5889.7,,0,0,,68.6,,,,,961.9,153.1,,,05-02-2025
0x1ab0346e4c8a96ce0c0e4bfeca2b6f455b8f9057,-1.4,89.7,89.7,1548.2,,5,1,,6.7,,,,,197.5,0.2,2563.3,2.8,05-02-2025
0xb7599b0390cf7a0616bde6c69cff2f6bfe5b210b,0,61.1,61.1,61.1,100,3,4,0,0.6,2,0,0,14.7,28.6,3.2,72.9,33.9,05-02-2025
0xbe53123cf9b9c302e6cef4f59eaad3254f554f10,-7410.5,-1685.2,-4046.2,79350,,1,3,,775.4,,,,,0,0,877,-35.7,05-02-2025
0x5c690a0403c2faec058f2d0bd654299b8714579a,0,0,0,0,,1,0,,33.9,,,,,0,0,,,05-02-2025
0x4bbe091135caba30b0746c4e318d3872be94181c,-68.6,-37.7,-167.2,276.3,0,0,0,-37.7,8.7,0,0,0,16.5,554.5,-1.2,199.4,-18.9,05-02-2025
0xf9a8581fd168937ca24ad850ad731455d2a44848,0,0,0,0,,0,0,,0,,,,,0,0,,,05-02-2025
0x00f3b54a48f20cacd27fc2db3a4629126ea6778e,0,0,0,0,,3,0,,0,,,,,0,0,,,05-02-2025
0x8b4671a32ea484c94a14396206e833cbbc4f8bab,0,-32.7,-599.2,-959,,5068,854,,5.6,,,,,31.9,-0.9,2096.4,-17.8,05-02-2025
0xab4e8502dbca4b02c4b20410e8a3677339d194a8,0,357.1,357.1,357.1,,1,13,,60.3,,,,,2275.1,1,,,05-02-2025
0x18280e38c8660d3ca16b23a4b6d419aa14ba5f41,0,3121.9,3121.9,3121.9,100,8,5,1.7,0,0,0,1,143.8,0,0,,,05-02-2025
0x980129383d1ba07e07868abc967830a0770d2767,0,33.7,33.7,33.7,,17,0,,0,,,,,0,0,85.7,-41.2,05-02-2025
0xd8c76900b5388fba65a56fc0dbd585a1d05013a3,0,0,0,0,100,1,2,0,0,1,0,0,,,,,,05-02-2025
0x6fafd1c334263b1c23c1404084781fbcb2c25fc2,0,19.7,19.7,19.7,,10,0,,0,,,,,54.1,0,,,05-02-2025
0xe6a4076fe01c833dbeb385225e28032f7ff7f4cf,0,0,0,0,,0,0,,0,,,,,0,0,,,05-02-2025
0x9d9a34868ea453ad8f7a11a3e182c54e04a22368,0,1929.6,1929.6,1929.6,,1,1,,0,,,,,84.6,2280.5,,,05-02-2025
0xcfa9e420355dedbbfe7c979f200f2a434fcebfdd,74.7,240,326.1,403.7,100,0,18,0.1,17.2,1,0,0,63.5,0,0,,,05-02-2025
0x3d97ca794b8a72ee8d589913c7c0c635143c637c,0,0,0,4938.5,,0,0,,1.6,,,,,99.2,59.7,119.5,9.5,05-02-2025
0xb01f8f528702d411d24c9bb8cc0e2fff779ec013,0,0,0,0,,0,0,,74.3,0,0,0,,0,0,,,05-02-2025
0xecd65ae74f40df242eb278a8436497d4f433b515,0,0,0,0,,0,0,,0,,,,,0,0,,,05-02-2025
0x1368d8fc7de1ec6c61b05868e79b629b0ba51541,0,0,0,0,,0,0,,60.3,,,,,0,0,,,05-02-2025
0xa9ea924b8773c90e900589f751d74410197ae255,0,-11.3,-11.3,-11.3,,1,0,,2.8,,,,,12,2.9,32.4,12,05-02-2025
0x15f98168de13b150531c4ac023e00bb1ec561dab,0,-125.8,3835.3,3871.5,40,5,4,-12.6,25.3,4,0,0,1.1,215.3,0.1,205.2,-0.8,05-02-2025
0xfb7d6246521e820015c8f83836891d6875ecb885,0,0,0,0,,0,0,,0,,,,,0,0,,,05-02-2025
0xd9dc586d55322c88cf7dd8600c222b07e0cde858,0,-42.7,-42.7,-42.7,,9,0,,0,,,,,0,0,,,05-02-2025
0x408d77961ba7b8c0507c40f6632c741ab61e4494,-60.3,0,0,-60.3,,7,0,,0.4,,,,,47.2,-63.2,,,05-02-2025
0x87a397b24f7153d64448bcea67ada5e29ef27aa5,-55.8,-36,201,3208,,180,156,,0.6,,,,,449.5,-12.6,501.9,-17,05-02-2025
0xfa5645d6e9bc60f3aea8ea2ca9a8d865ea4df26d,0,0,0,0,,0,0,,0,,,,,0,0,,,05-02-2025
0xea305912e8180622670a322d0314df50ddeb88c6,0,20,77.9,4803.9,,9778,7046,,13.8,,,,,558.7,0.1,49.2,0.6,05-02-2025
0xd2072a338017d2aac0ae736f04a57384425731f8,0,414.5,-4522.2,422345.2,58,263,273,4.8,27.9,63,3,1,160.9,198530.3,19.2,2876.1,-2.2,05-02-2025
0x31412d1faf607f9cbdb8ff0ba6ccca794368288b,-387.5,19.6,277.4,-6934.6,33.3,3,4,9.8,893.1,2,0,0,16.9,91.9,-12.6,191.6,92.7,05-02-2025
0xff997fdd2a29fafc0380bcf3d48df02d42f04034,0,0,0,0,,0,0,,0,,,,,0,0,,,05-02-2025
0x668c24e4e8d0ef7ef07593801b7082d78a74ae5a,-61.7,0,0,-61.7,,7,0,,0.4,,,,,48.2,-63.2,,,05-02-2025
0x8e1a1d55ab350692a5d58a0589d637015f33a332,0,153.9,191.5,191.5,,36,38,,3.2,,,,,168.9,1.8,361,5.1,05-02-2025
0x0bcdb5cd16f6bddb8f224b36d26b42a6bfb79592,0,3.2,3.2,3.2,,35,0,,0,,,,,104.5,-3.7,655.2,-4.7,05-02-2025
0x83c0efb79a9b300a98d1e30544afd742a7d61def,0,0,0,0,,2,0,,0,,,,,4.2,0,,,05-02-2025
0xed2e7235f4e2136f144458cccdbec21d9ae31803,0,5.9,5.9,5.9,,2,3,,0,,,,,,,,,05-02-2025
0x31c2301952f44d20fdedb3b342a68880a73d3a8e,-3256.6,813.5,1340.8,-2644.2,,28,18,,8.5,,,,,0,0,1226.6,-78.1,05-02-2025
0x68e195687c041cba055c948d6b7cda2311537367,-25118.8,63460.4,44597.4,409067.6,100,10,37,21153.5,59379.8,2,1,0,653.4,2432.9,-22.1,20231.6,-24.8,05-02-2025
0x198dfd0ef7d68a04c5ce44592f21508f44586139,0,1266.1,1829.4,17599.8,72.3,10668,7162,2.5,17.6,323,3,3,114.1,1178.1,16.3,87.4,12.9,05-02-2025
0xe56a14d2c085e0c801f5e1b35e4b028a070b5603,0,3289.1,3289.1,3289.1,,6,17,,425.4,,,,,587,4.8,,,05-02-2025
0xf012cab8d4e157779ca849d3e9435eb5a8096b40,0,0,0,0,,0,0,,0,,,,,0,0,,,05-02-2025
0xb919b1c6cac2489b26f47ced00f9eae852dacb5f,0,0,0,0,,0,0,,0,,,,,0,0,,,05-02-2025
0x0b54a152fc9a885509e2fa22da58b051a84c37eb,227,118.1,-511.5,-2093.7,,50,49,,17.5,,,,,598.8,-4.4,909.8,3.2,05-02-2025
0xba999ab451c35733cbc76c0e1bc606bb9ae6ce87,0,399.1,-773.4,52320.9,,30,21,,670.8,,,,,83372.9,-2.2,2315.3,-1.4,05-02-2025
0x38ddf4a640e13949fedf8095f55819418f034b5a,0,641.2,1083.8,1083.8,,23,23,,567.3,,,,,161,25.2,375.5,-1,05-02-2025
0x3bb92686753cf8a899cd883fc615ff772bc8a08c,0,2.9,2.9,2.9,,1,0,,0,,,,,32.4,0,,,05-02-2025
0x3d7269b87610c007b300e2e18f99f3dd3541777a,0,603,603,603,62.5,36,27,0,2690.4,5,0,0,18.1,857.3,4.2,1793.7,-7.8,05-02-2025
0xf04637413f265134d55ea86f38a413ff35428465,0,0,0,0,,0,0,,0,,,,,0,0,,,05-02-2025
0xeb8439cef425e9c1af87c0291b4703dcbd0ac1da,0,0,0,0,,1729,0,,904.2,,,,,0,0,,,05-02-2025
0x76f8a6939668d3d406e89d445a0aa705255b7bb3,-1170.6,798.5,-3114.8,20005.7,71.4,12,8,114.1,3516.8,4,0,0,19.8,874.7,-12.4,1371.9,7.8,05-02-2025
0x6ba6515af550969962783d01580fac1be1d1f6ba,-0.9,0,0,137.4,,0,0,,0,,,,,0,0,,,05-02-2025
0xb7f643abcde8a955565fefc0a340ec04545f14b0,-0.2,0,0,664473.1,,0,0,0,0,0,0,0,,7582.4,2.9,16615.6,3.7,05-02-2025
0xbae0b55bdc3bbbc636f89a6c08b15f2cfbaa4be8,0,0,0,0,,0,0,,0,,,,,0,0,,,05-02-2025
0x249f2c19fbf6fae29329b049013f9ee55ab6d3d3,-5.4,0,-539.2,1194.6,,0,0,0,0,0,0,0,,777.9,-34,2822.7,76.8,05-02-2025
0x2ce51487527a90bdeb4dbc78bbf64fdebdf99c0c,0,-68.1,469.5,6949.6,,4,4,,3430.1,,,,,460.5,-1.2,1552.6,10,05-02-2025
0x6dd2a776fc35a557924e0f8dcc16d363ac235017,-13.3,245.4,320.3,279.9,66.7,9,7,0,156.2,2,0,0,33.9,249.9,-5,377.6,2.9,05-02-2025
0xfaccb4a8b62d8227d032e7d46dbe4439f0560bf4,0,72.3,72.3,72.3,,0,0,,3.5,,,,,107.5,0,1157.7,0.3,05-02-2025
0xf1c9b9f7327297b555f5d3597f63d29224a07528,0,0,0,0,,0,0,,0.2,,,,,0,0,,,05-02-2025
0x79a1eec12b5ef37f68c5a80d9b720327e21b5057,0,14504.3,-189695.1,856282.7,53.2,399,446,81.5,560.4,153,3,4,134.2,36233,77.3,7.7,4.5,05-02-2025
0x71d4445caf0a8994063448d606dac80b9220aaa3,0,1188.5,1188.5,1188.5,100,4,2,0.7,0,0,0,1,143.8,,,,,
0x75a0abec46e3fe58263e2b4b53d02b5af3ce40af,-271.7,-2258.3,-4178.6,-3712.7,,183,146,,0,,,,,,,,,
0xc9de8dc087d75125777ba6908f517ed88db03871,0,0,0,0,,1,0,,1.2,,,,,0,0,,,05-02-2025
0x08a698d5ba896f26280256726fcbb99409b93359,0,0,0,83937.9,,0,0,,59.4,,,,,650.1,13.9,2828.4,1316.7,05-02-2025
0x2407cc96887afa496bb9d02779c2d2e8cb526fb0,0,91.1,-2472.2,-1981.8,,15,10,,37.3,,,,,168.8,2478.9,1172.2,-10.8,05-02-2025
0x822589d0b499bcc3b32ff3d716387b303dc96d0c,-33807.1,4721.3,4846.9,-40222.1,52.6,72,40,92.6,235.3,37,0,1,654.2,369.6,12427.4,888.7,-11,05-02-2025
0xb442c99812aac2efed5793ccfa8aa2ead9bd244b,7704.9,-343.6,1272.7,8770.4,50,3,3,0.3,51.4,0,0,2,504.9,72.4,414.5,1813.5,-73.2,05-02-2025
0x08fc57e1e8026162c9da205a7a0d02adb19c3c49,0,0,0,0,,1,0,,0,,,,,24.2,37.1,47.6,148.7,05-02-2025
0x96987cce08b47952fd01250537108dba7e83942c,0,0,0,1207.8,,0,0,,0,,,,,463.1,-1.5,627.5,-33.9,05-02-2025
0x931ea20d38ea9dc81cf1a459ee0db72406b98f80,0,-6.9,-6.9,-6.9,,7,0,,0,,,,,3.5,14.8,3.5,0,05-02-2025
0x95795a468059d8c28394b70372cb6e77780f6769,-4091.1,966.5,3707.8,39112.5,100,4,1,241.6,3166.8,3,0,1,52,108.1,60.8,59.7,432.8,05-02-2025
0x20641f78d809d02569e58c867cd1c8a0e13b87da,0,4.6,4.6,4.6,,1,0,,0,,,,,0,0,,,05-02-2025
0x5bf84b4bde36c05353c5d8e0aedcb90807ed9030,0,-8452.4,-33044.4,-38824.3,,14,7,,11.5,,,,,1401.7,-24.2,4558.6,-38.9,05-02-2025
0xc0c01eea9457272b9327438d16c4b72cee16f217,0,512.1,3554,18390.7,80,73,72,25.6,602.9,16,0,0,33,378.7,4,2022.6,7.6,05-02-2025
0x1f54a63136aad5253bb19b544e57146698ce27ef,0,54.7,54.7,54.7,,1,0,,337.5,,,,,151.6,9.4,,,05-02-2025
0x25686cc6aed0c67aa054b0cf8fae0ab014c3a480,12.7,0,0,981144.5,,0,0,,0,,,,,100,12112.9,,,05-02-2025
0x3ce85849f29675bc79549a49eca53c27b78aec5b,0,0,0,0,,0,0,,33.2,,,,,0,0,624.4,0,05-02-2025
0xeb2c38e46bddfe23ab89b7ba00b872424cc3c33d,0,0,0,0,,0,0,,0,,,,,0,0,,,05-02-2025
0x636d1912f7b20b8ce02906ba6285534277ae9602,0,0,0,0,,3,0,,0,,,,,0,0,,,05-02-2025
0x2b914e3933db8eacd1226b02ec04d78fed3fccd8,0,0,0,0,,1,0,,0.6,,,,,,,,,05-02-2025
0x8d76f7cbf3bc8cfa528e3a612f9a7e8121804420,-77.7,183.9,-1209,-49472.3,50,9,7,30.6,12.4,3,1,0,30.5,125.5,13.8,2278.8,-20.4,05-02-2025
0x5a5be5201513c2fceaace986cc8399ed2a2dc51b,-6564.8,1181.3,-6065.7,116365,,5,10,,660.5,,,,,552.6,-8.3,1394.7,-25.4,05-02-2025
0x79929464f85f4af99fd60b1364cfccb92844d7fb,0,-252.3,16584.8,16584.8,50,16,17,-25.2,1376.4,5,0,0,1.4,912.4,10.7,1280.5,13.8,05-02-2025
0x22d2d532d6fac7b6e77eb0dcfc6d1d4d58a3646d,6979.5,1623.1,-6183.9,-9338.7,33.3,54,35,405.8,11.8,2,0,0,50.5,654.4,-25.7,4793.9,25.4,05-02-2025
0xe9619c05bc4feeaa66abef805269966938e21c30,0,0,0,0,,0,0,,0,,,,,0,0,,,05-02-2025
0xe667539b2052a6b89293eddb00630abd538fe428,0,0,0,0,,15,0,,0,,,,,0,0,71.2,0,05-02-2025
0x2493aeb1ea13f1c88d04c47d158371e4b94d64c9,0,0,0,0,,1,0,,0,,,,,53.3,0,,,05-02-2025
0xa906bc9b368667e0354886d1625d19634dc3821a,0,0,0,0,,1,0,,0,,,,,0,0,,,05-02-2025
0x9f72b9af573490f419a9f8134a2ba5f367f32add,0,0,0,0,,1,0,,0,,,,,0,0,,,05-02-2025
0x2c91cfe715c2d94bf0dea7c345ad1e6aceec1621,0,-2305.7,-2924.2,-2924.2,,15,3,,11.1,,,,,169.2,-4.8,2388.4,-90.2,05-02-2025
0x1e75d3f93491d99c78dd1523bc7fdeb466d33d65,-262.2,-290,-116.1,1279.9,,4,0,,35.2,,,,,347.7,1.6,,,05-02-2025
0x5c1884bbb4a5253bb50757c8ac5c9e0cf7ec39f5,0,0,0,0,,1,0,,25.2,,,,,0,0,,,05-02-2025
0xfd3023229cefb71f6d2f36cb8f7379411c3440db,0,0,0,0,,3,0,,0,,,,,0,0,,,05-02-2025
0x0602d125b3cef09b2301f9127318c5fa813b05e9,-104.8,1425.6,1052.9,-2399.4,50,97,44,59.4,2,15,0,0,18.9,106.5,-29.5,1048.4,-12.4,05-02-2025
0xc9173281d987119cc7725589487947fa459bc812,0,42.7,42.7,42.7,,19,0,,2.1,,,,,3.1,-0.1,,,05-02-2025
0x933dfcabd259ea4154ebf26ae6c7e4bd13d7c509,-108.2,0,1017.7,-372.6,,9,0,,3,,,,,132.3,-11.6,186.8,233.4,05-02-2025
0xe8ac1b43760d7a5ab953721bad2166a71b758efc,0,0,0,7183.1,,0,0,,10.9,,,,,1014,11.5,3187.8,-7.7,05-02-2025
0x155efbee7220f530de65a384ddaca6c6bdd061e5,0,0,0,2327,,0,0,,0,,,,,941.7,2.4,3211,54.7,05-02-2025
0xf4e4a8e44275723a4d9986d03534ab4fa6376dd9,0,0,0,0,,4,0,,0,,,,,0,0,,,05-02-2025
0xa2b979ac627c7401ead81c57219b1690bf4a2743,0,0,0,0,,1,0,,0,,,,,0,0,,,05-02-2025
0x8616a34c1447180123904b8439eb5028d7ed7e5c,-193,-1.4,-47.4,140.5,0,3,1,-0.5,9.1,1,0,0,230.8,133.7,3.9,29.9,-97.9,05-02-2025
0xee7b4f701667263bbf7b624d6d829588bcf9dda0,71.8,3343.5,3343.5,8817.9,100,18,22,1114.5,5.4,3,0,0,35.3,321.4,-13,2609,-17.7,05-02-2025
0x4b7d8760606e6f8b296865d2a92d47834a6b026a,480.8,285.5,285.5,1124.2,,0,0,,603,,,,,115.8,7.1,99.9,0,05-02-2025
0x54430ae87a02d728c1d217ce1ea54caffebe56d9,0,408,-140.5,-140.5,,117,71,,177,,,,,134.6,-14.7,549.4,15.2,05-02-2025
0xd71e2531f142c4a3e6427516d7b623132308f0e7,0,-2.1,-2.1,-2.1,,14,0,,0,,,,,49.4,-0.1,,,05-02-2025
0xd55e6f4bb0acde3016ff5f16cce92dd66f3d5afa,0,0,0,0,,0,0,,0,,,,,0,0,,,05-02-2025
0x86f207f20f186f34226fbacf1d2d0aa71436201a,0,182.5,182.5,182.5,,36,0,,231.2,,,,,22.2,-0.1,148.3,24.7,05-02-2025
0x517e243caabff4bb32e5a30ecb1f8595ea5c84f6,389.6,1823.4,1823.4,2213.1,100,79,74,1,0,1,0,0,177.9,0.5,2.9,,,05-02-2025
0x161cef8f12f9660454441edb34b4925ffdda5324,9.1,0,1404.4,2129.7,,0,1,,12.8,,,,,157.1,22.9,,,05-02-2025
0xcbcd04b82952444434f9d13349c99d523443e858,0,0,0,0,,0,0,,0,,,,,1.3,0,49.6,273.8,05-02-2025
0xe13ee747ee0c01841cefeebfd714a9793d20c4e0,660.1,175.6,175.6,835.7,,5,1,,334.3,,,,,917.5,-1.6,1482.6,5.7,05-02-2025
0x49689c15d9d028b9e5c5a4b4535b4d192303c654,-568.7,417363.2,1355925,7352998.2,100,2888,1765,32.2,2283.9,0,1,0,94.1,66609.6,-17.1,123454.1,-0.6,05-02-2025
0xc4cd3db4bd8ce521abd850e6ae40f117a8fe3c95,0,0,0,35613.6,,0,0,0,1772.1,0,0,0,,86.7,412.5,,,05-02-2025
0xddeb9efb3bcf21f71753daa2bc65ed073ef33273,0,726.4,725.7,725.7,,46,22,,2.7,,,,,49.4,29.4,28,9.2,05-02-2025
0xeafe6cf846f85d98aff54178b6012f1675a91de7,0,0,0,0,,2,0,,1.8,,,,,0,0,,,05-02-2025
0xbdbe8fba5fd93defc6832160a8d1cbffb472dcb4,0,-59.2,-173.4,-173.4,,64,28,,80.8,,,,,13.3,-9.2,22.5,-46.6,05-02-2025
0xad2ef178db4a59ac276cff35e98b3877b2baaf23,0,0,0,0,,1,0,,18.3,,,,,39,3937.8,,,05-02-2025
0x74ae4a63501611c176fbe4dc9562e02793ce4172,-26.7,0,0,-967.3,,0,0,0,2,0,0,0,,106.3,-26.4,89.8,-27.7,05-02-2025
0xf4b2658c504c81f309b1ae130f75705548619420,978922.2,3085.5,19555.7,1023876.3,83.3,60,48,79.1,628.9,31,2,1,254.1,237.9,-0.5,258.2,-19.9,05-02-2025
0xfdebda37ae9ca7939db8b79f4cbe247b13cbfe7c,0,0,0,0,,0,0,,4.8,,,,,0,0,,,05-02-2025
0x572ea968b80d9720c5d0054e56f144352d483ca7,0,0,0,163499.8,,0,0,,0,,,,,371.4,898.3,,,05-02-2025
0x11f421e3a4cc380d9fb3eb7f320c81fd174cf913,-2129.6,0,1520.3,13517.9,,0,0,,298.7,,,,,224.2,1464.1,1363.2,-26.2,05-02-2025
0x56416b376bb2bf010470aa7c4c065591bb0c4553,955.4,14.1,14.1,969.5,50,9,5,2,6.1,5,0,0,4.6,9.5,1042.1,6,4.7,05-02-2025
0xeee2ed5d5699a78cef90e7245bb92468ccd8702c,-8385.5,-680.7,-23590,93393.5,25,5,6,-170.2,17689.1,1,0,0,80.5,634.8,-5.8,1135.5,-48.6,05-02-2025
0xb6a27ba25fe6e9e5040286bf3a95be896a965cc5,0,81.4,139.5,-86.9,40,19,15,8.1,40.6,4,0,0,92.2,47.1,-4.2,59.3,-12,05-02-2025
0x7a1cd2927eb025072aafe8a16b8e9a0b86a5537a,0,1668.1,798,67588.4,46.7,1513,24,104.3,57411.3,7,1,0,53.6,3956.5,-21.1,8081.3,110,05-02-2025
0x055a3b37957bfbd3345bed9968e7e8dd56d67066,3946.5,19918.7,109347.4,1433383.2,45.8,3922,12518,111.3,1903.5,97,2,3,2852.3,178470.8,0,41987.1,0.6,05-02-2025
0xe4867121bc384ebc95b4afa69bec51d5aaafc7f6,0,0,0,0,,0,0,,0,,,,,0,0,,,05-02-2025
0xb35184429e34a0c7626f4b412d28f4c90d416747,-0.9,48.5,321.4,320.5,,4,4,,660.4,,,,,158.3,4.1,118.7,57.9,05-02-2025
0x2f74b910b0f6ac0761279dd8d5372629c6c8970d,2372.3,1012.2,617.8,6146.5,,0,4,,215.6,,,,,708.8,-13.3,1972.6,6,05-02-2025
0xfb24dda249a4ba818dcbc1be3241ce8e09a82a08,-647,513.7,-47,-2143.9,100,18,14,0.3,0.4,0,0,0,147,56.9,-2.5,168,-34.4,05-02-2025
0xc6336c70aafb7c2522d8720d7c072016af7b1eef,-14.6,-1102.7,-3901.9,-1523.7,0,180,202,-0.8,43.9,1,0,0,0,0,0,,,05-02-2025
0x6b828d55c7b52a70076327039296282a3d458eb7,-2761.7,1294.3,1039.1,27707.3,,3,8,,82.8,,,,,138,3.3,284,-11.5,05-02-2025
0xdc5497014d5bbe0f0c8b54f049f1682dc9beed46,0,397.2,1517.8,1861,80.2,4068,3739,1.2,9.2,253,1,0,183.6,10697.5,-7,,,05-02-2025
0xeaa1d9f6d956b428df8b782965774226a6677caa,0,0,0,0,,1,0,,0,,,,,0,0,,,05-02-2025
0xf23d46ca722d4d058a211978209f8780178e101a,-483.6,297.8,277.4,2276.8,100,8,2,148.9,20.6,2,0,0,103.2,162.8,3.3,513.7,33.3,05-02-2025
0xf8ba3ec49212ca45325a2335a8ab1279770df6c0,0,0,0,0,,0,0,,27972.8,0,0,0,,0,0,,,05-02-2025
0xfdb3206ac3699ce1cfda9a8bef694f04c60748d4,0,-273.2,-273.2,-273.2,,0,0,,0,,,,,0,0,,,05-02-2025
0x602ef2b1b230f2ee03c73a5d00014f4ce1c5f350,0,12.9,12.9,12.9,,2,2,,0,,,,,0,0,,,05-02-2025
0xcaabbf961c4d0f2732f6d6e53baf06c0f7318926,0,0,0,0,,1,0,,1.8,,,,,0,0,,,05-02-2025
0x975a3409b780120d424ddb7dacd889e89c1f98e4,-0.7,665.4,1095.3,1900.2,40,37,38,39.1,937.6,7,0,0,55.6,437.5,2.4,700.3,-6,05-02-2025
0x0b97a6876ec87fa3f5051ac4930b6ce6261088cd,0,798.7,798.7,798.7,,1,1,,0,,,,,120.9,660.7,,,05-02-2025
0x435e19a7f37314e6fe66eae6cd166c09488c36dc,0,-55.7,-55.7,-55.7,,44,8,,0,,,,,0,0,537,-11.4,05-02-2025
0xe2ce7f2fffc6005f2e6a7ff99c66a419c7b1a8ad,-823.7,0,0,-6853.2,,2,0,,11.7,,,,,8205.9,-11.6,349.2,-22.7,05-02-2025
0x4296356fb2cb9c6e590807485f88585bf26bd2f6,0,49.3,49.3,49.3,,19,0,,0.6,,,,,4.5,-6.7,47.8,-1.3,05-02-2025
0xb7653a6a09ed5052ffd90efae3c8f81ee00bfa98,0,122.4,518.5,518.5,,4,4,,786.1,,,,,103.8,48,423.8,13.1,05-02-2025
0xc6e82313c198857693d97f2d30cfa6678958f1f6,0,1231,1231,1231,,2,2,,0,,,,,0,0,,,05-02-2025
0xeddf65ca9d609570115a4b2d6515da08e113bdcd,0,0,1185.2,1185.2,,0,0,,1.1,,,,,141.9,58.4,,,05-02-2025
0xcbeed19207790fd63696f5374834b4cfd03f1193,0,-594.1,-594.1,-594.1,,106,0,,0,,,,,4.8,-1.7,,,05-02-2025
0xa5fe180320479353802eafc552b2d9a0c80fe014,0,119.6,119.6,119.6,,1,0,,0,,,,,0,0,,,05-02-2025
0x3c903aa6a85ad917e6437f3e5540dc5b1ae4c3ad,0,0,-154.7,3910.4,,0,0,,0,,,,,121.3,-0.8,121.6,36.9,05-02-2025
0xfdb9178e5de49aa605020cc31d4af5e212ede0b7,0,0,641.1,2425.7,,0,0,,0,,,,,60.6,18.3,60.4,52.7,05-02-2025
0x64b4777d584f2352ed78510df804bac45228df90,0,53.8,2594.7,6620.9,50,2,2,26.9,1380.3,1,0,0,0.2,270.7,14,877.4,54.7,05-02-2025
0x613c7711a2768b3716de8345a3891ec03f42eaa5,-230585,490470.8,1615781,7425423.5,,3195,1840,,1764.3,,,,,57332.3,-12,124340.2,-4.2,05-02-2025
0xca7e80b7d5a0626052186f10f037052b9436487b,0,1588.5,1588.5,1588.5,,2,4,,0,,,,,0,0,,,05-02-2025
0x9022872e06f288574f14b9489f35da716d9ab61d,0,3927.9,-6066.5,-17426.7,50,10,13,982,14132.5,2,0,0,4.7,860.4,-17.5,2541.1,-40.6,05-02-2025
0x0877822fd8423056b321762d0d0a723f4f5b886a,0,0,0,0,,1,0,,0,,,,,45.9,0,,,05-02-2025
0x037e405d9dd50f633b6277c872866226cec4a340,0,10649.3,10649.3,10649.3,,4,11,,0,,,,,0,0,,,05-02-2025
0x154c74f321efb2cd78d53235b14fd2b8947d347f,-48.8,0,0,4556.6,,0,0,,0.1,,,,,145,-4.7,366.6,-8.1,05-02-2025
0x2b2432fb46290bd3e9e9259a06bf6570f7c09c05,0,464.2,464.2,464.2,,8,0,,305.8,,,,,19,2.6,2074.4,24.8,05-02-2025
0x7c28848bbdc2635773527a222bfe6ba14a7b59e5,0,0,0,-15507.5,100,2,0,0,10951.7,1,0,0,3,0,0,3152.4,56.5,05-02-2025
0xdf199a481a0f45a4a8874a4a88a2135f9dbd96c8,0,0,0,0,,0,0,,0,,,,,0,0,,,05-02-2025
0x4841702fa4a501a8c99adedb55367252aca2c896,3989.9,0,0,3989.9,,0,0,0,76.8,0,0,0,,78.8,565,,,05-02-2025
0x1bec9cc724d794c93be8ea31731c751730128229,0,0,0,0,,1,0,,0,,,,,84.6,21119.1,,,05-02-2025
0xe625ac6b02c2938ec42c95507b8d2decb2ce3af7,9.9,0,0,19.3,,0,0,,61.8,,,,,0,0,,,05-02-2025
0x923448277801096b2cf0114120ab459fc28c3a4b,0,0,0,0,,0,0,0,0,0,0,0,,,,,,05-02-2025
0xeb79990501259cbfb2d01e1b5ff056bb081783e0,0,0,0,0,,0,0,,0,,,,,0,0,,,05-02-2025
0x4f407465e7078daf49484cc036b8c461bfbb4175,0,1930.1,3255,162725.8,77.2,2824,3173,3.9,59.8,411,2,3,220.8,1274.9,15,1816,4.5,05-02-2025
0x5e18926273e680a3c443a469c370794372d92480,0,-489.9,-698.5,887.5,,3,2,,35.2,,,,,5.9,15.1,325,-78,05-02-2025
0x1528160dc9a3cf446f2a0cc8629c6d9b05b6bf3b,0,308.7,343,18362.8,69.5,9814,7491,0.6,15.9,331,1,5,157.7,915.9,12,30.4,1.4,05-02-2025
0xc6f31679f1f4fb44a7008626a3d7b485ddb280ee,0,523.5,523.5,523.5,,15,0,,9.1,,,,,1023.8,0.2,,,05-02-2025
0x7caaef0b31487a4cba50b2246dd211622563e2ca,0,12401.7,20655.6,20619.2,75,113,99,0.3,0,19,0,0,37,1186.2,-6.3,3305.7,20,05-02-2025
0x26223991d50dbe502a6f847adf9c23b6af5bc3ed,0,1002.2,1002.2,1002.2,100,1,1,0.5,0,0,1,0,142.9,0,0,,,05-02-2025
0xb263e4e07d162408d9ce3a84d08859ec9a0b123f,0,0,-760.1,-760.1,,10,0,,10.7,,,,,392.7,-12.4,,,05-02-2025
0xb05cdcec9ed14ee3ef00107ec828b024ec51f9c6,0,7.5,-21.6,794.8,75,7,8,0.8,21.9,8,0,0,3.3,52.1,-17.4,163.8,10.8,05-02-2025
0xffa334c9b491a8ecea815aba5b50f908114d292e,0,0,0,0,,0,0,,0,,,,,0,0,,,05-02-2025
0xa9b3c651d1e98a97b9f37ff8ede9588cd70a34dc,-2.6,11973,3515,37501.7,25,10,9,1330.3,2877.6,2,1,0,132.5,473,-17.2,2395.6,-45.4,05-02-2025
0x1f41ee6606f9b5219684d8f6a9f29c91a095c53b,-1661.8,0,0,-1661.8,,9,0,0,755,1,0,0,0.4,0,0,5454,-30.5,05-02-2025
0x901caa2e92deffb17d495e7a223654061a3fc54e,0,0,0,0,,0,0,,0,,,,,0,0,,,05-02-2025
0xfabf40a4acbdb7a68fcd887bf3842ed7a74996af,0,0,0,0,,0,0,,0,,,,,0,0,,,05-02-2025
0xbd169264b5b40c305407de1dafde92f1da511cb6,0,-21.4,-21.4,-21.4,50,46,26,0,5.2,7,0,0,66.9,228.9,-1.7,298.6,-0.6,05-02-2025
0xe0f2e17534ed0efa0ed94ab86a7d6f35b70536d1,0,1154.7,54742.9,34026,74.5,378,341,11.7,155.5,76,0,0,195.6,692.3,-16.2,47.8,9.7,05-02-2025
0x5db799bdab28c35a156d1b371835a2f18744ddac,-1632.1,1700.2,1654.4,51359.2,71.4,26,12,212.5,3121.2,6,0,0,0.1,1220.7,-3.1,1121.1,14.3,05-02-2025
0xb51a68ef41ef553d8d906c88af4567538d6e228e,0,0,0,0,,0,0,,0,,,,,0,0,,,05-02-2025
0x821035465227b627bfd194b8e7701f298ae7cee6,0,0,0,0,,1280,0,,120.6,,,,,1183.9,-1.1,6561.5,0,05-02-2025
0x40cebd7d4d308a9fa55949af70c8e6e27c04896d,-523.1,959.1,2466.3,5252.9,26.4,71,89,17.8,1174.6,13,1,0,1.9,106.9,3.6,58.3,-98.3,05-02-2025
0xd83ad88355855c2da828480a6f32279906c57c66,0,0,0,0,,0,0,,0,,,,,0,0,,,05-02-2025
0xffa8fcbeedef251b770d441ddb64f9a06904ebbb,-181.6,227.4,173.1,-8.5,,208,124,,20.8,,,,,292.2,-10.3,606.5,-12,05-02-2025
0x3950a480f0c0c42a1277fc2726aebe46f4919889,-36.4,-3.4,-6,3835.8,0,4,3,-3.4,5.8,0,0,0,12.3,1214.1,0.1,4341.4,-5.9,05-02-2025
0x183bfe70ac1cff3e4072660f123cb5534725c76c,0,308.9,1675.8,1271.1,,2,4,,0,,,,,36.4,3.8,2391.8,-13.7,05-02-2025
0x06d63637aafd52bdd11d39bf07621f18b68d983e,0,46.9,46.9,46.9,,163,0,,176.9,,,,,11.4,0,496.3,0,05-02-2025
0x4e6fa2eaf9a6d3aa18ecdfa884ed48970b79aa7d,-494.9,2106.2,2067.4,2181.8,20,50,32,131.6,29.9,3,1,0,7.6,312.8,-18,444.5,62.3,05-02-2025
0x71f6755768958df26e42cd708403f287a233bdbc,0,257,337.3,337.3,33.3,7,10,0,1963.2,3,0,0,55.9,194.4,5.1,,,05-02-2025
0x9a98c8b4e29989e05fb374ba9370e9143828f6a0,0,-43485,-91754.6,-54389.3,47.2,436,543,-212.1,595.7,170,1,1,121.3,156.7,11.8,13423.9,-0.5,05-02-2025
0xfa7259bb741a916e909403242a25cdae39d86afb,0,-910.4,-910.4,-910.4,,0,0,,83.2,,,,,0,0,,,05-02-2025
0xa6bdeae4e4a37a9cabb23fc117852a4032c540d2,-1128.7,3970.2,2558.8,4058.9,35,92,50,0.1,1592.9,7,0,0,7.3,190,-22.8,1661.6,38.9,05-02-2025
0xb84be63f658365e94602d150b85fab0cdc7fc538,-12.4,325.9,257.2,718.1,100,2,2,162.9,307.4,1,1,0,1.4,38.4,34.5,33.7,30.3,05-02-2025
0xe2f716b6e18cf3f96991dacfe53d335f6dfab610,0,12.4,12.4,12.4,,1,0,,25.9,,,,,47.9,-2.6,,,05-02-2025
0xe268780bb248461632c069ca9846b2a40435b8a7,0,-58.5,-58.5,-58.5,33.3,17,16,0,8.5,2,0,0,0.3,129.3,-7.4,,,05-02-2025
0x8af7bcf7a21883d0a3648ce06d86e3d4fb888888,0,63.3,63.3,63.3,100,14,0,63.3,0,1,0,0,0.3,87.1,7.4,,,05-02-2025
0xef5487c1b7893b96454e9ddbd6b012f1c87ac40b,0,0,0,0,,0,0,,0,,,,,0,0,,,05-02-2025
0xfca4f7ca1900e041792b1600682fd832e8fd712f,0,32.7,32.7,32.7,100,8,1,0,0,1,0,0,34,766.6,4.3,,,05-02-2025
0xfc5eeaf3e68b77fd95ffbc86f64c67cb9bbc4dac,0,-532.7,-532.7,-532.7,,14,0,,1.9,,,,,21,1.1,,,05-02-2025
0xd271c5a19220d54d707f41dd822c10fefa11c654,-4.4,0,0,1050.4,,0,0,,0.1,,,,,580.6,-8.2,3650.7,-35.6,05-02-2025
0x43ecd9ccc41a63ed5a044c234f0ebcd84c781808,0,11,-66.6,-310.6,,27,25,,0,,,,,56.7,-6.6,7.5,18.2,05-02-2025
0xfb9c6013139bed5a852d82eea7db36c822c2f98a,0,0,0,0,,0,0,,0,,,,,0,0,,,05-02-2025
0x743aba5a934c5b66f544c254cae88e690c1a3135,0,71.9,71.9,71.9,,6,0,,1792.5,,,,,1.3,-1.1,,,05-02-2025
0x0517ca8f928cfe327677f83afbe604dd0bdd37cf,0,1284.1,396.7,-5559.7,55.6,35,13,,18.1,0,0,0,,391.7,12.2,150,2.6,05-02-2025
0xb1fdd0db8a4b189250b16e7a2b96f2280f6ca4aa,-24.4,29.3,29.1,69.8,,35,36,,4.5,,,,,12,-19.8,16.7,-28.9,05-02-2025
0xc3af3bb7f202ebf5d4771315f985a17a03306f9c,0,336.5,336.5,336.5,100,16,0,,6.9,0,0,0,,43.2,4.9,72.2,0.9,05-02-2025
0x5f019fb6ae3f126a0405916fcdde5d63a8356249,-1381.6,374.6,-2604,-8685,62.5,5,10,46.8,37.2,7,0,0,79,241.9,-21.7,786.3,0.4,05-02-2025
0x9bea6fc8e37bae7d9211dc154786d187d985d626,0,-8.4,-8.4,-8.4,46.7,114,102,0,745.5,8,0,0,6.7,348.8,-9.1,2064.9,-7.3,05-02-2025
0x3e94261fcc2bf0a71b01952135f512648a84342f,0,0,0,0,100,1,0,0,0,3,0,0,40.5,0,0,,,05-02-2025
0xc84916bcfa8b1aa23719eee88d699f64c7696151,0,-66.1,-66.6,-74.5,,64,34,,15.6,,,,,22.6,-5.2,30,-9.2,05-02-2025
0x5375ea6f4abea22e3702559a1c8c81e0bd4fd0a3,2411,3397.1,6269.8,8680.8,50,2,6,0.9,3719,0,0,1,193.4,306.8,168.8,,,05-02-2025
0x78d0311585ba0b62846e59b7ec210deb74f5e7e5,0,89.4,89.4,40.9,33.3,1,21,0,387.9,3,0,0,,60.4,2.2,,,05-02-2025
0x66d370c692939449c03e2a23db26c26972633fac,0,0,0,-0.2,,0,0,,0,,,,,0,0,,,05-02-2025
0xb30b4c53402d17edf0accde807e577a5b9e32262,0,327.2,3462.2,3561,80,8,6,,0,0,0,0,,321.9,17.5,291.5,13.4,05-02-2025
0xfad18d5c75c1e8885be672a92a8dbcaa063fbe19,0,0,0,0,,0,0,,0,,,,,0,0,,,05-02-2025
0xe4ef6e4457b0a35ee1e926517895cfc94a29798d,0,0,0,0,,2,0,,60.3,,,,,305.6,-23.6,,,05-02-2025
0xf728db992dca236521e04f405bdcacc73159bfb1,215.6,7056.3,7070.5,7286.1,66.7,4,24,1.3,3,0,2,0,10.4,301.3,63.4,447.6,77.2,05-02-2025
0x929ef357a889a3bfe144062832753c18db0b8785,-775.4,29.8,60.2,-715.2,,3,2,,809.8,,,,,1.2,-0.2,394.3,-36,05-02-2025
0xd18c1dc89344eb478d18308484a5ff4669909396,0,8.9,-2543.2,67428.3,,17,12,,37.6,,,,,1633,0.6,3136.6,17.1,05-02-2025
0x8b16b225fa14867fee1a928656927d7d742ecb36,0,-123.4,-123.4,-123.4,,1,0,,104.4,,,,,83.2,-10.4,23.9,0.8,05-02-2025
0xaaa2d14fb7bc268306e3029c29d86f95b63e113e,6986.6,19.5,19.5,7006.1,,0,149,,20.4,,,,,1081.7,647.7,,,05-02-2025
0x7b21ce23ffd02d077c92f9159e9dce6b41fb3544,-1.2,-2.9,-110.3,-46.9,,36,19,,15.1,,,,,209.1,4.2,88.2,-9.7,05-02-2025
0x07b00d80d702296d96b662f06ba28e583f59e981,0,-2731.3,-2550.8,-4899.1,0,0,1,-1.5,13138.5,0,0,0,363.8,154,16,,,05-02-2025
0xd00111850d60a70fb966bf6819369664c79b557a,-191.3,-290.2,2651.1,27550,40,22,22,-58,14.5,2,0,1,80.2,2042,-1.4,1841.9,14.6,05-02-2025
0x7e34db98b67e329fad31196ea2e05fff2e91f9a2,23165.6,0,0,23165.6,,0,0,0,15.5,0,0,0,,20.9,12396.6,,,05-02-2025
0xb2c3c34d11685d3a8bbdf60e10a61fc7757dcf26,0,-6.8,-6.8,-6.8,,18,0,,0,,,,,32.3,4.1,154.9,-6.7,05-02-2025
0x08c7adab51e2d243bfbccea2b88dd590671df8df,0,0,0,-118.5,,0,0,,0.3,,,,,0,0,,,05-02-2025
0x86a0bf06807af32af75346b2cd5ecefff25cea7c,3692.6,0,0,3692.6,,8,0,,1.8,,,,,0,0,,,05-02-2025
0x84ca2976b6fc516fe288a08ad5f9f8a3e02391c5,0,0,283.2,283.2,,0,0,,0,,,,,0,0,,,05-02-2025
0x144094df05be2661bbe1f25ad4e833642f5dea04,-47.9,0,1026.6,2933.1,,0,0,,3.8,,,,,225.8,-2.5,544.1,10.3,05-02-2025
0x1c5d8792098bcd216a593f4f87618088c6f5dde0,0,900.1,900.1,885.6,100,3,4,300,7017.1,3,0,0,43.9,202.4,-17.1,,,05-02-2025
0x6576ba5e3c24f031f33547810ef62e769f6698a2,-645.7,5389.3,3876.8,105717.9,28.6,25,41,384.9,8928.7,4,0,0,20.3,944.1,-5,7199.3,-6.3,05-02-2025
0x10a7c4f2500bb9b7e0578fb6a4419060773df6bf,-64,74.8,98.2,34.3,,44,10,,97.6,,,,,1.2,95,1.2,-98.3,05-02-2025
0x0f371b1c0bca71c96be087104baac6df5e60c840,-318.9,0,0,-318.9,,60,0,0,2509.2,1,0,0,8.4,1223.6,-3.2,,,05-02-2025
0xefbb3865b75612cd181d3a1cf9385e3ab18d9041,405.5,3429.9,3434.2,3324.8,,53,40,,4.8,,,,,172.4,-2.8,770.8,131.3,05-02-2025
0xef91de002b6c030dbd8abef18cde2e72f2ce6e48,204.6,1306,1213.5,1418,27.8,57,37,0,3.4,8,0,1,48.9,54.4,-29.6,238.5,40.8,05-02-2025
0x74abb465508f24d770fdf84404a6e6e46313780e,0,0,0,0,,15,0,,0,,,,,37,0,74.2,0,05-02-2025
0xc84b9caac16a2871031bd078e15189a23d65b95e,-0.9,0,0,-1.2,,0,0,,0,,,,,0.4,8,2,-28.3,05-02-2025
0x6b49e96db1bd9ae9fefb1ad0e6b3375a68bcc5b3,-1889,-3.9,-366.3,18155.6,,23,14,,8.7,,,,,0,0,5388.1,-80.2,05-02-2025
0x9bf3b4884c92e0ecaa4675be86f00de4a5f28e88,0,113.4,113.4,113.3,100,23,4,0.1,0,1,0,0,68.2,1076.7,2.6,,,05-02-2025
0xc9f0fda8e643d7c9cf293898f4fa8f47f1330fed,-839.3,187.2,96.9,21299,33.3,8,11,31.2,4006.8,2,0,0,314.7,433.3,24,1433.7,-18.4,05-02-2025
0x97cb1fe7a52e7c4e222233f63c464d6ad6d0eab5,-1.1,108.3,-4961.8,9331.5,30.8,10,10,8.3,2791.9,4,0,0,0.1,330.5,-7.1,881.3,-66.7,05-02-2025
0xb11715c80e1a069af97e0d6e4366215c6e2b1b18,0,963.6,963.6,963.6,100,1,1,0.5,33.1,0,0,1,150.4,0,0,167.4,575.5,05-02-2025
0x58d4aaef62c841b12e7081a34722b5bd10ca0d2a,0,149.6,149.6,-138.4,,1,2,,0.5,,,,,105.4,-7.7,,,05-02-2025
0x74bf7407dd5fa033e51120f87246ace3b75b32d0,0,-7277.2,-37032.2,-60489.8,20.6,126,173,-84.6,1916.2,43,0,1,214.7,307.5,-2.5,994.7,89.4,05-02-2025
0xc8ab3ddc2855f2878bcd6502a460fe7156e3db35,0,13.2,13.2,13.2,,1,0,,0,,,,,0,0,,,05-02-2025
0x733a568d95249d6911f176de2de1cb7067489143,0,1846.8,1846.8,1846.8,,2,4,,0,,,,,0,0,,,05-02-2025
0x5ce670933ef9bdac2ba462b346089d41d5a75803,0,9.7,9.7,9.7,75,8,0,1.9,0,4,0,0,168.2,0,0,,,05-02-2025
0x1e4a5bab598c96a5e2d24c53279038a28f084e47,24164.7,0,0,24164.7,,0,0,0,18.5,0,0,0,,41,3688,,,05-02-2025
0x27c62a52570a3971a349b66c37278e9ed17ea360,-3768.8,2885.6,15714.8,11945.9,52.9,98,78,0,3381.3,17,1,0,2.5,1450.1,10,9999,117.1,05-02-2025
0x48326cf0c22db806db2ec1fceed7a9bd195f8347,0,2503.8,2503.8,2503.8,,85,43,,9.8,,,,,0,0,598.1,5,05-02-2025
0x06f17315a7cffa2756eec18a6cc2cadef2c1bb64,-1.6,-1544.8,-370.5,441389.6,73.4,4058,4083,-3.1,53.8,403,2,2,117.2,31524.2,-1.9,1226.4,10.2,05-02-2025
0xab01b0447b9973c4c25fa144bcaf79a361daaa10,-7.3,0,-2.6,41509.1,12.5,0,4,0,277.8,1,0,0,0.1,0,0,,,05-02-2025
0x79ff8b9e9201597a92c477cd3a58aa6e0256024e,0,-490.1,-490.1,-490.1,,40,0,,0,,,,,103.6,0,,,05-02-2025
0xaf3efcfc9bd05aafd064056a16e773a0bbaaf94b,-0.3,47.1,47.1,498.1,100,2,7,0,2363.2,2,0,0,9.5,10.6,0.5,259,-24.4,05-02-2025
0xd497b20475e58346b7fae1ccf13c17abf8f2341e,0,-2.3,-2.3,-2.3,,13,0,,308.6,,,,,49.6,-0.2,183.1,24.3,05-02-2025
0xae80bd66c558be588178446f4cceaca1701c3b25,3240.8,1317.2,-1016.7,2143.1,,15,9,,13,,,,,77.2,-9.6,805.9,9.4,05-02-2025
0x8922dcaf3dd3af6016c28324a15ddaed980fb1ac,0,405.2,295,4898.8,100,8,10,57.9,659.8,7,0,0,0,461.2,5.1,441.9,32.6,05-02-2025
0x629500ff1fb1f5511546bf1cf321a6eada95c172,0,77.5,996.4,5747.2,,7789,881,,26.6,,,,,16.1,-1.3,23.4,1.3,05-02-2025
0xc8ff4754ae73eece4ab42fc8155acbb2bfc6afe7,0,0,0,0,,0,0,,0,,,,,0,0,,,05-02-2025
0xd3744a0c757a300bde2f66936270441125737679,-13.8,0,0,3991.3,,0,0,,8,,,,,654,70.4,226.9,21,05-02-2025
0x827a41635ab8be0ad6bae79fd8faf8926b066f18,11.6,-1024.8,-905.4,10902.4,0,4,3,-341.6,2418.1,0,0,0,9.5,435.9,-14.8,887.3,-15.6,05-02-2025
0x56f791c490bda90b40e7f83bec607670fffb2c86,0,33.6,-4.6,-4.6,,33,33,,211,,,,,148.7,-4.7,339.1,9.8,05-02-2025
0x5b94a719c81a844d1cca9ecd6831fd6b72b35d34,14.3,-51.3,734.4,647.6,,10,8,,8.4,,,,,147.1,5.1,,,05-02-2025
0xd6c17ffa49993e05a135b2f143fd08d1d1ca50af,-63.6,492.2,563.6,-882.3,100,1,0,492.2,0,0,0,0,500.7,938.5,-16.3,2084,-12.8,05-02-2025
0x283bceda50b12cc6b367c8096c09b007b064f5c6,0,0,0,13,,0,0,,11.1,,,,,0,0,,,05-02-2025
0x60dd6a2785e32dbc0918b6861f2f1a092724e52c,-99.9,-44.9,-1084.6,-2305.8,,14,14,,6,,,,,128.8,-26.3,110.3,-3.8,05-02-2025
0x53844d1bd2cb89cd6335288b1cd9ce0849ad8e56,-96,-247.6,120.2,24.2,,14,15,,1190.8,,,,,40.5,-3.9,212.1,-43.5,05-02-2025
0x79f008be92602c0f992202577f4ab45381491d46,-877.9,282.4,-1192,-841.6,,9,6,,2903.2,,,,,180.8,2,280,70.4,05-02-2025
0x2b85f371f72e0907aebb2b0175a8217dbfacdd13,0,537.3,537.3,537.3,,10,1,,78.1,,,,,0,0,,,05-02-2025
0xa1264f57a28647d20e44e608e23f8a1344a11963,-139.7,471.7,-21.1,1972.2,,12,11,,334.8,,,,,0,0,68.4,-88.3,05-02-2025
0xdeb8d6785122302630a6f468e36940c65e84f44b,0,0,0,0,,0,0,,0,,,,,0,0,,,05-02-2025
0x610b5e4e3d4ebb798c5141130385490e803c1760,-310.4,444.2,5121.5,15011.3,57.1,49,38,21.2,499.2,11,0,0,0.1,427.4,-3.2,2009,-1.7,05-02-2025
0x8e03427fcf8991fab6f648b6ad14ebf54b694230,-2.3,1321.8,-255511.2,2203944.8,47.8,435,513,6.4,587.8,175,1,1,164.3,10955.8,-3.3,45.6,0.6,05-02-2025
0x46baf4819686cd48da55f62df5fd2f8b794c2b84,39677.4,0,0,197038.6,,0,0,0,17742.6,0,0,0,,899.6,868.3,2138.3,-47.6,05-02-2025
0x0000000007e5719cf9b09213d36b9116e7e53d79,0,9022,14762.9,14178,80,480,93,,30.1,0,0,0,,203.6,7.9,4657.7,9.8,05-02-2025
0x025933d28e2bb8b423acdb31253e58760c67a7ea,-121.6,391.9,-1438.8,-7440.4,60,14,4,65.3,2.7,2,1,1,84.2,94.4,11.9,214.2,-23.1,05-02-2025
0x04490dc0f52a97ef2d6ea0c4d9edbcde8c8546cc,-3.9,0,0,-3.9,0,1,1,0,14.9,1,0,0,0,2.2,-2.7,,,05-02-2025
0x51aea51e87a35bdadf9332bad2219fa3058002a4,0,0,0,0,,0,0,,270.2,,,,,0,0,,,05-02-2025
0x3a1ce53babf49aad81d56165328670aadbd411a4,0,0,0,0,,0,0,,0,,,,,0,0,,,05-02-2025
0x6691aa8ed284d64787013c49d03aed6cc35c84e8,0,8.4,8.4,1233.7,100,0,0,8.4,32,1,0,0,0,169.7,13,125.1,14.1,05-02-2025
0x7c9d1dd7be12e03488fd339146ec9d3ca8ac90a5,-9098.6,0,0,219152.2,,0,0,,3.1,,,,,1019.8,-10,7794.7,2.7,05-02-2025
0x0017a7b6b15cd62ac2430901f61cae8113761be7,0,665,-285.4,-285.4,,35,9,,20.3,,,,,711.3,-4.9,,,05-02-2025
0xe63013193ab4c60bf0a65d748cac727548ba7925,0,0,0,0,,0,0,,0,,,,,0,0,,,05-02-2025
0x0e60b87d976ba3fa41e45451110cd4b38d975929,0,-1479.8,-1304.8,-1016.2,,20,19,,0,,,,,603.5,-0.2,1376.3,-3.2,05-02-2025
0xc92ac29bc31f77508191392935cfcc21b8a3dd30,0,0,30.2,-81.6,,0,0,0,0.6,0,0,0,,12.3,-4.2,,,05-02-2025
0x643e3ee08e4cd2607d82deccba87c10530ad8346,1.5,556.5,421.8,511.1,,124,112,,39.5,,,,,248.8,5.2,1135.6,-0.1,05-02-2025
0xea3fd6494eec580232f5f163fe18200a72f60c41,-590.2,0,8237.8,8353.9,,1,0,,861.5,,,,,111.3,234.2,334.2,200.3,05-02-2025
0x23650acba82d74fcfc8fe9d279b7c5e5e014b6a5,0,0,0,99,,0,0,,0,,,,,0,0,,,05-02-2025
0x9033cb842ce81fd7314c01b90fd0c27acda08207,-64.2,81.5,-151.3,418,,1,2,,454,,,,,36.1,2.9,227.2,29.4,05-02-2025
0x77d87f0f496a5e2cce57514c4cd22f105fe42514,-124.5,-10.3,-74.4,-798.9,,4,3,,0,,,,,67.9,3961,184.9,-19.1,05-02-2025
0x5ac252ca816b8752126e31c98f75e2fd01211bba,0,0,0,0,,1,0,,0,,,,,30.9,0,,,05-02-2025
0x118be9dc65bb730573262ca2b833fb3bd14b51cf,0,0,2.7,82,,0,0,,3.9,,,,,7.4,8,19.6,-2.4,05-02-2025
0xe8f4bbf9e311dc6d45117561a5d9c53e152dd164,0,0,0,0,,0,0,,0,,,,,0,0,,,05-02-2025
0xf392a265eb76964ea2cbc131eb5a3f2a3a24c534,0,0,0,0,,0,0,,0,,,,,0,0,,,05-02-2025
0x07cabc41b6bf4f494828a38ae31362fc9eb0adbf,0,54.4,1981.6,1762.4,,1,5,,0,,,,,212.1,-1.6,216.8,0.7,05-02-2025
0xdb9dcb6032460f3e4554e2644953af58b1a863dd,-0.1,0,361.9,3117.2,,0,0,,1.9,,,,,83.4,2.5,74.3,14.9,05-02-2025
0x1ae9361e6e32376e43b6574cddcd43b6ff64fefb,-16.2,-115.5,-441.3,-884.9,,249,241,,0,,,,,0,0,,,05-02-2025
0x46ea245464aba4c2e01d4348b978e1908825559b,11130.5,4386,4386,15516.5,100,178,192,2.4,71.5,0,1,0,177.9,7.9,-3.2,7183.8,232.9,05-02-2025
0x056b96ff5e6046b500cc2be5cd8d950d263f963f,-5529.9,23595.8,57342.4,457030.4,83.6,4947,6909,88.7,184.4,244,0,0,2333.6,34096.6,0.5,108166.9,1.9,05-02-2025
0xf8d438f9cdaa9759edee37e5ed8b8459caaa057c,0,0,0,0,,0,0,,1.7,,,,,0,0,,,05-02-2025
0x539e23c9b2b134ba606a0ec77251a90dd05e8713,-2,-86.6,2093.7,3291.5,,32,31,,4,,,,,41.4,-18.9,479.2,-5.6,05-02-2025
0x74ffc54581b135689b426a8a4d496e6035ef0403,0,-2.1,-2.1,-2.1,,15,15,,104.7,,,,,9.2,-5.6,,,05-02-2025
0xd65c14888341ae9b1a26c6147248cb2601a3ceac,0,2650.4,3964.4,3964.4,,4,2,,25033.2,,,,,0,0,,,05-02-2025
0x953fa3e83b430a20865d4b03365684417fae7738,0,1159.4,1159.4,1159.4,,1,1,,0,,,,,120.9,959.1,,,05-02-2025
0x37990c15e3e477c74a5e79fc9670dce82b7c462e,0,0,1305.6,1305.6,,0,0,,0,,,,,90,9.9,438,60.1,05-02-2025
0x9e5ed4f12f2fadd405ac0a16975e5eb7a651ff87,0,0,-2369.9,169189.5,,0,0,,22.5,,,,,200.8,-0.6,3346.9,14.6,05-02-2025
0x54c974a6054d754c9d376f2914959c675c545f87,0,5.6,5.6,5.6,,3,0,,0,,,,,2.5,6.2,,,05-02-2025
0xa95bc623177a621a312b2cf56aff2523d5022d6a,0,0,0,219531.8,,0,0,,0,,,,,275,1247.3,,,05-02-2025
0x18883ecba937d23575f2b3ba55a5d9702fbaef5e,0,0,352.2,352.2,,0,0,,0,,,,,149.5,29.5,6,-56.9,05-02-2025
0x7e8fbbdef68a2a965646fb95847fd8773cd2afc5,-79.7,-825.1,-3036.6,-12064.9,,45,46,,147.8,,,,,79.2,-0.1,3808,-3.8,05-02-2025
0xa269961e60439822a1dc19eeaf2a729a012a3df9,0,6.1,6.1,6.1,,3,4,,0,,,,,0,0,,,05-02-2025
0xe9087b6141d59233166f04c2c5685780999e2e27,0,0,0,0,,0,0,,0,,,,,0,0,,,05-02-2025
0xe5bdcd2fb5bb2256395bedb0677ea3a2b36474dd,-92.5,0,0,-92.5,,17,0,,0.4,,,,,84,-91.7,71,0,05-02-2025
0x6e9210a7ddb830b3e64255653b8b2e845380be44,-10.2,-356691,-306202.5,31756,74.7,4071,4064,-713.4,54,421,1,3,99.7,57.8,3.9,1518.2,129.6,05-02-2025
0xe7a6681c5fa81b4289f1d28874115a9455583d64,-98.8,-38.4,-440,-538.8,29.4,187,141,-0.5,29.1,30,0,0,30.3,16.6,-11.7,64.7,-34.4,05-02-2025
0xe1408064e4b4370537d69bf20a7a0af889418e2a,0,0,0,0,,0,0,,0,,,,,0,0,,,05-02-2025
0x49bd0110f606f081ac4051e278b3f5b860e2b733,0,-17.5,9500.8,66568.7,44.4,9,15,-1.9,1098.5,4,0,0,35.4,460.3,7,454,-34.6,05-02-2025
0x7dd2ebe0ddd29c5e4ca25ee294a797758e69cbe1,0,0,0,0,100,3,4,0,0,1,0,0,,,,,,05-02-2025
0x4acbe5fad172caa4c6c4ea4ca42b38a81b5fce35,0,0,0,0,,1,0,,0,,,,,0,0,,,05-02-2025
0x15eb585735334db4b0b75919e5990e6391863b39,2712.1,4235.2,4235.2,9270.3,0,8,1,1411.7,90.5,3,0,0,103.2,0,0,,,05-02-2025
0x45992f7dd5848f2bd444729cafe3abc875868a57,-2663.4,-362.2,-2863.1,31795.8,23.5,30,22,-21.3,1097.2,6,1,0,128.7,959.4,2.6,2641.1,-4.5,05-02-2025
0x912854480bfeb8c780e058747509b7dbc58f19a5,0,0,0,51336,,0,0,,0,,,,,3,68448.1,,,05-02-2025
0xf7d48244cc135bd4073d40b384bce19e26bb6863,0.7,115.6,114,114.7,100,8,6,57.8,7,1,0,0,,0,0,,,05-02-2025
0x02aebff63dcc17931aefb3512e845610196d15ec,0,-481.7,-31.7,-31.7,16.7,34,31,0,273.8,4,0,0,8.8,402.7,-14.2,825.9,-2.7,05-02-2025
0x415450ff173d94fcbddd4614f9fa996cb4a88a6d,91.2,2279,2279,2370.2,100,196,194,1.3,36.8,1,0,0,177.9,0.1,0.5,,,05-02-2025
0xf77d97e0397670415a00584857e002e148e0b5ce,-1.4,699.6,625.2,623.7,,30,24,,354.1,,,,,73.1,-2,394.9,24.7,05-02-2025
0x15203dbf5ec7db2cf3597ad32e0d98c0cac68229,0,4.3,1157.2,920.8,100,1,1,0,83.5,1,0,0,156.3,238,-9.9,787.3,-1.2,05-02-2025
0x307cca434b8d8b1a918f080083add50d8be4092c,0,43.1,43.1,43.1,,56,40,,560.7,,,,,705.7,-8.3,1195,0.5,05-02-2025
0x8ca37a8e03352c865f17bf8a8386e80537296e3e,0,0,0,0,,0,0,,8.7,,,,,0,0,,,05-02-2025
0x7a5a94328b43f4cb6b41513b9cd6d94aef19d14b,-119.9,0,0,9323.6,,0,1,,0.1,,,,,368.2,-35.4,236.4,8.1,05-02-2025
0x9c798bb3959b92a930c6c87769967f916dc5c8dd,0,-338.8,-810.5,-5236.4,,7,2,,46.8,,,,,409.6,-1.8,469.4,0.1,05-02-2025
0x1aabc335f65b5e1cc7f884fc2c24320f3757ba95,0,1331.9,1331.9,1331.9,,0,2,,0,,,,,142.5,19,,,05-02-2025
0xe986db68dc9046afea63eb5d7434b8bcaab25f75,0,0,0.9,0.9,,0,0,0,0,0,0,0,,,,,,05-02-2025
0x608790c890f20c5190310f4ac1bc41d052a90dad,0,0,0,0,,0,0,,60.3,,,,,0,0,,,05-02-2025
0x2869976db4c91192ab88a3362917adcdf8285166,0,1874.5,1874.5,1874.5,,10,0,,0,,,,,0,0,,,05-02-2025
0x0079aa0fa8511bccf13c1843e4d62e19ad50ca17,0,0,0,0,,5,0,,0,,,,,107.3,0,628.5,0,05-02-2025
0xbc648e7afa7d74e27ab794fac4d1eb3e2ab1ed72,0,80.3,80.3,80.3,,1,0,,0,,,,,2.2,407.5,,,05-02-2025
0xd0501b22d6042a74f32b1a72005f2ba56e041f46,-143.2,582.8,20351.1,64161.6,18.2,14,23,53,3588.4,2,0,0,1.5,842.9,51.5,356.2,51.4,05-02-2025
0xe72b0ac73fb092d2a4a349a6865913d21896fae4,0,105.1,256.1,200.1,50,6,5,0,454.7,2,0,0,1.3,276.1,3,479.8,-6.9,05-02-2025
0xd67693e88ae3eba5228c378563d5f67a046d778b,0,946,451.2,311.8,21.2,293,263,4.4,344,45,1,1,0.3,197.4,-2.3,,,05-02-2025
0x52bff5b13c616cdf3c17375b85c42d4ac96b4401,0,0,0,0,,1,0,,0,,,,,0,0,8.6,0,05-02-2025
0x04f5ecddd235f86ab0c595faeb04fe93717d879f,0,748.7,3356.6,6903.5,,66,40,,7,,,,,468.9,16,751.5,-8.9,05-02-2025
0xeb175a564d87417dbed0a01f67661a032a1991ed,0,0,0,0,,0,0,,0,,,,,0,0,,,05-02-2025
0xd955fac299feb8f17b87188ccf0dc818bbc58457,0,232.9,6090.4,19916.2,83.3,7,7,38.8,1212.7,5,0,0,0.2,767.2,18.2,889.1,14.4,05-02-2025
0x000000000a0e66cfbd1ad845966d5536b78f5637,0,77.4,-3100.7,-11084,69.5,13837,12189,0.2,41.3,312,3,3,95.4,17438.3,-6,150,-12.6,05-02-2025
0x4325153600c23ba54907222243be7ed1faf21ef6,0,0,645.8,1122.7,,0,0,,2,,,,,184.7,8.3,,,05-02-2025
0xc73f7e26b796d69dc44ed647c7984cc7ff0a9c99,407.1,1066.4,1066.4,1473.5,50,5,4,0.2,8.2,3,0,0,68.2,0,0,,,05-02-2025
0x0db7949a1679ca2ece63cf8c9415116d25169530,0,88.3,-28.6,5253.7,69.9,5307,4609,0.2,12.2,338,4,5,152.5,3902.9,1.7,1179.3,0.9,05-02-2025
0xf2288eae4e1fb9d2f3c49522fa5f9dd79e705618,0,-153,-153,-153,,49,0,,5.1,,,,,8.6,-0.7,,,05-02-2025
0xb014b73222c0fc196d263735039c1f68583366b5,574.2,-719.6,-719.6,-3557.8,26.1,162,77,0,838,6,0,0,4.2,679.7,-14.9,1400,8.5,05-02-2025
0x22f88f73f4bf5500d938f10b92666c443b99e480,0,13.9,13.9,13.9,,4,0,,0,,,,,15.6,0.8,45.5,10.5,05-02-2025
0xe68364b6ab05114931dc40e2e7f48fadf22ffaba,0,0,0,0,,0,0,,0,,,,,0,0,,,05-02-2025
0x7c64af8940ad635133accda120404145a3a4e014,0,2.4,2.4,2.4,100,4,6,0,0,1,0,0,,,,,,05-02-2025
0x57c98bc732f0e9ed7156d21f74c17bee4bb0cbf4,21.5,767.1,6836.5,6573.1,27.3,43,77,17.4,1945.9,8,3,1,0.7,105.7,29.2,120.5,-54.5,05-02-2025
0x48b4a43c46eccae16f38e9a704f08c4f96269929,163.4,-72.3,-1649.4,-1071.6,0,10,3,0,19.1,0,1,0,11.8,146.5,-34.9,887.2,-25.3,05-02-2025
0x34a40815d769254dc988b3d321e233ed3ec3c0b7,0,0,0,0,,1,0,,0,,,,,0,0,,,05-02-2025
0x46966216b9319faf338e7c91a02ace5d9bc63123,0,-153.2,-153.2,-153.2,,5,0,,255.2,,,,,5.9,-0.2,,,05-02-2025
0x87652f728f1c28ce9f8bbe530ea89efbeec9f6bf,1473.2,353.9,365.7,5204.7,,75,45,,10.3,,,,,161.5,-3.5,684.1,11.2,05-02-2025
0x48748c6c42157f4663d4d3ed29e91f9192ea5f4f,-882,251.3,-177,-1028.5,,16,5,,10.2,,,,,265.5,-17.8,139.8,-24.2,05-02-2025
0xc50a0b55b216b67249afc482d02e538bbf6ab1ab,-136.3,0,0,-57.3,,0,0,0,0,0,0,0,,0,0,,,05-02-2025
0xf68381c7a641457dbea86bf0ec84035d8866d2e5,0,0,0,0,,1,0,,0,,,,,12.1,0,165.7,-0.5,05-02-2025
0xff42a927cf14c87904c9c5951d19d92c6f22d331,0,0,0,0,,0,0,,3,,,,,0,0,,,05-02-2025
0x567f68ba8bcfde122b8c7d0e9c2a8622cd314ae3,0,-84.1,-84.1,-84.1,,19,16,,1.1,,,,,191.8,-22.5,550.2,28.5,05-02-2025
0x0a1b75524bd99636e7fd7116513442f1049474b8,0,160.7,-178.7,-178.7,,3,2,,435.2,,,,,260.6,8.5,,,05-02-2025
0x3dffe8a63010138cb3ab8595938e36a51ef48571,25.1,0,0,22.2,,0,0,,19.6,,,,,0,0,,,05-02-2025
0xf4780829c199cfbce01dcaecfad29979751dcec2,-280.4,-437.6,-437.6,-1329.2,,4,2,,209.6,,,,,464.6,-5.3,173.7,-42.8,05-02-2025
0xbf7706fdcb96f94ea22773a07a711ad2c0e52085,3788.3,0,0,3788.3,,0,0,,84.2,,,,,51,1858.4,,,05-02-2025
0x48a180f2875f5b53c272e4199bbd50e656888888,-14.3,6.5,-360.3,-711.1,,2,4,,788.7,,,,,55.7,3.9,79.8,-6.7,05-02-2025
0xba2d2be24438a3998ba868aebdad6b09af3a4519,0,0,0,0,,0,0,,0,,,,,0,0,,,05-02-2025
0x4296eb232de6ac83c9d70a771beba28ba6264840,0,1779.5,1909.3,1909.3,,28,3,,84,,,,,0,0,,,05-02-2025
0x19100bde96176914fe333bd862bc528c24fae202,0,0,0,0,,0,0,,1.5,,,,,0,0,,,05-02-2025
0xb16ad1a21185823c780d0a69b777dbdcb9ab87d1,0,0,0,0,,0,0,,36.4,0,0,0,,0,0,,,05-02-2025
0xe883d9780adf3efcf6042f0fbe39dc9fde22c57b,-1.8,0,260.2,258.4,,0,0,,78.4,,,,,97,67.9,,,05-02-2025
0xe4e9d560de7006e9f09545bba5e821eba8d2b4f1,0,53.3,53.3,53.3,,2,0,,5.9,,,,,0,0,,,05-02-2025
0x02e2e074a1cc5cfdfa8fe6383f7240f818f5a621,-1.6,0,-688.4,-690,,13,0,,10.2,,,,,284.5,-10.3,,,05-02-2025
0xf9b6cc968395099e5f2b2ea4a4be6da7a99f5038,0,0,0,0,,0,0,,0,,,,,0,0,,,05-02-2025
0x756ac5a25e4bf5c8db864079084d34d59867ca52,0,0,0,0,,11,0,,42.5,,,,,0,0,,,05-02-2025
0x60f6801438749c340c7d7a7486193a0260df987f,-81552.7,124.1,-9782.1,-65860.8,55.6,32,24,10.3,2402.2,9,0,0,222.3,4657.7,-28.4,1247.8,-72.9,05-02-2025
0x767aa6e8af8d4b29ca683072ddc9579378d764c4,-21.6,-2.9,-2.9,-24.5,,5,2,,0,,,,,6.5,-66.2,29,-2.4,05-02-2025
0xa62fe372e0490a9c4f3ca7130da360a78dba8d43,2.7,2906,4324.4,85501.3,66.7,6,8,968.7,12750.6,2,0,0,0,849.2,9.5,1654.8,12.8,05-02-2025
0xc41f27a0d1e4a0f6cc2836269c80e81d993c144d,24.9,-1308.6,-3448,-2682,0,209,243,-1308.6,30.3,0,0,0,3454.9,0,0,,,05-02-2025
0x63fbf70f33e10060965d3c043460b3e6eb9aaaea,-11.9,-5378,-5333.2,-5345,,17,14,,22.2,,,,,480.2,-5.2,,,05-02-2025
0x670431f10aa1c0b9a70836ec63c1d9bedcb02e1d,37.4,2161.8,21612.7,21609.8,,127,85,,9.4,,,,,138.3,-0.7,2962.9,3.5,05-02-2025
0xe2c240138b4b6089030ea38645d6221d38c5ee60,0,0,1808.5,1808.5,,0,0,,0,,,,,1740.9,4.6,,,05-02-2025
0xc4ec3a4ffba17aa5d5110f43412f863937163c38,-333.7,-95.2,393.6,-905.6,40.8,80,79,0,1.7,20,0,0,48.3,29.9,-11.6,35.2,-38.6,05-02-2025
0x7058d29fbe1bbdd20de8add80d41e3695dc01611,-10.9,0,-2221.5,-5740,,0,0,,58,,,,,166.5,-11,272,12.1,05-02-2025
0xba7ce679d0cb6cfce12d919baf22cbbeb82e799c,0,1211.5,9369.1,10683.8,50,26,34,0.1,4133.5,5,1,0,0.1,366.3,19.6,990.1,37.8,05-02-2025
0xb6f7132de3c8c0e83583b491c95f2c7a4d84b314,0,4360.9,4360.9,4360.9,,3,5,,0,,,,,0,0,,,05-02-2025
0xd581b222f58ffe982ed81d82938ee29556be1ad0,-94.9,1003,1003,908.1,100,3,2,1003,873.3,1,0,0,3.3,889,25.5,,,05-02-2025
0x212a294b65412b7c2688a72f1d73fa4409e8b20e,-326,24787.7,24787.7,24461.7,100,931,1099,13.4,1508.4,1,0,0,181.8,0,0,,,05-02-2025
0x368a51a5bc2edea08946e504d6943056d1fc110d,-14.7,0,0,131.5,,0,0,0,0,0,0,0,,26.2,8.2,33.7,-17.6,05-02-2025
0xb6d476a6727701684d1d70ffc4138b935d43c309,0,0,0.1,0.1,,0,0,0,0,0,0,0,,0,0,,,05-02-2025
0xf2e510c9a6a00129a23f529fc6df5df4b34fb819,0,0,0,0,,1,0,,110.3,,,,,0,0,,,05-02-2025
0x3dbe2c4b276f95bdade879cb9894a4b728fc35e2,-3462.5,0,-27319.5,-63655.4,0,3,2,0,3066.1,1,0,0,12.5,254.2,-40.4,3403.6,-44.3,05-02-2025
0x63b2cbc7c695793455a679f4b2900eaea2690bbc,-5749.5,0,0,1259325.4,,0,0,,192.8,,,,,1853.4,12.2,5812.6,-82,05-02-2025
0x3abdb3c5982bec081186e97325d9e4702ed8f4b1,0,-200.3,399.4,276.7,,31,49,,6.6,,,,,148.3,-12.1,775,-9.6,05-02-2025
0x07b8bfd973e707048879ffa080b746b247c3e7e4,0,-448.5,59,59,,54,50,,504.8,,,,,41.1,15.1,163.7,-20.8,05-02-2025
0xfe9236b0619fbfe2b1f875e2d7fe0046a9d1fed8,0,0,0,0,,0,0,,0,,,,,0,0,,,05-02-2025
0x31c79643b8bda93bb681fb2a3b108f715dd5c68c,0,0,0,1955.4,,0,0,,0,,,,,84.8,-0.8,822,668.5,05-02-2025
0x6a343476e7c451f21842d1e5c0a120d116b13b47,0,33.9,33.9,33.9,,2,0,,7.6,,,,,7.5,6.3,5,-1.9,05-02-2025
0x45c237f1f2f343fe7e4b2f1682d83342721b1899,-1307.8,0,221.4,-102.1,,0,0,,2,,,,,29.3,-22.7,57.8,-13.1,05-02-2025
0x877c9081fda19aaffa4bc16a53b2688db1b0d8be,-20.3,-113.7,-486.6,-812,,261,278,,0,,,,,143.4,0,,,05-02-2025
0xa12614b51c134f6e9ad022514b46fda8d61576d0,0,0,0,0,,0,0,,0,,,,,,,,,05-02-2025
0xa81c7aeebb7166addfbf2c540559e0bf1737c336,0,0.2,-65.9,-69.5,100,1,1,0.2,94.2,1,0,0,26.9,0.8,0,,,05-02-2025
0x669332ae889c4e5d469f3006191f71a58ae11405,390.6,-6123.6,-6123.6,-5732.9,20,42,7,-1224.7,30.9,0,1,0,31.2,201.2,-1.3,5254,-40.3,05-02-2025
0x85be847e4c79dc0ed0f6acb39e38eb18d417f1de,0,134.6,-179.1,36.6,,38,22,,61.5,,,,,122.1,-5.9,280,-1.2,05-02-2025
0x1a26eeb6aeb2449ebb9c2c7b4cc53289b35f0c3b,-43.4,644.4,2091,-981.6,,12,6,,7.7,,,,,708.7,-3.7,841.8,-1.8,05-02-2025
0x76da8474bdc0a03e785677f9f87bfe4ce53fce87,0,0,0,0,,0,0,,0,,,,,10.5,12.1,,,05-02-2025
0x95473fd575f77c58b6e2ea9d609def5860375834,-16000.5,-949.6,-14622.7,57879.7,,2,1,,16.4,,,,,4440.7,-1.4,665.8,-81.6,05-02-2025
0xc5176009b6665a358f2995abe69ffd21956626d5,0,3212.8,3212.8,3212.8,,1,0,,0,,,,,0,0,,,05-02-2025
0xd436d71eaf45ae2a2d88119a39a8c19ce3579a39,0,-484.7,-484.7,-484.7,,4,0,,4034.4,,,,,,,,,05-02-2025
0x5b2bcad1e7d0330305db399722a05c0dcb7e4275,0,317,317,317,,0,0,,0.5,,,,,174.2,-1.8,,,05-02-2025
0x2dfb3986ed95f6198564560cfb2a94af2cff4af8,0,2.3,2.3,2.3,,1,0,,0,,,,,15.1,23.4,6.2,-99.4,05-02-2025
0x09b7231f8832f427361e10646e070aca1c66c6f3,1200.4,0,0,1200.4,,8,0,,106,,,,,0,0,,,05-02-2025
0x402b58a51da3b4f2e94d611c39c612ed6ac9ed0d,1740.1,688,-212.9,10474,40,0,0,137.6,136.1,1,0,1,224.8,306.8,10.1,255.3,-48.4,05-02-2025
0xfff5a707038cbcdbb4b984060d893a3d96cb0f5b,0,21410.3,27645.3,27645.3,,19,17,,0,,,,,6.6,-0.1,,,05-02-2025
0xba2fae3f7ca40c0e2d87e83bc70d9656ebf01bf8,0,0,674.7,4407.9,,0,0,,0,,,,,152.2,-11.3,393.6,-1.4,05-02-2025
0xa47ae2bd64d4daeef97f0e1f939f15557f88c6c3,-136.8,636.4,3511.3,8669.9,80,319,295,15.5,867,34,1,0,73.7,271.7,13.7,3409.4,2.8,05-02-2025
0x1bab3523abfa764ee6bc3266743a929bebede088,171.1,2963.3,3555.8,3726.9,,10,8,,2883.5,,,,,168.1,0.6,1341.1,166.2,05-02-2025
0xe399274a1e32a9be3c1619d8a226a14294f6a9b4,7241.8,0,0,7241.8,,1,0,,7.7,,,,,154.7,560.6,,,05-02-2025
0xe9a660f277370b339cf137fe9ce6f21fe540e400,-14.7,0,0,-14.7,,17,0,,0.4,,,,,60.1,-62.5,86.3,-75,05-02-2025
0x10064649cdbd32b2ebcdd2fc20fb66578e2e7457,0,0,0,0,,0,0,,0,,,,,0,0,,,05-02-2025
0xed999a9c726834928c43b9353e6cd4b3ca9d87bd,0,0,0,0,,0,0,,0,,,,,0,0,,,05-02-2025
0x7b9f05173baa35d8cddc0138e828c5a369b4f89a,0,-26.6,488.4,488.4,20,8,10,0,10.2,1,0,0,40.1,71.4,16.4,201.9,-0.5,05-02-2025
0xa893f8b47ba9f9ee54b5a82f1dc1de489b619179,0,-255.5,-423.2,2631.5,25,15,12,-31.9,523.7,2,0,0,0.4,265.1,-2.6,380.9,-23.1,05-02-2025
0x40173ae643acaf56d9ef9fe476ea5e6ee612b7b3,-575.7,381,810.8,366.6,40,6,4,63.5,4.4,4,0,0,142.7,123.9,0.6,1803.5,-32.4,05-02-2025
0x04a3a5e85212095175e276506885f28cb9c8ad48,-1075.4,75.6,-3032.6,13443.3,25,3,4,18.9,9336.5,1,0,0,0.2,209.5,-32.1,488.8,-28.8,05-02-2025
0x013e8258ef0186e9f7359f0e600e05dab31f2c26,0,-36.8,-36.8,-36.8,,19,0,,0.2,,,,,6.9,33,2.1,-29.8,05-02-2025
0x87d57b750ad054572b84175b2e5cf0e043e0715b,0,5.4,5.4,5.4,,1,0,,9.6,,,,,2.9,20.9,,,05-02-2025
0x230ba85dac7e0c05013f218c750129835fe1c902,-14.2,30.6,-19.7,-34,,5,7,,109,,,,,15.6,0.3,17.2,-49.1,05-02-2025
0x221345776f1b48875ef4d1950ad86eb7203e2acb,0,0,-617.3,-617.3,,12,0,,10.6,,,,,224,-13.6,,,05-02-2025
0x8b0fc2551cd213573d42df706e6dc200f8211364,0,0,6.4,6.4,,0,0,,0,,,,,0,0,,,05-02-2025
0x7197a7bee52043bf7e8d38086d7cfc49591bcd94,0,0,0,307.3,,0,0,,182.2,,,,,12.6,3,72.9,-31.3,05-02-2025
0xa53246782f9fc350913b2c9985acd0aa9991b631,19207.2,2614.7,2614.7,21821.9,100,5,5,2614.7,87,0,0,0,148.6,0,0,,,05-02-2025
0x2883204d298bcaaeca9b8d711036baddb9060103,0,0,0,0,,1,0,,0,,,,,7,6.2,,,05-02-2025
0x6a214715909673cf09d64b5162ab9fb34c784446,0,0,-821.2,-821.2,,11,0,,10.1,,,,,273.8,-8.7,,,05-02-2025
0x4e60ba92b14a385c998fc0c088ba6ff02373f9c1,-317.8,4796.3,32986.8,101748.7,46.2,50,39,368.9,6643.6,7,0,0,4.7,778.2,180.1,4896.3,22.6,05-02-2025
0x361f54a7df3eb30f2db9a8514d998a4ee9fa1f67,0,-66.7,-66.7,-66.7,,1,0,,207,,,,,39.3,15.8,60.5,-24.7,05-02-2025
0xf2b3b13d80bf4a598417f3e58605f3018c171679,0,0,0,0,,0,0,,0,,,,,0,0,,,05-02-2025
0x5199c2f1329e3c2f5bd1d95e11f03519dd281954,0,0,0,0,,1,0,,101.5,,,,,0,0,,,05-02-2025
0xd8152d1c5acfd431870d44b045e71f8e7b78b36d,0,0,0,0,,0,0,,25.9,,,,,0,0,,,05-02-2025
0xeb2017819b7612aa3364e2719a5919150339b8ff,0,0,0,0,,0,0,,0,,,,,0,0,,,05-02-2025
0x3106333570671f58e0d8c6119c38eb33fff77075,-0.5,0,0,887.4,,1,0,,22,,,,,52.5,-2.7,656.1,6,05-02-2025
0x337a31e3624acd8d3cddd4e1c219d09bf0f98651,0,0,0,0,,1,0,,0,,,,,,,,,05-02-2025
0xd98696e9eb332a1cf13aeb9bc9d754b4b436752f,0,0,0,0,,0,0,,0,,,,,0,0,,,05-02-2025
0x0000c43cfc8e6aac30c552badce0d85154522ca5,0,2.5,2.5,2.5,,52,0,,0,,,,,0,0,,,05-02-2025
0x7879648ea2678a697cfd1a2cca60f2a797874d90,0,108.2,13.4,1033.1,,3,4,,727.8,,,,,134.8,2.7,92.2,-26.8,05-02-2025
0x36fa30c1a4da04067ca06e59823e209e59bfc537,803.2,-767.7,-879.3,-134.1,22.5,70,59,0,107.6,7,1,0,11.5,122,-8.9,131.8,-36.9,05-02-2025
0xe0350c57c2ba6ef8731e41e06f528e6661355b6b,0,0,-0.1,-0.1,,0,0,,3.6,,,,,0,0,,,05-02-2025
0x1baa01b581954d1c853ab6dbf0f1a6fe05064233,0,0,0,993.2,,0,0,,2.4,,,,,0,0,,,05-02-2025
0x36ced4d68c2746250ac6005d74b73e0f4a7e5765,-237.4,237.9,910.4,6397.9,33.3,1,2,79.3,2627.6,0,1,0,0.3,173.1,10.5,119.8,44.7,05-02-2025
0x2381bd7424cf5f5cd6520f5dd13b60af3aefb1c3,-366.7,12.7,33.8,7480.3,,4,3,,7.9,,,,,110.7,-7.6,346.4,3,05-02-2025
0xf56ae17ec87f6893963e0f6670d70867af1de000,0,0,0,0,,0,0,,0,,,,,0,0,,,05-02-2025
0x9953dc1f8298d28f6b014e27b830464323dc1386,-1611.9,2425,1011.4,813.4,,16,6,,53.9,,,,,290.8,-1.2,1027.2,-31.6,05-02-2025
0xa9435aa54c3103dfea76a1b0e904243847c1b62f,0,159.5,842.7,651.2,,1,4,,10.6,,,,,143.5,-4.3,6621.4,-12.2,05-02-2025
0xde5806f3cb121e2e2a33c6c677be68026a879d90,0,0,0,0,,0,0,,0,,,,,0,0,,,05-02-2025
0xd31b66ef5e3b01e34f7ba4b01f81a1ba4421745a,-44.8,115.1,4517,5325.2,50,103,152,1.6,275.4,36,0,0,2.4,177.8,11.3,294.4,-2.8,05-02-2025
0xea8a90e0bba1fe4376d572660f335d08826992f8,0,0,147.2,3080.2,,0,0,,24.3,0,0,0,,146.8,-0.8,609,40.8,05-02-2025
0xc1f5a1fe8a6279b4ebdc9a75f5ae31ffa667d06f,4.3,0,-61.2,-121.7,,0,0,,1.7,,,,,0,0,,,05-02-2025
0x8793ec7bea90e55702676bd29b54e453ff35b6f9,0,9.6,2294.6,10406.7,,18,17,,343.2,,,,,149.3,9.5,45.5,75.3,05-02-2025
0x730226600c72648c2fc03ab0e37465e6e1a63a6b,0,7260.8,7260.8,7260.8,31,345,372,0.1,355.1,31,1,0,38.8,751.6,2.7,3303.8,5.5,05-02-2025
0x2ad19e3c9d201dbfb2120865da482d88f5f46c57,44.8,0,91.6,263.4,,0,0,,58.8,,,,,151.7,44,,,05-02-2025
0x2b5247c0381e2173683a0eddcf8c129d1346323e,-220.4,1407.1,11069.4,21106.7,100,5,8,234.5,2306.6,5,1,0,4.9,462.8,63.6,,,05-02-2025
0x9fce77ce2aab1b00ff66bc1955dc8dd7ced936a5,-77.4,-15.7,-76.8,2892.6,,2,2,,125,,,,,43,-12.8,320.9,-9.7,05-02-2025
0x14e5c9212c46cea2b7451740ebdb0182c582fc2e,0,-138.5,822.4,46588.9,66.2,2083,1832,-0.6,317.8,160,7,1,244.5,1902.4,-35.4,140.6,24.2,05-02-2025
0xd8279464e910deee9bb93562f621d0bb4bbe8bc1,147.7,472.4,458.8,39919.2,37.5,51,19,52.5,6.8,3,1,0,40.7,477.2,3843.4,874.1,-17.5,05-02-2025
0x459de958d83da48186d764a37083c0b5e4db96db,-8.8,12.9,7.6,-76.8,42.9,16,26,0.6,12.5,6,1,1,17.2,4.6,1.8,4.1,-47.2,05-02-2025
0xff58f88ba109fac52f5ebc83f722e7f83b1122e8,0,3385.3,-17862.8,-10571.7,48.8,210,128,94,2429.7,28,1,1,281.2,77.3,261.7,2.4,0,05-02-2025
0xbefbe6ded13c936747f74bf55ca0ff9a63ce4fa3,0,0,0,0,,0,0,,0,,,,,0,0,,,05-02-2025
0x76b3689325ed6cb7015e8ad2f23851829fd5753b,-28.6,428.4,1835.2,1806.1,,38,38,,2184.5,,,,,48.1,139.1,59.9,-76.8,05-02-2025
0x41d34d02fdea47e51b097767e5a35ba560010972,0,0,0,0,,1,0,,1568,0,0,0,,1496.6,0,,,05-02-2025
0x0c7510c7e6242538336d182a7b1003c9a45da351,0,0.9,0.9,0.9,100,3,1,0.4,9.2,1,1,0,0,4.8,302.2,,,05-02-2025
0xc6abccd44ce8061924831715af236acaad8f0008,313.3,417.3,667.1,-716.9,75,13,13,59.6,6,3,0,0,661.1,372.4,-1.1,934.1,-43.6,05-02-2025
0xc92ca363af8f30d0b49b17b10be69ec5e8431072,0,0,0,0,0,0,4,0,0,1,0,0,,0,0,,,05-02-2025
0x5233a317aaf5433fd1d1dae1d840e2a32dfba542,-89.5,0,0,-89.5,,26,0,,0.4,,,,,82.5,-89.7,70.4,0,05-02-2025
0x4638abd37907cc440aca8d47c4d2bc1b9bc6a578,-7422.9,-192.2,-1479.3,71.7,,11,7,,12.8,,,,,29.3,6.7,5779.1,-70,05-02-2025
0x173f98926b8a5fdba74c03fa80d66a2843e7cfce,-0.5,0,-1.6,-71.5,,0,0,,0,,,,,2.6,-0.4,28.1,-99.8,05-02-2025
0xfa74be94265648fd1d7c4b1617ab5a17d0eead17,0,-323.5,-323.5,-323.5,,73,0,,67.3,,,,,0,0,,,05-02-2025
0x9925d8054db7c1f5f5a9dc2d70e416010904be92,0,-0.1,-0.1,-0.1,,1,0,,39975.9,,,,,0,0,,,05-02-2025
0x718a0107fd19c6f582cbf6fff79f8b951487f75e,43820.6,4831.2,4831.2,48651.8,100,194,186,2.7,138.4,0,0,1,177.9,0.2,-5.5,8269.1,612.2,05-02-2025
0x31cd5650dd443888549bfe1a1f659f13f15dc9d0,0,834.1,834.1,834.1,,11,0,,13.8,,,,,0,0,,,05-02-2025
0x1d62d97d437ed18788793156c18f2c465082811a,0,0,1891.6,2375.7,,0,0,,2.8,,,,,1939,15.8,,,05-02-2025
0x1bc8e7c110bc8dcc10074ee40be5f046783df62c,0,0,0,0,,1,0,,0,,,,,0,0,,,05-02-2025
0x04b220c606688339f1437a2f6672ba1a116d79d4,0,0,0,9.7,40,5,15,0,5.5,3,0,0,35.1,0.1,23.5,0.1,0,05-02-2025
0xee18520b2be26a00bd8199db1e20a893bb1caa0f,0,0,0,-16237.8,,0,0,,0.2,,,,,0,0,,,05-02-2025
0xe4eb4836ed866a54e365b0747d8ea2c39ffc3453,-6887,-108.8,-1677.4,222499.4,,2,1,,2046.4,,,,,170.6,-0.5,414.7,-54,05-02-2025
0x902ee8c4c91a5a0f7d1fa5e2ef6df9449899ee50,0,279.9,279.9,279.9,,18,0,,0,,,,,20.2,-4.4,57.9,-36.7,05-02-2025
0x8d38d76e308f5f52fcd35847607f2646f74147e6,-626.2,0,0,-626.2,,2,0,,1.4,,,,,0,0,,,05-02-2025
0x11be730c2a2cc61e6c8e631e34f74b0ed6807e7b,-4.9,-563.6,-1442.1,-1447.1,,27,16,,431,,,,,142.1,-17.8,638.5,-10.9,05-02-2025
0x4376fd74d8c2e63eb4ff2c4ea9a745e1b99712ad,0,460.8,-53.9,-53.9,,33,19,,20.8,,,,,533.8,-3.7,,,05-02-2025
0x4bc2b64a0dccf7b552fa3742e46d295fdc718a7c,0,-2255.2,-2904.1,-2904.1,,17,4,,9.6,,,,,142.2,-4.8,2394.5,-89.5,05-02-2025
0xf8484d4297c62a46b37b51e9d912c5ff81d53c17,572.2,0,0,572.2,,9,0,,181.3,,,,,,,1031.5,55.5,05-02-2025
0x101135a3d6e1f20719ae6431968105462f0d2de8,0,0,0.1,0,,0,0,0,0,0,0,0,,,,,,05-02-2025
0x97251101a714e36dcd4dafd8f8eeaaf7fe0c9bb0,0,6160.8,1269.2,126113.9,71.4,160,126,88,36427.2,49,5,10,216.2,81.8,6971,,,05-02-2025
0xd178359d6ed92d47f0e46959f6810d39459f03d6,0,1066.1,1066.1,1066.1,,2,1,,75.5,,,,,0,0,,,05-02-2025
0x85acf0d95f50eea16160301dc6bf04e53af1c9f9,0,519.6,468.2,468.2,100,8,13,0.1,117.9,2,0,0,43.9,104.5,2.5,111.4,9.4,05-02-2025
0x4c33c995973516f79affc3b6c14d5a8a68030c1c,0,-72.7,-172.1,-685.1,,4924,1,,120.6,,,,,83880.4,0,42168.1,0,05-02-2025
0x481aa66d1da46aaaa2d980bda6ae7d110f405179,0,2985.6,2985.6,2985.6,,8,0,,27.6,,,,,0,0,,,05-02-2025
0xbc85a0ea0c39b24e37ddcda242bb6e5b73809225,0,194.7,16.3,682.1,0,2,1,194.7,609.9,0,0,0,0,95.2,2.8,1086.4,2,05-02-2025
0x2577203d5bfbacba8469c61f508a90fb626e03a5,3,-0.3,-410.7,-915.4,45.2,47,35,0,89.8,15,0,0,7.8,62.6,-18.2,35.4,-49.4,05-02-2025
0xdbfd6bd4b258f7c531e3ffd78b16ca9b8a7b9a59,0,0,0,0,,0,0,,0,,,,,0,0,,,05-02-2025
0xfc2b201c1d4138524e0c2e160d79126b0b8fe09f,0,0,0,0,,0,0,,0,,,,,0,0,,,05-02-2025
0x06833accc167d7d27508832d1538916b075188a8,-4902.2,140.5,2442.2,-5762.5,,1,1,,3073.2,,,,,454.7,-12.6,1311.3,-17.9,05-02-2025
0xe5f472b64803c420e949d04188f092ddee7885a8,0,72.5,72.5,72.5,,19,0,,254.2,,,,,703.2,-0.4,107.5,67.6,05-02-2025
0xe2b366671175ee5c2ef850b2b97c0ad3376637f5,0,94.7,1080.8,1692.9,100,2,2,0,217.5,2,0,0,0.1,171.4,18.5,182.2,10,05-02-2025
0x3bc405dae6f573b608f99d78ca78f066bd3b1060,-112.4,0,-261.4,8315.9,,0,0,,1.3,,,,,2452,-22.6,3834.6,-9.7,05-02-2025
0x52253c54a3d56097366fb5d49532704deb2b5391,2312.2,230.2,1590.3,822.9,50,16,24,46,74.7,4,0,0,148.3,81.3,-1.6,737.8,-50.4,05-02-2025
0xff504c3247110bcc7868d3cc54bd91f382070a80,0,38.8,-18.5,-18.5,,23,9,,77.7,,,,,40.1,-3.5,84.3,-13.4,05-02-2025
0xede4847ae0df0ba8667b284f2912d4af17502f3d,0,-6.6,-6.6,275.5,,0,0,,2.8,,,,,58.1,-1.8,554.5,-62.1,05-02-2025
0x7b43c4816c4f91c9a509f336d325c4a799c19eb5,-117.9,174.7,174.7,-6498.8,,5,2,,48.2,,,,,315.7,10.1,1469.4,-27,05-02-2025
0x8132f519e41210ab81f8507e0cb80500db63f4d8,-1587,0,841.9,1672.1,,2,0,,5.3,,,,,2447.6,3.9,,,05-02-2025
0x0f393435e23df625355d35ff532d22d10b8feb25,0,1224.2,1224.2,1224.2,,3,4,,0,,,,,0,0,,,05-02-2025
0x73d3e35ef474527515f233282ff84ef8a28119ba,-9.2,8.2,8.2,-0.9,100,2,1,4.1,34.9,2,0,0,1.9,,,,,05-02-2025
0xb68c705329ceab1b2668cdd555c319ac85f930fb,0,41.4,321.5,1380.2,100,2,3,0,280.4,2,0,0,30.5,153.3,15.4,361,-3.7,05-02-2025
0xa0a2ad62732bd705161d211171f16c93fcce51aa,0.3,1860.2,-11058.1,-39230,62.5,76,55,77.5,955,10,0,0,691.1,210.9,3,19895.2,-7.9,05-02-2025
0x6cd84967874d9e5fec66b60fa7048b486a4732ee,-426.5,1477.8,1052.6,1515.5,,84,105,,1115.4,,,,,301.1,3.6,362.2,-16.3,05-02-2025
0x7f7702667cf968263001f04e3d3966747309b22a,0,92.1,92.1,92.1,,77,74,,0,,,,,82.3,0.1,280.7,30.8,05-02-2025
0x6bf81ece5069be352ffaddec38fcfe88f34bd579,0,967.2,-5203.3,-8817,29.2,52,47,0.1,1875.6,22,1,0,162.8,1571.7,-0.8,7088.4,39.7,05-02-2025
0x4bb55e4fce1fa8b20ee1824003afeb77e4f0e699,0,2192.4,4631.8,4257.7,,1,2,,5.7,,,,,0,0,403.2,-48.2,05-02-2025
0x5cd2182c34fea738a0c1c264d9c3bf0c95078619,-112.7,-99.8,-517.1,-2124,,37,25,,2.1,,,,,318.6,-5.1,402.9,-16,05-02-2025
0xa3903727eb9d8257ffea8ad173350beb67e732b5,0,0,0,0,,0,0,,3.5,,,,,0,0,,,05-02-2025
0x947ba15d0c9ec51057b1061297da112ecfd6af25,-726.2,-73.4,21408.9,201126.9,0,1,1,-73.4,18632.9,0,0,0,0,1187.1,197.9,2976.5,-5.9,05-02-2025
0x5a8c9ce0e1a19af65d024fe24d4b726eae6f1ba5,0,0,0,-2.8,,0,1,,0.8,,,,,0,0,,,05-02-2025
0xfe2569a29da6d75ac2255e6761866e32fb136f8c,0,0,0,0,,0,0,,0,,,,,0,0,,,05-02-2025
0x7b9d9a0fef8d87ba795f2afd207026deb996db3f,-2.6,-44.1,-29.9,-32.4,,1,2,,2.8,,,,,14.9,-12.4,31.9,-9.9,05-02-2025
0xcd58d3c898098a28fcb88b8e85aa6def1934e7c4,0,0,0,0,,4,0,,0,,,,,0,0,,,05-02-2025
0xd15a2bd4c665c763dc8802cb407faef6f7dd063b,0,205.3,368.5,368.5,100,1,2,0.1,4.9,1,0,0,,105.1,13.5,747.6,10.8,05-02-2025
0x214684b3236d4769cec8663411b90cb7fdc6eb95,0,-345188,-28099.6,1040857,55.7,423,490,-1779.3,578.1,160,4,1,88.9,17509.1,6,1029.1,746.8,05-02-2025
0xdcfb3bb56dbd429a6763e1c8e043faecdf7b5183,-42.3,0,0,-42.3,,4,1,,10002.1,,,,,6.3,-96,22,-47.6,05-02-2025
0xde3ff51563fc2b54116e3cf83dd3ff58fc1f3bf1,0,0,0,0,,0,0,,2.4,,,,,0,0,,,05-02-2025
0xd5eeeecc2f87fb1b0a182ffca5e046a5c2afca38,150.8,484.9,1290.9,1950.4,66.7,11,24,60.6,26.9,6,0,0,30.4,107.2,-6.9,411.7,6,05-02-2025
0xf0f72a00c70981afd9702c6213af9044ad837188,-1.3,296.9,800,1473.4,,62,48,,133.9,,,,,59.5,8.6,203.8,4,05-02-2025
0x0f013455cfb81b1019a48e6ace580b64e91e779f,0,64.9,95.1,1950.9,100,1,2,0,20.8,1,0,0,69.2,72.1,1.1,795.1,-11.7,05-02-2025
0xe6e21841f9c4748adebe1f1c9800fa74b032ddf4,0,0,0,0,,0,0,,0,,,,,0,0,,,05-02-2025
0x8ad392e1b92adea4aa272e2a7344f0e8452f4c6c,0,0,0,0,100,1,1,0,0,1,0,0,,,,,,05-02-2025
0xc757b3cc6d4dece1fa08a005474053dca60b14a9,-33.9,0,0,-33.9,,17,0,,0.4,,,,,51.9,-58.3,87.5,-75,05-02-2025
0x6821cdb1d6ef2f2a81e8c578bd5843f434e54f2b,9171.9,4622.3,4622.3,13794.2,100,205,211,2.5,34.6,0,1,0,177.8,6.8,-0.8,6808.8,209.7,05-02-2025
0x8c0d9f10757be510c0432fa45e91e234f19754ff,-18,-129,-459.3,-932.7,,267,266,,0,,,,,0,0,,,05-02-2025
0x844dfa29f17ff58ed8bf540ed45695fa077f6020,0,0,1288.6,846.7,,0,0,,0,,,,,437.3,1.9,2632.7,-24.4,05-02-2025
0xddc410aae3168166dc4684d5ff0ff47d431a195c,0,0,0,0,,0,0,,0,,,,,0,0,,,05-02-2025
0xdbe8c314736c7ef70348fc1ca49f2e709a97292f,5671.6,786.5,786.5,6490,,110,116,,340.8,,,,,83.4,31.4,,,05-02-2025
0x3cdd0f1358972f9d152d2d9d6c89ff38359049c0,6150.2,4892.3,1002.9,8743.6,26.5,70,71,82.9,144.4,20,0,0,153.1,431.9,-20,1198.7,-45.9,05-02-2025
0x75e1bb79ffaed83fb860a8171e19d5953b79e52e,-7909.4,3649.2,7381,10611.2,57.9,49,39,165.9,0,11,2,0,17.1,414.1,-18.3,1668.8,-16.7,05-02-2025
0xebb7c9734dbf9dc703808fa84a96cef74b1ff43f,0,0,0,0,,0,0,,0,,,,,0,0,,,05-02-2025
0x566175b638dcd21e13486e14304e89249c2a3b75,0,0,0,0,,1,0,,0,,,,,0,0,,,05-02-2025
0xa89ff55ac18bb1e75474c103220d66e52e23d547,0,1243.4,1243.4,1243.4,,1,1,,0,,,,,120.9,1028.7,,,05-02-2025
0x7cd36e71bf890c9ab562a9b4537cbeef52887837,0,79.9,83.8,121.9,66.7,71,76,0,74.4,18,0,0,2.1,26.2,3.5,48.3,6.8,05-02-2025
0xbbb5008da7ef90a416a4389fdad3872d6896cff9,1309.1,9645.2,-42524.1,-241760.6,49.4,2221,3377,117.6,147,30,0,0,1111.5,155978.6,-0.6,,,05-02-2025
0xb1c90a361f9bd303bcc7f4da2fd953507fdaca6c,0,-29,-29,-29,40,14,11,0,88.4,3,0,0,1.4,70.5,-4.5,179.1,15.5,05-02-2025
0xa5f6db6a0b00b6de4adb3ebb06be20e4eb7a4376,-6.2,-11.2,465.8,1117.6,,8,8,,374.4,,,,,81.6,7.5,55.8,26.9,05-02-2025
0x3703a4e1de391be4788a26699372bf74dd36df5b,0,0,0,0,,1,0,,0,,,,,0,0,,,05-02-2025
0x7d8e2578974384b9d504d0c05aafc55f466ae04d,0,88,88,142.7,,10,1,,125.2,,,,,10.7,12893.7,365.4,17.6,05-02-2025
0xfde7af2477988b6dd6769815426d3b63e13a2d4a,0,4456.1,4456.1,4456.1,,3,0,,0,,,,,,,,,05-02-2025
0xa43dfc2bffe4649da75f761cf400f3e4d00ff4b3,0,0,0,0,,2,0,,0,,,,,12.1,-2.3,,,05-02-2025
0x1655506ffdc313dd71e67b8c47ddd51796cc2ad3,0,-122.1,-122.1,-122.1,,32,0,,0,,,,,85.6,-4.1,132.5,-69.5,05-02-2025
0x5e7cc6e978705224eea765b1e1ac0d49a3047732,159639.6,4518.7,4518.7,164158.3,100,168,165,2.5,64.7,0,0,1,177.9,788.2,249.9,,,05-02-2025
0x6e460f941faa5799cd879ddab59c40ac36b3fcf4,0,0,0,0,,1,0,,0,,,,,0,0,,,05-02-2025
0x451ae4e087a269d7c0867f08a93df82edcd8ec8b,0,0,0,0,,0,0,,0,,,,,0,0,,,05-02-2025
0xf6454e89eb55cf0b1c1bcc3ccb2311834884e577,0,0,0,0,,0,0,,0,,,,,0,0,,,05-02-2025
0x858a5933c1fb0a65181c967496b436a04733655a,-4884.9,3758.9,5680.8,11847.2,75,10,7,537,3804.3,4,2,0,20.7,424.4,-14.4,899.7,113.1,05-02-2025
0x3c3f213c5a493ad109c444d917eee509b8c88fdf,138.3,139.9,-12.1,-104.4,33.3,10,16,139.9,11.2,0,0,0,235.3,154.6,-19.6,244.3,41.5,05-02-2025
0x19144c0fd354bdbf1943ee9333b5f90be9bbd06b,0,0,0,0,,1,0,,0.2,,,,,0,0,,,05-02-2025
0xc7fcc34b3d8c9fbc668b27e9f7bafa372cd0ed73,0,0,0,0,,0,0,,2.5,,,,,0,0,,,05-02-2025
0x22224b8957124626a17468c5b5da5527afcf1ffd,0,6989.5,23784.1,12037.7,48,1035,946,40.6,9698.8,121,4,3,203.8,663.8,-13.6,1128.1,10,05-02-2025
0x84b2f6cdece8a22a7df65a16d3c238e4af7fe560,-1300.2,4474.3,5979.3,2164.9,23.5,40,29,194.5,10.8,8,0,2,54.6,272.4,3.1,1832,60.1,05-02-2025
0x563c70c3cf20189b25b1668fe25a0bfeafae029a,0,0,0,0,,1,0,,113.1,,,,,0,0,,,05-02-2025
0x67b4de53c366e1990cd6414c3b04791750e7c647,0,-185.1,-512.9,-823,,1,1,,0,,,,,31.6,-9,197.5,-5,05-02-2025
0x31781b4e7fb61756bd0a0ef7850d5e7bf6270fc4,0,6072.8,13810.6,51945.5,37.5,461,612,51.5,648.1,89,2,2,178.9,3376.5,9.1,3555.5,46.1,05-02-2025
0x7fd321e2b7cac8ab84f68540b329ceeb01c4675d,0,0,0,0,,1,0,,15.7,,,,,7,15519.3,,,05-02-2025
0x5208cadb4e81953ab4319ffc80e8ae7b342459dd,0,0,0,0,,9948,0,,904.2,,,,,0,0,,,05-02-2025
0x7a859183a99ec1347555063cf10147e7f83e2708,0,0,0,0,,1,0,,0,,,,,0,0,,,05-02-2025
0x78fbb30e93e26be7bcba0bfbd79be2eed8cbab72,-2389.1,-436.4,-4662,-17735,0,9,11,-0.5,668.9,2,0,0,146.9,51.9,-1.5,939,-96.8,05-02-2025
0x248b006724f884c0154b6b6f6532b6bd703bbb92,-1610,5780.2,5781.1,-2624.6,,16,4,,38.8,,,,,228.8,-21.9,2244.5,40.4,05-02-2025
0x0000000099829bd48da0f890d7e3485cde86b322,0,-526.4,-438.4,33752.5,82.9,475,109,,30.1,0,0,0,,289.8,6.2,47.4,4.6,05-02-2025
0x6f89b54e0e6e9e474f630b31cb913e4e0eeab39b,0,0,0,-8638.5,,0,0,0,101.7,0,0,0,,461,2.5,1686.8,-25.9,05-02-2025
0x7d37155a42ceca6f7e6e74093c833415112963bb,0,0,1240.2,10677.7,,0,0,,28,,,,,175.8,6.9,,,05-02-2025
0xba568a1a1fdd9f7cf4927faba2371a021b15b629,0,37.5,37.5,37.5,,2,1,,0,,,,,117.8,12137,,,05-02-2025
0xf3e9c4cb2c2656bcdff9302fe8be4acd54d8b20d,0,0,0,0,,0,0,,0,,,,,0,0,,,05-02-2025
0x5f2754484f76ce0daa50a7de883405029d60ee49,1644.5,206,206,1850.5,,2,2,,827,,,,,,,,,05-02-2025
0xcbce0d764eaeb2cad31f0d270548807244501b1f,-952.8,290.9,290.9,-1113.6,,4,3,,69.3,,,,,374.8,-2,,,05-02-2025
0x885e6b3fd1ee0ef7d384b931b5f34eb1d0996cb3,0,0,0,2.3,,0,0,,95,,,,,0,0,,,05-02-2025
0x7934a647efe803cf2b5d950c28163766676ee629,0,0,0,143272,,0,0,,0,,,,,6.2,35818,,,05-02-2025
0x824c3fc00c3f3e4676940267170695b43e47ed5a,0,0,0,0,,0,0,,0,,,,,0,0,,,05-02-2025
0xdbc0c62cef8d10f2c7ca249e70495dbe70dd5bac,0,0,0,0,,0,0,,0,,,,,0,0,,,05-02-2025
0xbcb4c1f5ed88c060ba00f2c3042675004f72c31d,0,0,0,0,,1,0,,0,,,,,0,0,,,05-02-2025
0xe3f9811983f2e1977443eab41903dcc3fe452b3d,2106.5,1833,1609,3715.5,,38,26,,4.4,,,,,60.8,-3.2,373.9,72.3,05-02-2025
0xeb1544c5cfa70df9eac65886f0f058cca7b6569b,0,94.2,2053.5,2930.6,48,32,25,3.6,558.7,13,0,0,0.1,60.9,10.8,,,05-02-2025
0xf40c2a2ab458e4d8d870e7450f3b1cd8e90ae64c,0,0,0,0,,15,0,,0,,,,,33.3,0,72.9,0,05-02-2025
0x96c133917d55e629a14faf4a7ef3b7a9e6867cfd,-65.7,6183.9,5376.9,5294,42.9,61,48,0.1,33.8,8,0,1,32.3,69.6,-20.6,385.1,90,05-02-2025
0x38ab92d6341409004ca413b38a165c8c096d3a14,0,1,1,1,,12,0,,0,,,,,0.2,0,0.6,60.5,05-02-2025
0x9813ad9abc61e39ec37600b9e60211f7d4bc8d67,0,645.6,592.9,592.9,50,2,1,215.2,0,2,0,0,56.7,0,0,11614,0,05-02-2025
0xd0c0f81aac04fef77b5f984b561f872c726cb4f9,0,0,0,3269,,0,0,,1.9,,,,,137.8,15.4,3000.1,-5.7,05-02-2025
0x4bcacf8d3e212a317ecb7a1f715c9399aaf8d0f9,0,0,0,125144.1,,0,0,,2992.1,,,,,314.1,0,1991.8,3.5,05-02-2025
0x4f5a9a0bbd6ae3fba3b8a418976541aece171417,0,-1.3,-1.3,-1.3,,1,0,,29.9,,,,,14.5,-2.2,,,05-02-2025
0x60931726fc6a980fb6520f711b71c099384a6373,0,-3,-3,-3,,16,0,,0,,,,,9.2,-2.2,,,05-02-2025
0x397202b1c0405e266bd6c468d8be248a09801dd4,20.4,0,0,-40.1,0,1,1,0,75.9,2,0,0,0,4.4,3.2,118.8,-50.9,05-02-2025
0xad2105244cfbc23ce409ea78e6fcac20abb46541,0,-7.7,-7.7,-7.7,,0,0,,0,,,,,0,0,10,-82.3,05-02-2025
0xfac5543719af10869eae4fe4eaa1a44aa3ef82b9,-21.1,0,0,-21.1,0,4,1,0,130.9,2,0,0,0.6,100.6,-2.3,,,05-02-2025
0x2c83feb3a8ca7ff5baae84a8dd16eb954aafb06a,0,0,0,187419.9,,0,0,,0,,,,,300,976.1,,,05-02-2025
0x00f6adc1c09fb26c257166d8c10b2bd5277af743,-1224.5,1723.9,1453.9,-1342,66.7,11,2,574.6,99.8,2,0,0,45.5,167.8,-0.8,1958.1,-9.5,05-02-2025
0xb15645b4702d8d63b532c5d6a340448a2ce3b645,0,-0.5,-0.5,-0.5,,54,27,,102.7,,,,,0.1,33.3,0.1,-39.4,05-02-2025
0x164de3f3108ac1fb1b9ce324488909085660d852,-1672.3,0,0,7932.5,,0,0,,76.1,,,,,307.8,1403.9,2122.8,16.5,05-02-2025
0xf8c1aa43abaa0edb4918ef2c07042400bea81077,184.4,156.5,156.5,341,,112,116,,480.3,,,,,0,0,2277.4,16.4,05-02-2025
0xcdc37db95fbd5b1b0134ca36132b050d8b1fe86c,0,-5296.2,-32432.4,-4976884,,741,68,,154.8,,,,,82251.1,0,,,05-02-2025
0xdafee179c83ecc656f9c1ad596c63a80603aef2f,0,0,0,0,,0,0,,0,,,,,0,0,,,05-02-2025
0xfd69edeaf5ac6a0944fad369f634b77f22b18aa5,-159.9,0,0,-159.9,,41,0,,0,,,,,59.8,-53.6,71,0,05-02-2025
0xd39aa3097def97f3ec04332c7ceb1120e18c523c,-260.3,0,0,32889.4,,0,0,,0,,,,,658.6,120.2,675.8,-9.2,05-02-2025
0x209786ce37e3ea40aad1d72fa670cf6510c4dc91,0,0,1542.8,1700.3,,0,0,,0,,,,,248.1,11.5,,,05-02-2025
0xc48352727efed8447820b5f0fc0815c2083e69ea,0,0,0,0,,1,0,,0,,,,,48.9,0,,,05-02-2025
0x731461b70ad0f00422e0f2b2cf7daa3640bc61c4,0,-1320,-8485,-2010.9,22.7,213,143,-14.3,1740.3,51,0,0,423.9,114.8,1.1,113.7,0,05-02-2025
0xc351b6dae4377e03732c7fc5de01591a0b3c3ae3,42,94.6,89.4,127.2,50,10,14,0,5.6,2,0,0,2527.3,2.8,0.4,1,-40.3,05-02-2025
0xd0e6ce241d9ad3a79d1a4543e9356469c1049074,0,0,0,0,,0,0,,0,,,,,0,0,,,05-02-2025
0x6490d935bef2524be105a8cf3f9b20c7ca04cbb8,0,1413.4,1413.4,1413.4,,1,2,,7.8,,,,,0,0,,,05-02-2025
0xaf8eab7e8c8bfa3c4702a5b19560d6e8905acfc3,-107.3,0,0,-107.3,,31,0,,0,,,,,74.1,-77.1,70.4,0,05-02-2025
0xda405d03d7e1e54740730e796d8842356f0aaaf7,0,1259.1,4055.3,13323.9,47.4,41,47,66.3,381.8,9,0,0,0.4,233.3,9.6,546.8,-19.5,05-02-2025
0x14a8947eeabeaf7bbf37afbe29c4c80c8e0c9cc3,0,0,-672.3,-672.3,,11,0,,10.7,,,,,350.8,-11.7,,,05-02-2025
0xc4798430e729aeab56b56cff90b7fe9fbdfa7823,20149.5,0,0,20149.5,,0,0,0,16.6,0,0,0,,45.7,7422.7,,,05-02-2025
0x4e7872954d3c58f9af3057b18aa5b4b52b5a9c48,-8.1,-2.8,151.2,-246.8,,1,1,-1.4,15.9,1,0,0,1470.4,41.6,10.7,16.3,-20.1,05-02-2025
0xec4b7d5fbc538d383bdfa4374a57baf3c797aa57,0,-155.1,-155.1,-155.1,,1,0,,0.2,,,,,0,0,50,-46.7,05-02-2025
0x43f801c77080064c4697882ad166c5456869665c,0,0,4426.3,4426.3,,0,0,,0,,,,,222.7,22.9,1735,32.7,05-02-2025
0x19277dd119c081f126261d05bfc5fc8a5c411e1c,-1882.5,223.9,-2304.2,1790.3,72.2,25,23,9.3,396.9,19,0,0,22.8,61.6,0.4,178.8,-16.3,05-02-2025
0xd12749c02d82e5f1faeaccb6c8511844f6146913,0,0,0,0,,0,0,,0,,,,,0,0,,,05-02-2025
0x34b4b7238e272aeb8758b1a949ffa81e59afe29c,0,202.1,154.1,154.1,,29,20,,9.5,,,,,69.8,-7.8,139.8,-0.7,05-02-2025
0xd7603968c3631e7a024a70c3acffdd6195b11900,-9282.3,-1236.8,-1236.8,-17240.9,,6,4,,12.5,,,,,15.5,-3.1,5669.9,-46.4,05-02-2025
0x6a2575ef3d7dc1f36742677ee1106b028794f024,-77.7,-11293.6,-27813.3,-30404,,25,16,,3,,,,,953.6,13.4,2019.2,-23.6,05-02-2025
0xe2d68aaa2e9210604511d579fb2a7cdb83d70a03,0,-2753.5,-1719,-460466.6,78.8,4368,3849,-5.5,55.8,421,0,2,119.8,45.5,0.6,68.3,6,05-02-2025
0xe5b9dc64933272574a13d3425fb957d9769a39ed,0,0,0,0,,0,0,,0,,,,,0,0,,,05-02-2025
0x192669974447cce5738c548b4fbcab9501061a8e,-1043.2,-86.8,-463.2,18600.3,0,10,8,-86.8,4.3,1,0,0,2312,0,0,3027,-49.1,05-02-2025
0x173fdc3626129c5318e6559ca12a71f4489c054b,-459.4,-522,72.1,-387.3,,0,2,,35.4,,,,,90,-16.1,790,98.4,05-02-2025
0xb9fc437bd890ccf908406921e908c15e5484757e,0,0,0,0,,0,0,,0,,,,,0,0,,,05-02-2025
0x70ed32ec94972e4241eb651841c5765956f02567,0,0,15,15,,0,0,,2,,,,,0,0,,,05-02-2025
0x79a3380507257adc2524896e466979838cc4bd0d,19.9,-309.3,1013.8,1033.6,14.6,48,47,0,1503,3,3,1,72.8,20.1,-7.5,21.1,-98.1,05-02-2025
0xc68a356ecab827144b820f137749e1b1f79b432c,-234.2,0,4.2,-83.2,,0,0,,5,,,,,4.6,-3.1,1,-20,05-02-2025
0x3ed41116b37487ede8363fe89ac34cc6630b8306,0,3293.7,-4559.6,-22834.4,56.2,201,167,33.6,4662.1,63,2,2,314.4,2982.8,5833.6,17.4,0,05-02-2025
0x284934603920ecc171ad5ad59184331f2e1745cb,-131.6,127.4,-564.4,1290.9,52.6,53,65,3.4,128.6,21,0,0,11.9,71.2,7.5,117.3,0.7,05-02-2025
0x1bf1581ccd858c66941b0c4c2fda81fd67b306b1,-80,4582.2,4897.4,5833.6,,21,14,,168.3,,,,,144.3,3.4,235.2,2.1,05-02-2025
0xa673c5295bba69a6d9b5ffc76143945bb07d6b00,-124.1,0,0,-124.1,,46,0,,0,,,,,41.2,-22.7,71.5,-3.7,05-02-2025
0xbda8c69ff41cd98393535b3c05128e96cccacb27,0,0,-153.7,10660.6,,0,0,,1974.9,,,,,394.1,627.8,2102.4,122.8,05-02-2025
0x41563f4abb94473bcf46a61acb67e83026a5204b,-4637.8,-116,-960.5,3129.9,,5,4,,3.9,,,,,0,0,1198.8,-97.2,05-02-2025
0xfa8b88c205da92791e3ff07681e1fd04017ab6f4,0,628.1,628.1,628.1,,27,22,,182.9,,,,,319.6,3.2,1307,4.5,05-02-2025
0x13f6b34a0b0b0a391525d094ceebff745cc24dcf,0,-145.5,-145.5,-145.5,,12,0,,0,,,,,57.8,-11,111.8,-21.8,05-02-2025
0xa51610ca73406d229a93aced77abdeed707261b7,22.5,0,0,34.6,,0,0,,43.5,,,,,0,0,,,05-02-2025
0x5b6c7698cc647e16305cd2facb0cb7843f690733,23662.6,0,0,23662.6,,5,0,,1.1,,,,,2,-17.5,6026.1,392.7,05-02-2025
0x9dc0a46d19a46e3f7cb45fe55ccacee8804d2ff5,0,0,22.6,8684.1,,0,0,,42.2,,,,,102.1,38.1,87.1,-9.5,05-02-2025
0x0d27c3045ad195569c63f8ad10b476749ea41de3,0,-96.5,-96.5,-96.5,66.7,0,0,-32.2,2.8,2,0,0,51.6,15.5,-4.8,54.1,-53.4,05-02-2025
0x409be3cc9b997eaa1116a80cf2b33b6e2d7e6262,0,24.2,24.2,24.2,100,0,4,0,4,1,0,0,,0,0,,,05-02-2025
0x5bf76e52071e651e1c6ece4aa2718f21c3e464aa,0,36.8,36.8,36.8,,1,0,,0.8,,,,,0,0,,,05-02-2025
0x9a327862bc58f4c83327c85f9ff9b9c7f7767610,5103.5,751.3,751.3,5810.3,,111,114,,331.6,,,,,110.7,21.2,,,05-02-2025
0x72ec7a3157403e76b61accdc261d3e7e4696e871,0,0,0,0,,11,0,,0,,,,,0,0,,,05-02-2025
0xdaaa498c4203618f42ccc3ad349e0b4e69a93059,0,0,0,0,,0,0,,0,,,,,0,0,,,05-02-2025
0x56a0a5d6b1051dd7c32b1fe4bee5d839bc34ae51,0,1578.9,1578.9,1578.9,,14,0,,14.2,,,,,0,0,,,05-02-2025
0x1d1254264b229d83aa4a08c04a9dc05d3b3d3693,-77.2,1.1,-129,-4.1,,1,0,,4.4,,,,,59.2,-16.1,184.7,0.7,05-02-2025
0xc6599a2c0b0fe594935fab94a3b87c5a96ca68a6,-55.1,321.6,418.5,405.4,,21,42,,35.7,,,,,35.4,-1.8,138.1,-8.4,05-02-2025
0x8073c3a1b2039b2c43ae16a42984fc3b2428a4b7,-34311.3,0,0,522562,,0,0,,70.3,,,,,197.4,-1.6,448.1,-79.2,05-02-2025
0x697d3368939e3b2159d8ebcc5cec32fcfe373381,0,0,0,0,,1,0,,0,,,,,0,0,,,05-02-2025
0x9410cbcb71fb0c954c4eefc66c18f75445bd13f3,-165.4,-146.7,-550,-4341.7,,9,6,,15.6,,,,,115.5,-26.6,256.5,-13.6,05-02-2025
0x53f111ba485b3f3a4fffb52060a9019c6aa501b1,11145.8,3561,3561,14706.8,100,152,158,2,31.8,0,1,0,177.9,8.1,-7.1,6311.2,252.6,05-02-2025
0x394627d0a1828acdcb34bbe6f94993354e0d52c3,0,0,3070,3070,,0,0,,0,,,,,1329.3,0.4,797.6,5.2,05-02-2025
0x9096a87531c6da44496c1cfb8e15e6066f8c13aa,0,-182.8,-182.8,-182.8,,21,0,,307.1,,,,,2.6,-1.3,,,05-02-2025
0xe5f8ba0e2467c9ea450207c6adf6778769e936c3,0,0,0,0,,1,0,,0,,,,,0,0,,,05-02-2025
0x4b7f39401247d6fe208e54d53d14ca0117c844ad,-9.3,0,-1842.2,-7029.1,,0,0,,1168.6,,,,,11.4,-2.7,336,-75.6,05-02-2025
0x4cce95b3bb6abfe3059a8687b7adfcea00f07e5c,25502.7,1258.1,1258.1,26760.8,100,0,1,0.7,6,0,0,1,168.6,26.1,16477.6,,,05-02-2025
0x0f7d0dc3dca1606411a41ea983b03a052571710b,0,2354.3,2355.1,2141.4,,3,3,,0,,,,,0,0,,,05-02-2025
0x7c99b1adda1372dac7fb8a5347e65de83df9509e,0,0,0,75.6,,0,0,,1.2,,,,,17.8,33.8,0,11.1,05-02-2025
0x3de2d6c636932a543f2dd407d60379fc3c0610e3,0,-6180.1,-8403,-8403,,15,13,,21.8,,,,,775.8,-7.4,,,05-02-2025
0xe93a2b11517655d53ab1571d88237a52d86b24e3,-1112.7,0,0,2412,,0,0,,0.3,,,,,236.4,-6.4,17415.8,-9,05-02-2025
0x42a632ba4873a0f8508447ab85be4f62b9381a48,-263.8,3288.9,3288.9,3025.1,52.4,78,74,149.5,1306.6,13,0,0,24.1,289.2,-0.9,2340.4,8.4,05-02-2025
0x4e6809d5dc1cffe765027ae163fae99e3ea41d5e,-4180.1,10404.2,10404.2,30209.8,25,8,7,1734,23662.4,2,1,0,102.4,1947.2,3.2,1590.4,686.8,05-02-2025
0x5d3c1c944d203e99228fe62f4c475ef29ec9a1ae,0,-351.6,-351.6,-351.6,,65,0,,2.9,,,,,31,-9.2,99.8,-14.4,05-02-2025
0xe6807fd5dc4b8cb5e01690292bd8be4833699e57,0,0,0,0,,0,0,,0,,,,,0,0,,,05-02-2025
0x65a99436c5220eda185b3d02a1413ff0cafcf5a2,0,0,0,0,,0,0,,4.1,,,,,0,0,,,05-02-2025
0x7339a00c36c2c885490feb67f3e358fea895b11d,0,1,1,1,,5,0,,2.4,,,,,0,0,,,05-02-2025
0xb0a8f65d183335e67c56757c3fe5df8c1d62a80d,-0.1,0,870,4642.6,,0,0,,2.1,,,,,781.5,-8.7,608.9,-14.5,05-02-2025
0x6e282f3f2fcada6b48b90b4d281dbcbd0518101b,0,-463.5,-463.5,-474.3,,5,5,,7.4,,,,,141.2,-3.9,383.5,9,05-02-2025
0x9b19fce99adddb842456a057b476398cf3987442,0,0,0,0,,1,0,,0,,,,,0,0,,,05-02-2025
0x18cc32a5689ed910771341212f5ba31225b00fcf,373,0,0,373,,1,0,,6.1,,,,,0.3,31187.3,,,05-02-2025
0x2b048de18cabc1fea9e3bf51783ec49416589fa8,0,575.5,4332.3,13874.1,87.5,9,9,71.9,3705.3,7,0,0,2,483,25.7,590.4,61.7,05-02-2025
0x96d5b47cd23acbf6dae6cf34c9e526feaa6c79ef,0,0,-632.6,-632.6,,9,0,,11,,,,,266.5,-11,,,05-02-2025
0x685052af6d8061816443d45d9b30107fb6945be1,-3.2,0,-105.2,622.2,,0,0,,0.6,,,,,23.4,-13.1,148.8,-0.7,05-02-2025
0x7f3d68b213b57c0ece919d61398ed16a30922714,-9,422.2,-728.7,12137.1,,1,1,,9008.6,,,,,227.5,-7.9,1861,20.2,05-02-2025
0x62f5beab89bd34b69b0dfdc7c2d565018b9396f0,-345.6,0,-3187.8,3245.5,,2,0,0,97.3,1,0,0,10,446.7,-26.9,894.6,-42,05-02-2025
0x31bbb7a745da916aaf49df51f9638af25a745344,0,750.6,750.6,750.6,,1,0,,0,,,,,16.5,-3.6,414,-15.4,05-02-2025
0x178a73a1c841a2c51b404e2720c1edfe9613a67b,0,0,933,952.8,,0,0,,0,,,,,4546.3,5.2,452.8,-26.4,05-02-2025
0xe14f5204244593df7d07e615590411baf3816ec4,204345.8,1611.6,14058.5,554596.2,,3,1,1611.6,9.9,0,0,0,1415.5,2233.8,-4.8,4601.4,-29.7,05-02-2025
0x3ad364058d6c38122f0daf11addb51a65e3b0e5f,0,1653.6,952.5,952.5,,39,24,,0,,,,,989.7,1.7,3143.7,-8.3,05-02-2025
0xa3fb7fcc092353aa8930b941774f29dca3049494,0,0,-463.9,-4963.6,,0,2,,8.9,,,,,590.3,-4,497.4,-15.7,05-02-2025
0x3c832cc41c4b2f520eb4b3244fba35444a473c14,83829.6,0,-1432.8,110305.7,,0,0,,1280.5,,,,,532.1,-45.2,2456.8,46.8,05-02-2025
0xd4a1fe6d6cee7e8affef3c59fe11534d42d99e67,4962.5,-167.2,-729.3,5791.9,0,1,1,0.8,28.2,1,0,1,708.1,171.2,498.9,,,05-02-2025
0xfda50203da3228355aac851ed0a59f9705e06182,0,0,0,0,,0,0,,0,,,,,0,0,,,05-02-2025
0x85ffcd2616f760b5d82a0cbeccdefb8591f2b6ec,255.5,416.3,734.4,-107.1,20,35,29,37.8,147.6,4,0,0,357.6,439.5,-24.3,340.8,-34.4,05-02-2025
0x2ed3c977b7bc8e9fd55663f47a7acb96b0635b74,0,7.3,7.3,7.3,,15,0,,2,,,,,0,0,,,05-02-2025
0xa6054e82d74626fb899b808321a0152473f5032b,-113.7,-76.3,202.3,2030.6,66.7,8,9,-10.9,3,5,0,0,87.3,192.7,115.9,117.6,-23.4,05-02-2025
0x418f5ce118bafdecbbce93be4707d7a98ad2dbd1,0,0,0,41081.8,,0,0,,0,,,,,0,0,3200,1283.8,05-02-2025
0x341b49e7288f4d08e90d532455597dfd0160d24d,0,0,0,0,,0,0,,0,,,,,0,0,,,05-02-2025
0x73404c72c2ae9be7ccde3abe0b104c94e4183cdb,0,-700114.5,-637646.7,-357703.1,74.8,3429,3084,-1400.2,59.7,414,1,2,178.3,62.5,-0.3,228.4,-22.6,05-02-2025
0x0e66894942475bfd1945a961f0296d56d73b748c,0,0,0,0,,0,0,,13.8,,,,,0,0,,,05-02-2025
0x3228db806b9c03b46f5e480a29b362af18ef44b6,0.2,25281.3,28822.9,84949.4,,3,18,,571.8,,,,,136.8,-4.3,6342.4,-65.2,05-02-2025
0x6ff5a07709a91e21b30b0304838fb17af39a1ce4,-613.1,244.6,-17485.7,-2677.7,50,1,2,122.3,389,0,1,0,23.9,294.6,-29.9,379.8,44.1,05-02-2025
0x8a3c0c5891e015ac2e5dcb6b47429e1dfbdd901f,18769.5,0,0,18769.5,,1,0,,15.8,,,,,11.3,18392.9,,,05-02-2025
0x32daf6dbfd3b1cbea2ce70eb65360b9b47f3c906,0,-152.6,-152.6,-152.6,,4,0,,0,,,,,27.2,-4.8,,,05-02-2025
0xb9e3014173fead0589070cbd6403f0d7fd35f8dc,0,-21.1,-21.1,-21.1,,7,0,,231.6,,,,,13.3,112,312.6,135.9,05-02-2025
0x1377f016c0750cf2b88d522914fdd313dd7d0a68,0,0,30.3,3241.9,,0,0,,0,,,,,60.6,25.4,61.1,70.1,05-02-2025
0xea0402e016f9baf1dc1ae341196f8e66559f8c40,0,492.2,8065.9,8065.9,33.3,4,4,0.1,6033.2,1,0,0,4.6,1084.6,-6.1,2687.7,132.7,05-02-2025
0x5e5ef792b453eed21fd11e20aed7f3ed1b32ed2a,0,0,0,0,,0,0,0,0,0,0,0,,0,0,,,05-02-2025
0x36e8d8a2b366b8843fbb0a420a814f5c337bedaa,10176.7,4420.3,4420.3,14597,100,207,185,2.4,28.9,0,1,0,177.8,7.9,-7.6,7430.8,212,05-02-2025
0x3e4e18669e722924934f2703d1d89d2c4007d3f6,0,715.2,715.2,-500.2,,13,6,,131.4,,,,,5.8,0.7,,,05-02-2025
0xd394313f8eebccae1c18f5285e956fdf848590e4,0,0,0,0,,0,0,,0,,,,,0,0,,,05-02-2025
0xa48a54ceba17349961adb229d3ff05d555c06812,-116.2,0,0,-109.8,,0,0,,0,,,,,25.2,6,69.1,-83.2,05-02-2025
0x4dff59a76897cdf5a7bfe6323151e580718b7aad,372.5,0,0,372.5,,1,0,,7,,,,,0.3,31140,,,05-02-2025
0x764b8cb6606d9d8d1b6262cf241ceaa98e5ec1d6,0,696.5,696.5,696.5,24,130,64,0,43.7,121,0,0,42.6,320.8,0.2,,,05-02-2025
0xeaf05a86849c5b0f2b0a7de9769f94e8e16d8497,0,0,0,0,,0,0,,0,,,,,0,0,,,05-02-2025
0xdf06828bd900374021b98507f2bd059130269bb5,0,-1846.8,-1846.8,-1846.8,,260,392,,0,,,,,0,0,,,05-02-2025
0x9b2b910d7b9af97a5c898646c75b521c5fd88efd,0,0,0,97.9,,0,0,,0,,,,,99.7,8.1,39,-0.5,05-02-2025
0x9c756474167a6a28a3da4897b2199d64dbcd2fe0,0,0,1293.9,2185.3,,0,0,,0,,,,,576.5,2.2,547.9,-33.4,05-02-2025
0x5d286c488972cab134d18b40f486b9fc6113a681,204.4,7458.5,7458.5,7662.9,100,5,4,4.1,9159.9,0,1,0,159.4,0,0,,,05-02-2025
0xef4264e36a9a4f782b30bc9257dfb28fd7e61dc5,-5.5,-3144.4,-4266,10977.8,55.6,25,22,-349.4,0,6,0,0,104.1,1246.8,5.6,1505.3,3.9,05-02-2025
0x9a5ab9051776012481a03fd44cacc4b23ec67f17,0,5.9,-37.9,-37.9,44.4,36,36,0,21.8,16,0,0,1.3,8.7,-2.4,,,05-02-2025
0xf25f59ff83326c03539c99ed9577cb78b7ac36a6,-1317.9,1047.3,3007.4,1689.6,100,12,4,209.5,1895.1,5,0,0,1.2,451.3,1.3,2297.6,-9.2,05-02-2025
0xab3f69c330b09aa72ab8ea771662aede0e5707e9,-2.5,0,-320.7,-852.1,,1,0,,0.5,,,,,37.2,-27.3,78.4,-17.3,05-02-2025
0x24e13fd6a03b5f2df9dda100d69434db4102868c,0,0,0,187.8,,0,0,,0,,,,,0,0,,,05-02-2025
0x65c4bae9d4a2c9f40ddcc857b5799694b1ce1307,-11.9,765.9,1078.4,1674.9,47.7,57,52,17.4,41.3,19,2,0,0.1,20.3,16.5,,,05-02-2025
0xdcc4f10e4fd0f30a7e61be439b79c1f6a7f6ce73,0,-96.7,-96.7,-96.7,,3,0,,79.7,,,,,5.1,-0.7,130.3,37.4,05-02-2025
0xf29beaa9667428a75e0019a3365b4a47d80cd74f,0,-1098.9,-2893.1,215843.3,28.6,12,12,-157,3494.3,2,0,0,36.4,590.9,-24,1471.7,14.9,05-02-2025
0x8401abf78b098c0742da87ab258d8055fee73806,-542.9,931,-4542.4,18098.6,60,32,23,84.6,63.2,7,0,0,13.3,296.4,-25.9,914.8,-7,05-02-2025
0xdc46fb49ec4f6f5cf724753c09534ab47d9bc5b8,0,0,4.3,4.3,,0,0,,98.6,,,,,21,-26.6,135.7,3.2,05-02-2025
0xf58b12f3886a22870f109f38b4cb1647f946c80b,0,-91.5,-270.8,-270.8,,43,22,,0,,,,,12.1,-5,52.6,-27.7,05-02-2025
0x28ac8c31f9e0e255eb6afd8d3788ae2f6140db21,-480.4,547.5,547.5,14487.3,,4,4,,2.1,,,,,787.6,-35.5,755.2,-14.5,05-02-2025
0x3f485dd24ee54df15f2dd49c0777745054570cf0,0,0,0,0,,0,0,,0,,,,,0,0,,,05-02-2025
0xa429c9c8735b07a44e209d106669936cc555cd61,0,-1503.8,-1628.2,11.5,,24,6,,361.6,,,,,13.7,0,471.7,0,05-02-2025
0x2c6420084cf946c818bcc0b0671422c20bdf7115,-7.2,0,-174,-210.5,,0,0,,0,,,,,9,-5.1,28.6,-5,05-02-2025
0x6105fead478be719ab74cd5c3a450d948115df3b,0,33.4,33.4,33.4,,52163,0,,18.1,0,0,0,,0,0,,,05-02-2025
0x789a0482d1500cb6665c9b624fa48d1d2753c4aa,0,919.2,919.2,919.2,,5,5,,4.5,,,,,1501,15.3,,,05-02-2025
0x9edf65049d37bcfe5dec05a36544d5d4dfcf45ca,468,358.5,1039.3,1507.2,20,5,7,71.7,1529.1,0,1,0,0.3,71.6,18.4,295.6,-33.3,05-02-2025
0x6ff793cee416f849662f2c1853ce355324771c11,-4,0.7,5.1,2,,26,3,,6.6,,,,,0.3,-12.3,0.6,-8.9,05-02-2025
0x877e86fc7dd3c54527b944007422d269491ec617,1.5,588.5,962.1,1650.9,0,5,5,294.3,12.4,0,0,0,90,168.7,-20.4,301.6,92.7,05-02-2025
0x54facea94addb8b4fadb8f277011e85180ce2aad,0,0,0,0,,2,0,,0,,,,,0,0,,,05-02-2025
0x88ff2f4f1e21ac52cd28936bae66a4fab48930af,0,5.6,5.6,5.6,,4,0,,1,,,,,9.3,0,,,05-02-2025
0xef164d8702846ed849d833cf4f7e66fc228232aa,0,0,0,0,,0,0,,3,,,,,3.7,-7.9,159.5,-22.1,05-02-2025
0xd9e3f4cc0e6a32d84e186639954c7e38885572b7,0,434890.7,436058.6,619153,76.9,3868,4222,869.8,59.5,403,3,3,112.3,208.8,4.7,62.6,3.6,05-02-2025
0xce0edd43805b38b5f2dbed8d615141a96344923b,-109.5,0,0,-541.3,,0,0,,0,,,,,57.2,55.1,134.9,-24.4,05-02-2025
0x3bd219d08259170c96229b394d49ed8cfad27b61,-126.7,295.9,-149.9,-276.6,,30,20,,0,,,,,221.4,-5.7,250.9,19.2,05-02-2025
0xe81d6929228f6bc81511f27ccf43aff50c0ebfe8,0,0,0,0,,0,0,,1.1,,,,,0,0,,,05-02-2025
0xbdbe1108ff3a0169ca02bcdbe3b4b049837e7db6,0,976.8,976.8,976.8,,1,1,,0,,,,,84.6,1154.4,,,05-02-2025
0x052412c505c590c59a411ba630c190697a6e07cb,0,566.5,1446.8,9041.8,,4607,1350,,16.5,,,,,1165.6,3.1,,,05-02-2025
0xedd315892965a408c9b60a80d67db1090c7f5d25,7846.5,718.6,718.6,8565.2,,69,54,,0,,,,,30.7,-14,1076.1,796.1,05-02-2025
0xdcc03dcfadc81db83b64c12631ac26e25577105e,0,0,0,0,,2,0,,47.8,,,,,0,0,,,05-02-2025
0xe2289aa08f7ab17f4a21c5e7805c260c1abeef8d,0,0,0,0,,0,0,,0,,,,,0,0,,,05-02-2025
0xa119aeb58345e50d5604f59bcd9abce6b27cb2fb,136.7,192.2,180.6,187.3,66.7,13,19,38.4,72,2,0,0,40,14.8,-14.2,25.9,-7.1,05-02-2025
0xe79ed3b45680619348194796e0d1160f50eeccae,-914.1,-0.2,-0.2,407230.4,0,24,1,-0.1,1401.5,0,1,0,26.7,119.9,0,3269.5,3587.6,05-02-2025
0xf2991369ae5de5720255040e6261667a03140bc1,0,0,0,0,,0,0,,0.8,,,,,0,0,,,05-02-2025
0x10cc182e808f31234e54a0c9f7f7652801b8e91e,0,0,448.5,807285.9,,0,0,,3251.9,,,,,0,0,2111.2,10040.4,05-02-2025
0x01ec4a63e8bd579e1a2cea4763cf3a5da5e48e8b,0,0,0,0,,3,0,,11.7,,,,,0,0,,,05-02-2025
0x8ca5806e1f92d6882d9b2470026f3e4647ab4711,0,0,0,0,,0,0,,0,,,,,0,0,,,05-02-2025
0xa61e234401bfa1b992563c1a6237c1848952e02b,0,23.7,437.8,412,40,83,59,1.2,2.5,8,0,0,8.2,231.5,-0.3,307,-0.4,05-02-2025
0xcd1ce8e2016ac5e2dc2a09da538af4c660ea67a7,0,0,0,0,,0,0,,0,,,,,0,0,,,05-02-2025
0xb0bc53ca9b18b8b9022b8e26d07971a1b1a09e7a,0,533.3,-63.1,11391.6,38.8,305,143,4.8,83.5,64,2,0,83.2,77,12.7,350,8.1,05-02-2025
0xe22581cd9fd55807ac2a9514a693fc775d0e7b22,-243.3,1268.2,1268.2,1006,100,0,3,0.7,1550.3,0,0,1,183.2,45.8,241.5,192,-95.4,05-02-2025
0x3eb6a18309fe31d45ed33d2020f80a5b07f7169d,0,0,0,0,,3272,0,,0,,,,,0,0,,,05-02-2025
0x1b54ebe1da112d0d5fb5d398fc6b16eb57c4a491,-1859.1,3070.5,3919.9,6122.6,100,22,9,1023.5,2451.9,1,0,1,260.6,98.4,-20.9,494.3,55.6,05-02-2025
0x5d5e4f205d7be23021910d98c98fe2d5354ed55f,0,5315.8,42553.9,42553.9,33.3,18,15,443,2474.8,4,0,0,2.5,658.2,85.5,2631.8,57.5,05-02-2025
0x00e7e7a743e9e4e2eaabf27164df3040b79dfac4,0,-313.2,-313.2,-313.2,,20,15,,0,,,,,512.1,-14.8,,,05-02-2025
0xe2784bd3c3698043f22c1e39bad5d9391991ed85,0,0,0,19904,,0,0,0,0,0,0,0,,2431,-2.7,3281.9,5876,05-02-2025
0x5ea583b87de7f5d9fa3ddf491af1171a91500976,0.5,5663.4,5663.4,5663.9,57.1,347,307,161.8,18161.9,22,0,0,14,1307.2,5.2,2409.2,-2.5,05-02-2025
0xf908310962ef5e052c1568d390a7986e68d7a0e6,0,0,-8.6,921.8,,0,0,,12.1,0,0,0,,5.6,148.2,36.8,-17,05-02-2025
0x4d1b06b4e1ab6ab2dc4c868ccd0af5c227bab494,-23.9,-1510.6,-1510.6,-1534.4,0,22,39,-0.2,59,0,0,0,20,2626.3,-17.1,,,05-02-2025
0xe645f3141510c3db507eec68072034592ff6ad8c,0,0,0,0,,0,0,,0,,,,,0,0,,,05-02-2025
0xc2da97020001ef0705e400fae553f0442971669e,0,363.7,35.2,5721.4,,24,17,,57.3,,,,,33,-20.9,44.9,15.7,05-02-2025
0x2f0ce271e76851bb956b238139738b22563f8cc8,975.2,-1577.9,-4595.5,-10827.4,,11,4,,2.9,,,,,47.1,-8.6,1113.2,-9.5,05-02-2025
0xeb0c5be11da9dea222f49ed560fadd87f10256ee,0,11,11,11,,1,1,,0,,,,,5.2,9,,,05-02-2025
0x88df827291bd1210383d47bfd82a1da52aab8711,0,-76.8,-176.8,-924.3,,3355,1,,120.6,,,,,152909.2,0,34380.1,0,05-02-2025
0xe744a93a328a3da381a4b3ce6326b57b6549e2dd,-3113.3,-108.2,-755.2,-143.6,,7,6,,7.2,,,,,0,0,743.8,-96.7,05-02-2025
0x07a02699aab990ce8e24eb1b24f43805ab78667f,0,0,0,0,,1,0,,0,,,,,15.1,45.1,,,05-02-2025
0x1ccd4611931ec4e8670ec6d139cec96832fc93ed,-174.3,308.6,2092.7,2150.1,,10,11,,140.6,,,,,92.8,28,143.8,32.6,05-02-2025
0x2d0fc9f782760d5da587f0acc78abb26e2192ce8,107.5,2424,2424,2531.5,100,197,202,1.3,50.2,1,0,0,177.9,0.2,-6.1,,,05-02-2025
0x9201660a998d4c9ff5683cc2dd2a751fd4085565,0,0,0,0,,1,0,,0,,,,,0,0,,,05-02-2025
0x500e6246827f3cfd6cb5347b93e163a64e3996b1,3845.3,676.6,676.6,4521.9,,102,115,,561.2,,,,,133.1,18.1,,,05-02-2025
0xbff4d2acf206bd3af4334342b675a3593c521cf4,0,138.1,297.4,-1533.4,,4,0,,41,,,,,391,6,2717.8,-15.2,05-02-2025
0x7fe3fa2824c6a3ee731d2ba9b89eb98d24fef8f5,0,0,0,0,,0,0,,0,,,,,0,0,,,05-02-2025
0x99add393e9fc92bcb7a04d2b8730c06e8c163539,0,3085,4836.8,4836.8,,336,334,,948.7,,,,,443.7,8.5,180.9,65.7,05-02-2025
0xae98e2ffc76e2f38367b9a3abec24b40804d2f63,-138.9,0,0,-138.9,,32,0,,0,,,,,69.3,-75,70.9,-5.9,05-02-2025
0xfb9c339b4bace4fe63ccc1dd9a3c3c531441d5fe,0,0,0,0,,0,0,,0,,,,,0,0,,,05-02-2025
0x2f1191afa31726137d0d35af237fb3cc2796d825,0,112.8,112.8,112.8,,2,0,,0,,,,,451.7,26,,,05-02-2025
0xf8c66e62362b7c990d90e82e8f6e5deed428a522,174.5,-1590.9,-1409.2,-3407.5,,71,37,,52.4,,,,,386,25.1,1135.8,-24.1,05-02-2025
0x3dd25aeda9a0fbb65880eaaac9eeca6df723595b,0,-910.7,-910.7,-910.7,,0,0,,0,,,,,0,0,,,05-02-2025
0x67a3e85c3e16287eee5ef2eae9bb270811635654,-42.3,-623.9,-2551.2,-1643.1,52,23,22,-23.1,121.3,15,0,0,17.9,183.7,5.6,531.2,-14.6,05-02-2025
0xced917b98bd76cf0c1402044b6b352f2354eb9f8,68.5,3004,2592.2,2446.2,,32,28,,475.5,,,,,49.8,-1.6,1918.8,-13.4,05-02-2025
0xe1a474069489db164a779f10063d7354fa328d4d,0,1944.3,1944.3,1944.3,,13,2,,0,,,,,0,0,,,05-02-2025
0x1ed4ae78eb7fd406d7bdaaa4b2517875695739d7,7.6,0,0,13.3,,0,0,,69.3,,,,,0,0,,,05-02-2025
0x47b887fa30be2374a6a5221701c2fa90b0c1c7f2,0,593.8,943.5,943.5,,21,18,,2125,,,,,665.1,7.9,601.9,-2.8,05-02-2025
0x40a12e764d76752e43a4266f510bb1c4a67ade3e,0,-44.8,-44.8,-44.8,,3,0,,0,,,,,9.6,-1.7,73.4,0,05-02-2025
0xfb7ce7b78cc7356664d42c43216ebb6c7e49b627,-700.1,0,-4546.1,64855.8,,0,0,,429,,,,,2105.7,-42.7,5356.2,-41.6,05-02-2025
0xfaf074b18c52883fe6792b5be306971ac04d2c5a,0,104.5,314.8,-2090,,3,4,,158.3,,,,,506.4,1.8,936.8,-2,05-02-2025
0x51954fcde2e99206af13d8749ec2332f99d49060,64168.4,524.1,42446.2,381901.2,0,0,2,524.1,3350.9,0,0,0,1443.9,1002.5,-3.5,4430.4,10.5,05-02-2025
0x36a13db68331c439f5e0b7d66e73676d7d54f3a4,0,43.3,43.3,43.3,,1,0,,31.2,,,,,87.3,3.9,106,-16.5,05-02-2025
0xb11320d9585ebe0cc461fbdf697d5d65e71f42b9,0,0,0,0,,0,0,,0,,,,,0,0,,,05-02-2025
0xf8191d98ae98d2f7abdfb63a9b0b812b93c873aa,0,0,0,0,,0,0,,134878.4,0,0,0,,0,0,,,05-02-2025
0x5f5a1d45fd5b8c5edad2891f0ee001d555a50eb4,0,206.7,206.7,206.7,,0,6,,0.6,,,,,0,0,,,05-02-2025
0xf9b5e7ffa0bbe68ce904b4583f0ad5079f46bc55,0,0,0,0,,0,0,,0,,,,,0,0,,,05-02-2025
0xbca042a187f87b18565fc2f7212ad660ce5a5297,0,0,-734.7,-734.7,,10,0,,11,,,,,230.2,-10.7,,,05-02-2025
0xf8c078eb04fc983ee8eec32f8774cf07335bfd76,0,0,0,0,,0,0,,0,,,,,0,0,,,05-02-2025
0xce8b3e23820341b69120969e96a46bf034c97e7e,0,0,0,0,,1,0,,0,,,,,5.7,8.8,,,05-02-2025
0x0845c2a2e60f64bf441ec88388a07c575d730e66,0,0,0,40.6,,4,10,,54.7,,,,,86.5,0,,,05-02-2025
0x505174d748d8f2f10d6c4cdc83ef8cc992300c5d,0,492.2,492.2,492.2,,7,1,,2.4,,,,,0,0,,,05-02-2025
0xe327e2f17369f43268dab0d9ff7f53590c501884,0,0,0,0,,0,0,,0,,,,,0,0,,,05-02-2025
0x6150d5be7c5f95bbade28e08de4843bf0ff7e13d,0,-4.3,-4.3,-4.3,,0,0,,0,,,,,5.5,-4.6,,,05-02-2025
0x0fc87ddbdd93f37fbe828d37faa432a43fa1cc63,0,0,0,4789.4,,0,0,,9.4,,,,,0,0,52939.1,9,05-02-2025
0xdcc0ea50c5b25a19b1450e6a32b27a0bb8baae9c,0,0,0,0,,0,0,,0,,,,,0,0,,,05-02-2025
0x6c1551f7d99a5c640cad77982825663b48c3849b,-609.6,1506.6,1706.6,1097,,31,29,,13.4,,,,,174.6,4.7,585.2,-24.7,05-02-2025
0x21320665926a5cb5cf1094d997388d236b38f5df,0,0,0,0,,1,0,,0,,,,,0,0,,,05-02-2025
0x659d27952a71d617e0475722319ad9fc1b06fc64,-117.6,-56.1,-56.6,-174.2,,22,19,,0,,,,,109.9,4.5,574.7,-3.9,05-02-2025
0xf0f1a57b7e1125c42a82ea3226afd1d7a3937c86,0,0,1353.4,5947.3,,0,0,,11.9,,,,,59.2,9.2,23599.3,0.7,05-02-2025
0x21f0679fe5a0bfaa815bcecb3751bbaa54cecfdf,-26.8,0,0,-2895.2,,0,0,,22.7,,,,,0,0,,,05-02-2025
0x1eb2ee742400dc1c084a8f9eb028b54fbc7fae92,-862.7,0,0,15630.5,,0,0,,0,,,,,865.4,-9.2,490.3,-8.9,05-02-2025
0xf318cde0a6c065edeaa77d982b4f979821de013b,1489.1,6345.9,8976.2,54941.7,,10,38,,103581.8,,,,,198.5,0.2,137.5,-63.4,05-02-2025
0x9d12698b5091e108526adf4765f1f4db02085ce6,-1128.9,0,-3461.4,6949.3,,0,0,,277.9,,,,,354.8,1.1,1364.3,19.8,05-02-2025
0x1a11871a4e988707a6584737d72c93cf9b6c66f4,82651.7,0,0,82651.7,,0,0,0,654.8,0,0,0,,0.9,25040.5,,,05-02-2025
0xbfe01d3932fc51c40c617a93b45bedc3935872d9,0,0,146.6,146.6,,0,0,,0.5,,,,,,,59.3,17.9,05-02-2025
0x759962ae6da919c69cdd39bf9a967f3ffcdfe3ca,0,1017.8,1054.2,1054.2,100,3,4,0.2,0,3,0,0,1.5,317.4,18.3,,,05-02-2025
0x719ff24f8decf1736bd8dc0d31a7aac31e59013a,0,-75,326.9,163.8,,6,6,,268.8,,,,,42,-0.3,90.1,139.5,05-02-2025
0x60feb714ae18eae56cedbce3fb8169e67c3fea01,0,0,0,4143.1,,0,0,,0.2,,,,,4879,4,13556.4,3.9,05-02-2025
0xfd8bc499f93d4cb4ca1d4e5957fad560213d9158,0,184.2,184.2,184.2,,38,0,,65,,,,,2.7,-5.9,549.5,33.4,05-02-2025
0x9269092ae91ddd50726c38df470c7e88b50c9f65,31.9,0,0,392.3,,0,0,,64.1,,,,,49.4,52.1,,,05-02-2025
0x54d1ad89e8564e0a9df5441b1727496fdfa734e5,-637.2,0,0,-604.7,,1,0,,11.4,,,,,40.1,-7.5,232.3,-98.1,05-02-2025
0xe5ada835601a390a7cc3788f83e9b89919c8b3b6,0,0,0,0,,0,0,,0,,,,,0,0,,,05-02-2025
0xdaebec7332cde6a9831c6849fdf03e40f62c8928,0,-2970.5,-2970.5,-2970.5,,1,0,,90.7,,,,,0,0,,,05-02-2025
0x103a1930acea13f97a25e398eb06f7d9b00daaa9,0,47.9,2198.3,41317.3,50,2,2,24,643.1,1,0,0,0,357.7,68.6,1468.3,61.3,05-02-2025
0x15d583dafc1c1764d86294338e42225892392557,-1.1,0,0,-6.6,,0,0,,96.7,,,,,0,0,,,05-02-2025
0xe9cf89714edadff0f6725b930610236e71cb913e,0,0,0,0,,0,0,,0,,,,,0,0,,,05-02-2025
0xfd93d59395418e04a31582a61771fe3462426d27,0,0,0,0,,0,0,,0,,,,,0,0,,,05-02-2025
0xf06f8663175d6fc920e29ba5670e0d0f481dc840,0,894.7,898.6,898.6,100,2,5,0.5,0,0,1,0,5.9,0,0,422.4,211.8,05-02-2025
0x2422aaa749aba9df3680050d484467e991818536,0,11563.6,11563.6,11563.6,50,4,13,3.1,0.3,1,0,0,65.5,11.9,-3.3,3880,172.6,05-02-2025
0x42a964b3289e4e9fcbc6ebc334a05903f03851a8,-61.1,1489.2,1475.7,1414.6,28.6,36,33,0.1,2.5,2,0,0,36.1,87.7,-14.5,1422.6,4.3,05-02-2025
0x679d96587efcd3dd0c5a0a64e2f426d19a232b0f,0,0,0,0,,0,0,,0,,,,,0,0,,,05-02-2025
0xcffadc0903f2642c1eddf7d47a59d0852710b722,0,-17.6,-236.4,-1746,51,5154,4487,0,2.4,149,7,3,176.1,89.1,14.9,100.9,-0.5,05-02-2025
0xbeecfc41664bb3e9a6eba5f1362d49c3241639d3,0,118.4,7.6,7.6,,1,1,,797.8,,,,,220.6,0.5,,,05-02-2025
0xa9913ec4d327d3c6068b789d61cebbc004369d17,1393.9,0,0,1393.9,,7,0,,8,,,,,0,0,,,05-02-2025
0x5ec5d3f2d1a1a499cd224c393a208d4ef4c0535f,0,147.4,147.4,227.1,0,2,1,0,0,0,0,1,4,70.6,4.5,89.5,6.7,05-02-2025
0x134c6e22bd1d4dfb2df2abb1879483a0e4049abe,0,0,0,251756.5,,0,0,,187.8,0,0,0,,13773.3,7.3,2067.9,-24.7,05-02-2025
0x1671b592610fb7427ed788b66fa3e9217ff41047,0,0,0,0,,0,0,,103.2,,,,,0,0,,,05-02-2025
0x2be7bb4c8c36d15a07de2ddbe58be4496a4e54f1,0,0,0,0,,0,0,,125.1,,,,,0,0,,,05-02-2025
0x37d374a408787ea6a811a8b4b40998bb8a675542,0,178.4,-578.7,-1131.3,42.9,11,13,0,695.6,3,0,0,4.4,233.1,-6,235,5.5,05-02-2025
0xc959ad0b3382a3dc7fc4b2b329e9d6ac9c200d7b,0,56.1,-4085.4,-4085.4,,138,95,,493.3,,,,,494.1,-18.6,3126.7,-7.4,05-02-2025
0x7f648a913421944d011f3e95c5bd9eabae984922,-0.2,0,0,2077.3,,0,0,,0,,,,,463.4,2.1,5592,-10.7,05-02-2025
0x673988cfeb7e1760eee3c56a9a7e708b53f78a07,8102.5,2902.3,2902.3,11004.8,100,130,135,1.6,0,0,1,0,177.9,13.8,-8.9,3828.4,287.2,05-02-2025
0x588a43f7d507aa107b019e749a90e17f313efb7d,0,1844.5,1844.5,1844.5,,1,0,,492.6,,,,,182.2,2.4,196.1,129.6,05-02-2025
0xa2731d44fe93ccb741987d3799b84f83640410ea,-53.9,513.7,9892.8,80560,100,1,2,0.1,0,1,0,0,190.5,5435,4.1,8905.7,-4.7,05-02-2025
0xd5207ec734ffacde55036267367150f65fbba133,-32.7,-16.1,19,-19.3,,48,30,,0,,,,,1.8,-26.5,8,-10.5,05-02-2025
0x790be29e2e4d38c460c8bab3b894d253db6b4ece,-0.1,-855.4,-855.4,-855.5,,109,98,,0,,,,,180.8,-24.3,595.5,-6,05-02-2025
0x38d0e13449f3c54455193cae232721d7a1b26dca,0,-483,-483,-483,42.9,179,0,-32.2,17.4,11,0,0,109.3,2,0.1,4.3,23.4,05-02-2025
0xa76249c736e70a3e8f66ba987ab50ea8f8e28529,-16.4,1.5,-1.7,-30.9,,0,6,,0.8,,,,,0.6,0.5,,,05-02-2025
0xb621055b5e70e8a3072b0d6e3ef3c2f6d0731919,-257.2,0,0,-257.2,,5,0,,0.4,,,,,58.4,-73.5,61.4,-100,05-02-2025
0x8b92daa8c593adfd59e4d576fcc19ad6f4d72c9d,-21.5,36.5,-345.5,32.3,,18,18,,282.9,,,,,117.6,3.2,221.5,-15.4,05-02-2025
0x9b4c9298a55b47b2c971c6fdb3c45dc0e02e5c3a,0,387.7,231.4,1980.6,,1679,1405,,5.6,,,,,44.2,-9.4,2.5,1.8,05-02-2025
0x78297138687abbac30445fcdf5d3954a90491238,-362.6,510.7,1133.5,13301,,1,2,,0,,,,,293.1,25.7,322.3,20.4,05-02-2025
0x96a676ec44103612022cf99916a4a9f96b7a3a3a,-118.2,0,0,-118.2,,47,0,,0,,,,,12.9,-5.6,69.1,0,05-02-2025
0xc75fb0522154707b48d2656fbbf9cb0c980a309b,0,-224.5,-224.5,-224.5,,1,0,,0,,,,,252.2,0,,,05-02-2025
0x26303df7ba68f03b65dfdf2b5b0185d1af747617,0,0,0,0,,0,0,,0,,,,,0,0,,,05-02-2025
0xe1046c647055a342513e4b014c0da76ae661b125,0,178.6,178.6,178.6,,6,0,,1.3,,,,,105,-2.6,100.7,-12.9,05-02-2025
0xcb74e13d4d0217f436908465c5ca077ddafbfa05,0,70.9,70.9,70.9,,1,0,,3.7,,,,,0,0,,,05-02-2025
0xe27b2042d88a96ef154287cb6ac63b8581be1ddf,0,0,0,0,,0,0,,0,,,,,0,0,,,05-02-2025
0x2eb62963ec352b82df296a1657516d150dc76fe9,-0.1,0,0,-15091.5,,0,0,0,0.8,0,0,0,,12480.8,0.6,,,05-02-2025
0xfa9d7506abac394f3fe3133f24b550acb4dc4f50,3892,0,0,3892,,0,0,0,79.2,0,0,0,,412.6,944.7,,,05-02-2025
0x068c3688a0e9752bfb6549a84090cd60261965d9,0,0,28605.4,28605.4,,1,0,15.7,0,0,0,1,177.9,273.4,2835.4,,,05-02-2025
0x083a11804002f90efef406a84670643fb27995d7,0,-322.7,-322.7,-322.7,,1,0,,0,,,,,191.9,-3.1,771,-16.1,05-02-2025
0x10ea20cf0208a231aeff9ea54b8958c3d9473034,418.3,3990.2,3990.2,4408.6,66.7,81,76,0.2,607.3,8,0,0,24.5,1497.9,5.3,17468.6,19.2,05-02-2025
0xda621d5c9d1edc15d9e55dd341c184aa3d8f77a9,-686,30.8,6343.3,28866,33.3,4,7,10.3,5198,0,1,0,0.3,391.9,53.4,593,55.3,05-02-2025
0x50ab0c2392a9ff1ef4b389eb2eacf6f440b03a46,0,0,0,68233.5,,0,0,,0,,,,,0,0,2600,2624.4,05-02-2025
0xc7bfbf1cc87041e1822124b84c5ae0bfa6f28e07,3894.1,3195.9,3195.9,7090,100,159,162,1.8,41.2,1,0,0,177.8,20.6,-20,,,05-02-2025
0x2f0c20f0bae607fd94806e915e2b916c3781bce1,0,-65.5,-65.5,-65.5,,17,14,,1532.1,,,,,893.7,-1.2,,,05-02-2025
0xe3c00cd8cbc79d282fcb3584424353567c45a103,0,-12026.9,-12026.9,-12026.9,,1,0,,63.3,,,,,0,0,,,05-02-2025
0x89ec4ef86ae0b80e9ab2a2e3b48e60b95c4cb7d1,0,170.4,170.4,170.4,,6,0,,4.7,,,,,0,0,,,05-02-2025
0x43e11b787ad0284c143dde19958ad024da4210ea,0,0,0,0,,1,0,,0,,,,,8.3,0.3,,,05-02-2025
0xf225f4cb80699241e452d75cbe53b88c6496316f,0,12.1,12.1,12.1,6.1,129,201,0,45.4,204,0,0,43.5,534.5,-0.1,,,05-02-2025
0x4667614eb8798297b3f83fbfb368ca9ab17b3198,0,0,4110.3,4110.3,,0,0,,2.5,,,,,99.7,0.4,16.1,0,05-02-2025
0x4981e3ec8fc322885ba0d2de67a1d3abbc90c059,-3232.2,-117.4,-1512.4,-2340.2,,11,7,,6.7,,,,,0,0,1473.2,-74.4,05-02-2025
0xca4527aca1748931b623740a416bf74a94f9fbdb,0,-149.9,-315.4,8981.5,0,11,4,-50,0.1,1,0,0,36.1,885.3,-22.6,1474.7,-9.8,05-02-2025
0xda5276b4e187e660af3116852e836e92e5ddaab1,0,-95.3,-95.3,-95.3,,0,0,,7.8,,,,,31.3,1.1,87.6,-3.6,05-02-2025
0x4a1aa0e7bd239dcc1771f5cbe72d881a0c871234,0,718.3,24126.9,-69877.4,64.8,431,372,8.8,107.6,57,1,0,169.3,29623.1,-7.1,5.5,-56.3,05-02-2025
0x1be0894bb0d02e271d45ec8101409761b9467d93,0,8101.4,15457.6,185196.5,74,6917,4781,19.2,484.5,319,4,2,197.6,14205.2,28,2117.5,-21.6,05-02-2025
0xd35afcab9bd7744d682167cdb7b2a25fe8889d98,0,0,0,0,,0,0,,0,,,,,0,0,,,05-02-2025
0xe1eff3c5906dac40876e37a40d49bdd43c5a9ce6,0,0,0,0,,0,0,,0,,,,,0,0,,,05-02-2025
0x0e9e26e222d9407d5afa74d1d4e13b98fa5a62ae,0.5,886.9,3973.2,24428.8,38.5,18,17,68.2,2015.4,5,0,0,1.4,379.5,-0.5,473.3,122.4,05-02-2025
0x8daaa8166b791d19ba90dfb6cf96a3e8566cf144,0,0,0,0,,1,0,,70.5,,,,,0,0,,,05-02-2025
0xd8747bf3defbb46217a197f3723b54f996016ce0,0,-2057.2,-1089.8,-1089.8,,36,10,,57.7,,,,,208.6,-1.3,1502,6.1,05-02-2025
0xf6c9b560f9f8470500ca6800c8e4df4b9cf805a9,0,0,0,0,,0,0,,0,,,,,0,0,,,05-02-2025
0x3edca6db7028c0aa39a575e685af18a261f36500,0,18.7,18.7,18.7,,1,0,,10,,,,,13.9,13.8,35.5,-49.8,05-02-2025
0x875c99dc2931d09ebc8df844af0ce6560af2d47f,0,526.7,526.7,526.7,,4,0,,5480.5,,,,,0,0,,,05-02-2025
0x936decdbb5a804feb83381e2763cbba6fa1ad4c7,-67.1,11,11,7023.8,50,7,3,1.1,4.2,8,0,0,41.2,51.8,-15.6,298.7,92.9,05-02-2025
0x21515608b115e0a389da92d94a5e099051f1c181,0,12,12,12,,1,0,,10.4,,,,,5.4,70.5,,,05-02-2025
0x6e052cf76af9de4c79cd24b7805e0c0a412fea39,0,1186.9,8173.1,43553.4,66.7,18,9,197.8,36692.4,4,0,0,2.3,252.5,148.8,2096.7,-25.7,05-02-2025
0xd5c480c97d205e60c1f980b691ac94cbaf17db5c,0,0,437.3,437.3,,0,0,,0,,,,,85.7,-3.1,126.8,-9.6,05-02-2025
0xff26569dcd4d13cda322c5406d49636477147cc8,0,-100,-100,-100,,10,0,,3,,,,,9.5,0.9,,,05-02-2025
0x70a3163367c247b0c9e8f9dbfa54d71b10da31ff,0,0,0,0,,0,0,,0,,,,,0,0,,,05-02-2025
0xbee7111754b3d10f1d9d771f5a44a7df5257019a,0,0,770.3,1369.5,,0,0,,0,,,,,213.9,8.4,204,16.5,05-02-2025
0x19af8ea107373f4a5a4a126d238fdf8fe700f9d8,-1250.9,0,1171.1,80142.3,,0,0,,32.4,,,,,34.5,5.2,,,05-02-2025
0xd9cdbe028578ec73282ab70f3a8a6afb29a7d5a8,3428,2003.2,-769.2,63.1,100,18,14,667.7,81.8,2,0,0,554.8,366,-4.5,12666.1,31.5,05-02-2025
0x4e10a3aab91c9153fb81912e727837b13b62203d,0,0,457.5,457.5,,0,0,,0,,,,,0,0,,,05-02-2025
0x4ffd7d9dec68692bcecdb20fef339df8679b536c,0,-187.1,3210.9,2910,,1,1,,311.2,,,,,550.9,0.8,693.2,5.3,05-02-2025
0xa9c75e2a10ef817f75e89c6997e238356ef0408f,-88.8,23.6,-15.8,-748.4,,40,32,,5.2,,,,,304.2,-3.2,1998,4.4,05-02-2025
0x3498e762434088cb20e04fd07df6f833f7e37b8b,0,18.9,18.9,18.9,,2,3,,0,,,,,,,,,05-02-2025
0xe696b53798ba62d98451893dbe908dda0a78bd16,-403.5,0,0,327851.8,,0,0,,6264,,,,,62.9,-1.7,639.8,-63.1,05-02-2025
0xb3ef33d9ea7aa5b59c836cdc2637a4e94395668c,0,-410,-410,-410,,0,0,,0,,,,,247.9,0,2959,0,05-02-2025
0x3f32e001ab88bd9a99f780ea947619a05c97f7f8,0,0,0,10802.2,,0,0,,0.8,,,,,590.5,8.9,40508.8,24.9,05-02-2025
0x79faf1c28e99bb5873642eb7884f36fa1a26ae0d,0,0.1,0.1,0.1,100,1,1,0,0,1,0,0,,,,,,05-02-2025
0xaa779134005845fa651cc85dd2f4dce5171cfdaa,0,192.9,66.4,66.4,,7,10,,18.9,,,,,90.1,7.3,337,3.6,05-02-2025
0xd566cabf24ac5d99829729f35920913017e931d1,0,-4.9,-4.9,-4.9,,10,0,,2.9,,,,,0,0,,,05-02-2025
0xf40877417b89f4f4a8bfe9139653ffe952ff5bba,-320.1,4938.5,5280,6384.4,75,9,8,1234.6,163.9,4,0,0,80.9,39.9,-6.5,145.8,-31.6,05-02-2025
0x36548e77cb457d10479f8d908b7bdb87737f027b,0,11.5,11.5,11.5,,1550,0,,0,,,,,0,0,,,05-02-2025
0x847f0990f8a0a868abc07481ec5fa8b6410ddbd5,0,0,-6.3,249.9,,0,0,,0,,,,,94.6,15.8,,,05-02-2025
0xe90b3156191cf0e2f9d315d22a2a495fdbfc9aee,0,0,0,0,,3,0,,55.3,,,,,0,0,,,05-02-2025
0xa0ae623bc66c64b88791caa5c4f9ba23f5079eca,0,445.3,544,1980.6,,5,7,,853.8,,,,,114.4,14.4,156.6,24.2,05-02-2025
0xe8d5b6b1c28d2c662bc4b2c168184fda37872df0,0,-93,2152.5,2152.5,,2,0,,9,,,,,972.4,2.7,,,05-02-2025
0xc3711fae5d916ada8c7515fb9e4f536daae8ada9,1796.3,144.2,548.6,2344.9,,13,9,,19.9,,,,,0.5,1.4,139.6,10935.2,05-02-2025
0x8789f7def109589983446a34e9aec7152f5142ad,0,0,0,0,,2,0,,0,,,,,0,0,,,05-02-2025
0x152254c00a481e75b392db07538a8a35aa83b971,-362.7,3,3,-322.6,100,3,3,0,600.3,1,0,0,,178.6,-11.5,77,48.1,05-02-2025
0x2418e5fe23b0da1461c5b8d4ad4fa304e59d24fe,5339.4,0,0,5339.4,,0,0,,76.6,,,,,218.1,613.8,17.7,-88.3,05-02-2025
0x1a620bf8e04c23a19193ae2fb77201c7069c6cda,0,0,0,11.7,,0,0,,0,,,,,1.9,6.9,,,05-02-2025
0xe1b0db64f119e28a85dd20d1a621b126d461d379,0,-440.4,-977.9,-8324.3,40,4,1,-73.4,921.8,3,0,0,581.8,153.5,-7.9,1317.9,-21.7,05-02-2025
0xe6d70f64ed49bd52217d59fee2f110b21a2a005b,0,-3.5,-3.5,-3.5,,1,0,,167.2,,,,,0,0,,,05-02-2025
0xe93eea410e41746ec65519ccb49d421c321f81db,0,85.4,85.4,85.4,,1,0,,0,,,,,0,0,,,05-02-2025
0x674a3699aa11b34b4c3ca1ca6f39d15234ba6eaf,-3.2,271.5,973.4,31522.1,,1,1,,111.2,,,,,704.1,349.4,2284.8,78.6,05-02-2025
0x83c4ae9deb8e0b90a2621ed5e4ea8a98cfbc8bc0,0,105.7,105.7,105.7,,3,1,,144.7,,,,,34.5,4.8,,,05-02-2025
0x01d046215e943b18741f9679e09ff063977a0527,0,-97.6,-97.6,-97.6,,1,0,,29.2,,,,,40.4,1.2,46.6,33.7,05-02-2025
0xc56c225c4ba40708ad9e04b2563208712fe56741,0,0,0,0,,1,0,,0,,,,,0,0,,,05-02-2025
0x71386d51a1c39595a49f9d5189dc4a351912cf39,0,355.7,355.7,355.7,,1,4,,0,,,,,0,0,101.1,352,05-02-2025
0x2b11842d10843ca74a484edc2854208f90695c98,-9945.1,-195.3,-4934.1,31669.9,0,3,8,-21.7,148.5,1,0,0,218.5,84.6,-30.6,223.6,-7.9,05-02-2025
0x02df9ffc31803e2c0c1cd59551f9d24f679e86f4,0,20.1,-255.9,-2085.3,52.8,3164,2840,0,43.9,273,10,5,189.9,328.1,5.5,7.1,2.7,05-02-2025
0xf1cce9a6fa7d37545361853b703e6762c94b9389,0,0,0,0,,0,0,,0,,,,,0,0,,,05-02-2025
0x942bf0f382ae0b91f8d347b71818f4e840cfd897,0,731.3,3172.5,3704.6,38.5,65,61,28.1,738.8,10,0,0,0,235.6,2,495.4,-2.1,05-02-2025
0x499864b43439bca48b5d4fdd7e7e9b8ace2b294c,0,-6931.5,-6931.5,-6931.5,,4,0,,0,,,,,217.1,-24.1,287.2,-19.8,05-02-2025
0xa0cb4ebd48c39b9c16f9aa87d9e7faa4afdfb9e8,0,1055.3,800.9,19951.1,50,3,4,527.6,2233.3,1,0,0,0.1,350.3,-2.6,,,05-02-2025
0x1ead86f304b9afa1509e4d448f708dfec8351a22,-13.9,-18.8,166.7,152.8,,2,3,,267.7,,,,,79.7,-16.3,118.6,97.4,05-02-2025
0x6e68e5a2b08a3a74b7bd269339a874f3fa7583a8,-33.4,55.3,485.2,17687.9,,103,27,,1219.2,,,,,410.8,-2.9,1329.5,-6.2,05-02-2025
0xd739eea9142017dd5e5cf63c4cfc2aca380c8665,0,8362.2,8362.2,8362.2,,9,12,,0,,,,,0,0,,,05-02-2025
0xb2631e77b5e5a0197f90b374a548835a8d844941,0,-330.1,-330.1,-330.1,,20,0,,2.3,,,,,19.8,-2.8,29.1,-85.2,05-02-2025
0x724af7394157bafdedb1a7ff4a2c25106e8bce1f,-18.3,32.5,30.6,29.5,,17,5,,26.9,,,,,15,6.7,106,85.5,05-02-2025
0x877f879d552fa6497ce8ac1f7a2393d2f4ef8b80,0,0,266.7,266.8,,0,0,,4.4,,,,,0,0,,,05-02-2025
0xfc02e70c227e98674dee32a5c3dbc7e924ad24cc,0,0,0,0,,0,0,,0,,,,,0,0,,,05-02-2025
0x000000000000e4761cb1bdd2a2e059d3896df95e,-206.2,-762.9,-1368.1,633725.5,71.5,24015,22618,-1.5,26,357,0,0,159.1,296490,-0.4,187316.7,0.3,05-02-2025
0xa0f3a19981a0e6d1452d7c727c91464e53258186,0,0,0,-5.4,0,0,41,0,131.8,24,0,0,,0,0,,,05-02-2025
0x869f8870e19f1eae4e07ed0c264801f95a90f3e4,-59.9,-295.9,9732.3,28759.6,22.2,15,14,,0,2,0,0,0.2,318,1.2,388.5,8.7,05-02-2025
0xa950ccf4b4d1a78261b7bde3efc3427b27ade0e8,0,0,0,0.1,,0,0,,0.9,,,,,0,0,,,05-02-2025
0x280291a49534ffa761a7a961e00c0153701fb68f,0,4819.3,4819.7,4819.7,,3,7,,16535.2,,,,,240.2,41.8,,,05-02-2025
0x747e1d35fc121ac97cffa5540d1db2aaa59b944b,340.6,2340.9,2340.9,2681.5,100,173,182,1.3,0,1,0,0,177.9,0.2,1.6,,,05-02-2025
0x94053c60737b3d1cfeb652e692a23e008f548b7f,-0.1,-17.3,1585.5,1589.3,,0,2,,0,,,,,210.2,-3.1,450,16.7,05-02-2025
0x902abfde086583067d2854e36fe1034ec9079bb8,-2519.3,0,0,410277.1,,0,0,,784.4,,,,,0,0,1947.7,-33.3,05-02-2025
0x1f548063f5108da3136e9a8d0d4087db0e7ea0b9,3.6,-304.3,1370.1,25189.2,50,13,11,-23.4,6748.4,7,0,0,1.4,569.7,7.2,,,05-02-2025
0x4238c0bfcd2143ba568d600537a0b6997b2decd2,0,0,0,0,,1,0,,0,,,,,0,0,,,05-02-2025
0x7915ec157c71b1daf7e63bd64654df7f939d175d,-246.5,0,0,-605,50,1,1,0,121.5,2,0,0,0.1,252.8,-33.2,729.7,-11.3,05-02-2025
0x49add3e8329f2a2f507238b0a684d03eae205aab,0,-4.1,-4.1,-4.1,,163,0,,147.1,,,,,0,0,,,05-02-2025
0x28d26070dbb53f995afdc4a41ac74a1bd5fe851d,538,3072.7,17224,17761.9,46.2,33,46,0.1,12219.5,12,0,2,76.3,346.4,17.6,1305.7,-4.2,05-02-2025
0x5892085fba8cbb84e7b5ad21992a5ef7dfbc5a43,13835,4522,4522,18357,100,210,192,2.5,77.7,0,1,0,177.9,7,-7.4,7546.2,262.5,05-02-2025
0xb58355bd6ced1ea89a89e0ee603dcb347b53952c,0,0,0,136.2,,0,0,,32,,,,,5.2,-2.2,216,-0.6,05-02-2025
0xf75d6f7eb83c88a5028a895cc21bfc010cbd03e6,0,0,0,0,,0,0,,0,,,,,0,0,,,05-02-2025
0x56e8dd851adcc9490a75204675a4f76fed5e147a,-132.1,0,0,-132.1,,26,0,,0.4,,,,,82.5,-89.7,71.8,0,05-02-2025
0xd16e832c63f08a7d58e7af9e234d0fa859e42e4c,-3.1,17.1,44.9,166,,3,10,,20.7,,,,,4.6,99.1,,,05-02-2025
0x4f95bcb864c07bd97473b34ef4c7ffa9dfb6c3a0,0,46,46,46,,28,0,,0,,,,,71,-1.5,,,05-02-2025
0x603f9f25ea89f465e36e2e9a9eb13289f0e7dae8,-26.6,19.8,29.3,-271.1,100,4,0,4,24.4,5,0,0,193.4,13.2,-21.3,34.8,-30.6,05-02-2025
0xf46cd8207739308f6f060bf555a2003127808ac2,0,0,0,0,,0,0,,0,,,,,0,0,,,05-02-2025
0x2d360d12d700eb025efb79635d59dd52e06cd4dc,-1.1,-112.7,-2322.9,-2324.1,,3,5,,1.1,,,,,189,-15.5,506.8,-31.1,05-02-2025
0xd45607b7dc456b96319dba175fda977fc3d27397,-5,108.3,1939.7,20988.3,57.1,12,13,13.5,5.1,6,0,0,73.5,940.1,-3.8,821.5,-1.8,05-02-2025
0xf76fefe506a5771fca37c677a3b73c11adcc41da,0,0,0,0,,0,0,,0,,,,,0,0,,,05-02-2025
0x2bd581ed4f840a5493552551bc7db6d074c0a594,0,0,0,0,,0,0,,0.3,,,,,0,0,,,05-02-2025
0x76a1bcfd58c83aa09773fd8fa2159a58f05f3a84,-3355.9,0,0,519348.7,,0,0,,1844.9,,,,,1476.3,-31.4,8609.5,0.5,05-02-2025
0xeb95507164f8a25dac99abcdd724a353ddaf5c8d,0.4,159.9,159.1,159.5,,0,1,,0.5,,,,,0.6,0,,,05-02-2025
0xad330041ac32d5ea15264fc2bf3ac8cd19d01641,0,0,-3570.3,1177.9,,0,0,0,17.2,0,0,0,,460.2,-7.5,2317.6,1.1,05-02-2025
0x184a1e690094f80bdc2392c89755ae07a176db8f,2764.6,-64,103.7,6842,,0,0,,1.6,,,,,98.8,-5.8,512.8,-51.9,05-02-2025
0x41446ee5bc17c4d74b199267f3c2c8d89f63a0ac,0,-1.7,-1.7,-1.7,,3,0,,12.3,,,,,0,0,,,05-02-2025
0xeb2e4ed47bac4c0ea1c988050eae68e5963346e2,0,2715.5,2715.5,2715.5,100,1,3,1.5,41.1,0,0,1,154.8,0,0,539,503.8,05-02-2025
0xe699a1220e9acb4a3b2507be09c177ef2b2e6fdf,-134.7,0,0,-134.7,,26,0,,0.4,,,,,78.4,-87,81,-55.6,05-02-2025
0x49d28a165e18a7288f1cbc36d7b870c77504ba19,0,20669.4,47301.3,164911,78,3607,2518,67.1,2985.8,240,7,3,119.7,6593.9,13.4,3270.6,4.8,05-02-2025
0xdf2297e6cb376896910fb241930d9a7cc8a25519,43.1,0,226.3,287.7,,0,0,,122.5,,,,,180.8,40.2,,,05-02-2025
0x0246310840607ebddeebfadcf947e568a9ec6e12,0,0,0,102019.3,,0,0,,0,,,,,0,0,2600,3923.8,05-02-2025
0xbef2257034f33f255788c86ebdc0fbc50f0e9e2e,-6078.6,0,-34974.2,69243.5,,0,0,,12.8,,,,,537.6,-9.3,5168.5,1021.3,05-02-2025
0xcdf33dba6458ac62d05de1bd40d26816fc8b0829,0,14.4,14.4,14.4,,1,0,,0,,,,,5,5.9,7.1,0,05-02-2025
0xb073833f7fc3370c52ba5d53da30ef5b591b8eef,0,35.2,35.2,35.2,100,9,1,0,0,1,0,0,70.3,810.5,4.3,,,05-02-2025
0x108d84c85fb07072300e37988686983b210b9162,0,164.9,164.9,164.9,50,31,0,82.4,12.1,1,0,0,598.8,83.1,-0.1,55.8,0,05-02-2025
0xfacb41285376fa0a8ad144205c03e279d07c4c82,0,0,0,0,,0,0,,0,,,,,0,0,,,05-02-2025
0x14201df4c3892494fa99d3530af234458832ea1c,0,0,0,0,,7,0,,0,,,,,6.2,-2.6,6.7,0,05-02-2025
0xad3768e5d8a1d76a53c4623009ef19f04b29cb4a,-44.6,1200.3,5398.2,4182.2,25,3,10,1.6,13.2,5,0,0,287,32.8,-9.2,2124.4,-10.4,05-02-2025
0x0f57875c41ca2028a072bd82a206ec0023597a05,0,0,0,0,,0,0,,14.4,,,,,6,0,,,05-02-2025
0x9f8c67f80050de7ea744bbc115de238bc33f3766,0,51.6,51.6,51.6,,3,1,,0,,,,,243.6,21.2,,,05-02-2025
0x5ddcc5f09aa3e82b4c142da978cddd8dc16dead1,0,31.9,31.9,33.3,100,0,1,0,87.5,1,0,0,852.9,0,0,,,05-02-2025
0x6d722993186cc183778c3df8fda20baecc04d506,0,0,0,0,,1,0,,0,,,,,157.1,10776.5,,,05-02-2025
0x93bf70895d9bc1e56be228b0164451b00513323d,-101,0,0,-2834.2,,0,0,,4.1,,,,,1024.2,-29.1,428.9,-4.5,05-02-2025
0xae61bf3a7dfcc676f7d8cfdda3659bcd840d4b93,0,0,0,0,,0,0,,0,,,,,0,0,,,05-02-2025
0x06e803bd86f67feefd780edcd81c324f740849de,0,1604,1604,1604,,2,4,,0,,,,,0,0,,,05-02-2025
0xddd18767002b45fd3f79df5e071634374bd6928d,0,0,100.6,7380.7,,0,0,,0.7,,,,,69.7,-0.2,97,-5.3,05-02-2025
0xfd6dc55308db53c2271495a580efe3fbad67bcff,0,0,0,0,,0,0,,0,,,,,0,0,,,05-02-2025
0x0e6e75f885cbe2f2e7df568d8efb80c3d5ee78dd,-0.9,0.4,-0.2,-1.1,31.2,40,15,0.1,1.1,6,0,0,630.6,1.4,59.4,3.5,-11.5,05-02-2025
0x0ad47dba6c131ea426b0fd1ee2e11d716c144c6d,-218,104.4,698.3,59.7,,9,13,,1.6,,,,,69.5,-0.1,203.9,3.2,05-02-2025
0x89d944a58434da8f3975dca77eca004ca61d875a,-239.2,208.5,-319.9,-567,13.8,105,75,0,10.4,6,1,2,32.3,35.8,4.9,,,05-02-2025
0xc50981705526574f8a561d9590b9adefdc2b717f,0,0,0,0,,0,0,,3.9,,,,,0,0,,,05-02-2025
0x0987dfa6271af295005cdce6ed1934ee164596dd,0,0,0,0,,0,0,,0,,,,,0,0,,,05-02-2025
0xc92b8a6bcf383864d055eb7b6b266054df8f4b47,0,-108.3,-108.3,-108.3,,1,0,,0,,,,,23.4,-11.3,50.1,-26.4,05-02-2025
0x1ee569b30a7a3989dfc0ce7db1db6114e780bad3,7389.4,0,559.2,9154.9,,1,0,0,368.5,0,0,1,56.8,240.4,66,658.8,-58.4,05-02-2025
0xff86ec8a637afa5c6fda291c8ca556c7e862beac,0,0,0,0,,0,0,,0,,,,,0,0,,,05-02-2025
0xcfe50d3b4f44bacadf5a89f4ca6432792adb2499,0,0,0,0,,0,0,,0,,,,,0,0,,,05-02-2025
0x899f50b392825e23dbf058140ddd6192d30f930f,1821.2,111.7,111.7,1932.9,,0,1,,1691.3,,,,,,,,,05-02-2025
0x1aba65aad360c19536570084ed813efaba0f8940,0,0,0,0,,2,0,,0,,,,,0,0,,,05-02-2025
0xb545e644f3a71d5832d236ff54e717fb3c9ebf5e,0,0.3,0.3,0.3,100,2,2,0,0,1,0,0,167.9,,,,,05-02-2025
0xf34512e7394bdba084e88ea155572c3edf12add2,-71750.1,0,-2,-71752.1,,0,0,,6.9,,,,,0.5,-13.4,,,05-02-2025
0x487e8650d717c5002551961da65a3a14ba5ad7bc,0,0,1366.7,1366.7,,0,0,,0,,,,,199.1,43.3,378.5,26.6,05-02-2025
0xc009778884f25cbb5c5f5a81fc24028a1706cd20,0,0,0,2703.1,,0,0,,1.1,,,,,0,0,11061.6,75.1,05-02-2025
0xa4e2f2e7a84751379fc6f9a20930413e58604e89,6007.7,0,0,6007.7,,1,0,,22.8,,,,,396.5,378.8,,,05-02-2025
0xae71ba6789a617977a6c8972c4e5abb071b43915,0,0,0,0,,0,0,,0,,,,,0,0,,,05-02-2025
0x0d28b448e4ae3b6f437f7b9fe5fa187d0c84bac8,0,0,0,0,,1,0,,108.7,,,,,0,0,,,05-02-2025
0xe4f3fcf3c69d69fcfe2c39b4903a1f385f320278,0,-3.8,-3.8,-3.8,,3,0,,0,,,,,0.2,-3.5,,,05-02-2025
0xafda9de23bc261a36e713ec68d9ef0c4084cf993,0,0,0,0,,1,0,,15.8,,,,,10.4,19435.3,,,05-02-2025
0x18955ff44c5fd6d62dbb8d91622c2dfb5e094361,0,2.8,2.8,2.8,,56,0,,13,,,,,7.5,-5.1,9.7,0,05-02-2025
0x60ef1f29a53b17449e78dc74ba1e44d9a872af34,-19.3,28.6,366.5,3059.6,41.2,22,21,0,0,8,1,0,39.3,259,17,183.3,3.6,05-02-2025
0x6c9b94c66816e47697edd65825155b340f694aad,-57.2,580.6,674.9,1027.3,,48,24,,0,,,,,47.7,-0.6,202.6,-7.3,05-02-2025
0xc825b4d08d339a28444d5695353220134af27ee4,0,0,0,0,,0,0,,0,,,,,0,0,,,05-02-2025
0x71ed106ab6357cc7bc4cef1e94d03972359edf51,0,0,0,-1035.7,,0,0,,26.8,0,0,0,,0,0,,,05-02-2025
0xa7cdbf6f0a76bf4800a22ea00ad0042a7cf8186a,0,0,0,0,,0,1,,8.4,,,,,0,0,,,05-02-2025
0x0b26baf0491bf049489b347fedf4cd13e737dc8c,0,0,0,229579.2,,0,0,,6,,,,,668.2,-1.7,2832.9,-5.7,05-02-2025
0xfabaaf8fae09b21a62a3355bcc793501934e7a88,0,0,0,0,,0,0,,5.8,,,,,0,0,,,05-02-2025
0xd41869851e4c7c4b90ac332086d61534fc11ff2a,0,0,0,0,,0,0,,0,,,,,0,0,,,05-02-2025
0xef960797815e0965006f00699e28ba8e2713eb2a,-3519.7,-194,-870.1,3772.8,,19,8,,4.1,,,,,0,0,1054.2,-97.1,05-02-2025
0xa6aa97cb4158cbc7cc848d749a49c6093aa55a3d,0,3929.8,3929.8,3929.8,,4,6,,0,,,,,0,0,,,05-02-2025
0x28d0c1150f356c66fd15f1d31cd7820825448c45,0,0,32259.9,32259.9,,0,0,,0,,,,,6847.3,11.7,8711.9,1.1,05-02-2025
0x437b6fbd868d73f56134e583e984963937f596f4,-145.7,0,0,-145.7,,48,0,,0,,,,,12.6,0,71.8,-3.1,05-02-2025
0xd9e0770f778e15e7b1f79d9ff1a08676a9fbb13d,0,12942.4,12942.4,12942.4,,4167,0,,0,0,0,0,,0,0,,,05-02-2025
0xa2efd1db01e662bd25715c5eb196fc68859bdcfc,-40.6,0,-1.9,-28.3,,0,0,,16,,,,,2.1,0.8,1.9,-0.8,05-02-2025
0xb9221efcc3d1ebb7940c257397cc074efa495c91,0,0,0,-1197.8,,0,0,,9.3,0,0,0,,0,0,596.9,-35.9,05-02-2025
0x6eea812db2f2b65614a1624bd08e86fc32376f3a,0,36.6,1944,1944,,124,96,,299.4,,,,,255,4.9,1492.8,-35.1,05-02-2025
0xce5d1691d2811de09aa3f3665573a0c3529d9779,-42.9,1169.5,-1939.6,684.9,,78,39,,10.9,,,,,164.9,1.8,6859.2,13.3,05-02-2025
0xbc1b2713083bb72aef2511aa49571c8f0a4ca4dd,0,0,0,322797.9,,0,0,,0,,,,,257.1,2561.9,,,05-02-2025
0x5d86b9a632b7b1c1af5c835b065408604bea7668,0,57.5,528.1,6965.3,,12,12,,186.7,,,,,380.6,3.5,,,05-02-2025
0xc942b7fe81f124a82d31d01b6ef457c74254cf1d,0,618.1,618.1,618.1,,27,0,,8.2,,,,,17.5,4.5,,,05-02-2025
0xbd1ec7a58e3232957ab4e1c232b1bdd811c78fd0,6118.5,3812.4,3812.4,9930.9,100,185,187,2.1,50.4,0,1,0,177.8,7.7,-2.8,7040.7,156.1,05-02-2025
0x38eb439d2b121220d7add90bd611eb2cd79f9edf,-11581.3,1475.7,6072.6,1941.9,,20,4,,497.2,,,,,4,-3,741.6,28,05-02-2025
0x18c619b81d89f84d1ccc35be669a705cc9ea559b,0,0,0,0,,3,0,,0,,,,,0,0,,,05-02-2025
0x540531d82293abc8cf98354f836a16ecd90f5385,0,7038.7,8235.2,8235.2,,13,12,,1895.4,,,,,111.8,53.7,590.5,-15.4,05-02-2025
0x23ffa2be46b643782bb95b05a518e8e9a29ce157,4265.1,0,0,4205.9,,0,0,,0.6,,,,,5.1,5295.6,39.9,-8.2,05-02-2025
0x856fcf0b1e56a7b85915d0efd9aaa210af554a32,0,0,0,0,,1,0,,266.2,,,,,0,0,,,05-02-2025
0xfc4d75f138c9a9a44a77fd1ca7d81aec727dbd90,-445.6,0,0,-445.6,,0,0,,22.6,,,,,0,0,,,05-02-2025
0x35fa9e991008462ccea828eecc867aaa8632d75e,2.4,0,0,23.6,,0,0,,27.8,,,,,0,0,,,05-02-2025
0x3942ec18c6a14489a5454df0d8189d49c12181df,21806,0,0,21806,,0,0,0,18.7,0,0,0,,57.3,4231.2,,,05-02-2025
0xfaaa2905289cb0c6e4fdffb240cb7b3aec8b0401,0,0,0,0,,0,0,,0,,,,,0,0,,,05-02-2025
0x61ebb17c7858acc072eddce7edd548656324ac5f,0,11,-59.3,-192.2,,5,38,,6.2,,,,,170.1,0.4,136.7,3.6,05-02-2025
0xcfb6d5da4c7838ee305c18db0a94b018296ca710,0,0,0,0,,0,0,,0,,,,,0,0,,,05-02-2025
0x74459373753c0ed40312541f53dfd663e46c179f,0,-373.8,-373.8,-373.8,,8,0,,0,,,,,45.2,-14.6,,,05-02-2025
0xf947fc963b1168b0027dcf8e130b0297b28e2d40,0,0,0,0,,0,0,,0,,,,,0,0,,,05-02-2025
0x7cab1115d737a1eff5e96c57136afa7bd11c0aeb,0,6800.6,-7640.2,39721.7,66.2,20861,19142,13.6,327.8,305,8,2,103.2,5129.6,27.8,,,05-02-2025
0xe9d137d7df9d2dfbf30110e036a8e696828b6306,0,6924.8,5526.7,251692.4,50,7,7,3462.4,3554,1,0,0,0.2,556.5,11,3223.2,23.5,05-02-2025
0x0c60b11bea7ba9f69b1d97ce82b3dc69b3d2b9c9,0,0,0,7148.1,,0,0,,0,,,,,24.6,6,,,05-02-2025
0xab2988b5e4b1f2ba5481368e645049da4fe620cb,-80.7,0,0,-80.7,,24,0,,0.4,,,,,82.2,-85.4,70.9,0,05-02-2025
0xf317afbd08a4fb80397b9bc897fb616dcad37528,33.3,-2390.8,-3652.2,-4464.9,,153,214,,82.5,,,,,0,0,,,05-02-2025
0xf5d7d7a37c8abc4bbfa6952db114d4eb6bf3926c,496.4,287.5,389.8,-473.8,66.7,6,6,71.9,3.9,4,0,0,181.8,66,0.9,,,05-02-2025
0xa6ed0927bdfe0740db804aa782731df22e733236,0,0,-5109.4,55645.9,,0,0,,59.4,,,,,0,0,3030.1,-16.8,05-02-2025
0x8cd3062bad93c6dfd8cd96a24ed67f53432d8c88,0,0,0,0,,1,0,,866.8,,,,,4.1,0,,,05-02-2025
0x432d2bbe5966f85a8453392b493eded45a9ef974,-119.4,15.9,-102.7,935.5,20,11,7,1.6,63.5,1,0,1,7.3,2.7,-10.5,3.8,-95,05-02-2025
0xe40bf68d4977ba3900f3d0f8c270ec7faf6d9999,-132.8,254.6,258.6,5664.4,100,28,7,0,94.2,8,0,0,44.7,101,-17.8,408.5,63.9,05-02-2025
0x3ccce029d36715f4d4a2ea9bdeca1b321ba113bf,-3594.2,-87.8,-13222,-3768.1,50,52,36,-4.9,1654.7,10,1,0,124.1,527.6,-26.5,2814.8,-9.2,05-02-2025
0x43e0ee6540ce2af3e778280d377233cbdf57c535,0,180.4,180.4,180.4,100,1,6,0.1,100.9,1,0,0,1.3,607.4,7.4,,,05-02-2025
0x67ccb08b83293d55184d8e6c3cc7d0b0edb48ca6,0,-401,59.3,758,28.2,56,49,-10.3,95.9,11,0,0,0.9,44.8,-2.4,118.3,-98.2,05-02-2025
0xf9de5d11950828cf0dab5ee13b3cb980fa5a5c41,0,0,1822.7,1918.1,,0,0,,0,0,0,0,,1366.1,-10.5,2332.9,-13.9,05-02-2025
0x6d6b0b383b5079d03d60f81aaa2da9507666c4c2,0,0,0,0,0,0,0,0,16,0,0,0,873.8,0,0,,,05-02-2025
0x9d74bc8dc235ce3f382995fb8ec2682d02e4248f,0,0,0,0,,1,0,,0,,,,,0,0,,,05-02-2025
0x029e770d3020af04262d6438a32dc7bfbb186ed6,-59.1,0,0,-59.1,,3,0,,0.4,,,,,47.7,-15.8,,,05-02-2025
0xaeca84c904a4a1181ffa3ea9b2393b29500cddc9,-2678.9,672.5,21281.6,35957.3,37.5,40,44,25.9,3834.7,10,1,1,177.7,306.2,5.3,2272.8,-25.2,05-02-2025
0xde3d02fd57cc278004961ba60e10164ea4240957,0,0,0,0,,0,0,,452.7,,,,,0,0,,,05-02-2025
0x2e87ac5b1af0d5c418365df3f2cf91240964e514,977.7,-2384.2,67944.1,331356.5,29.2,15,29,-99.3,8114,7,4,0,107.7,894.4,32.3,1899.6,-9,05-02-2025
0xe8d90453a388a1f4e4bfbe67d556c7f67cc36440,0,127.6,-6.6,-6.6,,47,37,,0,,,,,45.4,15.6,117.5,-8.6,05-02-2025
0xa36d49aee10c91d5f4b421efe1c4b0894ab86242,-1226.7,32.9,321.5,-509.5,100,2,1,0.1,0,2,0,0,84,192.8,0.6,401.8,-16.4,05-02-2025
0xece1d6eeca23ef9a3fd6a317cf53d8fcb2fd19ad,-36.4,6.5,-174.9,-211.3,,8,6,,0,,,,,5.9,-3.3,7.5,9.5,05-02-2025
0x318929465355c656f449c339ae50b8b57b7d226c,-72.6,0,0,-72.6,,32,0,,0,,,,,70.9,-68.4,71.6,0,05-02-2025
0x10690d3084ad63831973d9d137582548afc87ab0,5487.8,1094.8,1094.8,6582.6,,38,44,,0,,,,,2.6,1,1278.9,514.6,05-02-2025
0x2566535a072fc12415ea51e4eb339b4c2ab52390,0,-1.1,-1.1,-1.1,,4,0,,4.5,,,,,4.9,-4.8,37.6,2,05-02-2025
0xffacac756dfebec0130da287de4b0b42891f9429,0,0,0,0,,0,0,,0,,,,,0,0,,,05-02-2025
0x35985ea8520cb04a6962dedfe48127ebdae1ad34,9795.4,0,513.5,11282.2,,0,0,,59.9,,,,,1347.6,825.5,,,05-02-2025
0x8262b18793b14b41530842ad5eadc2981b0902e9,-10390.6,2857.6,1466.3,-14831.4,47.4,114,84,59.5,247.2,24,2,0,38.3,150.1,39.2,329.3,-18.5,05-02-2025
0xff31bb320a414557628761390d54c4d61025a44d,0,440.5,795.2,795.2,27.5,272,180,8.6,0,16,0,0,3.5,289,-5.6,1611.4,0.2,05-02-2025
0x074d6b056c4b51ae61282b44e70b5b1a643faacf,0,-824.7,-824.7,-824.7,,6,0,,1.5,,,,,121.6,-2.6,3229.4,-59.4,05-02-2025
0x5cf5d030518be617c04b5d69e7a24aaeec8986f2,53.1,-215.7,-215.7,-162.6,33.3,16,19,0,1.3,4,0,0,12,12.5,4.9,936.3,16.1,05-02-2025
0xda359160d56212cf35b170973a28c23704ac3f44,0,0,0,0,,0,0,,0,,,,,0,0,,,05-02-2025
0x283b74929795f50f516224c1b912666b934e74c5,0,0,591.6,3352.4,,0,0,,3402.9,,,,,199.7,-14.8,1936.5,44.2,05-02-2025
0xe3ca277c4462e0b958ce4654c69c5ed134963bd8,0,0,0,0,,3,0,,0,,,,,0,0,,,05-02-2025
0x097e5617169a8cde08e80db280fd1aa8a5bc8dd1,-38.9,-3343.2,-17367.5,-15676.5,17.1,65,60,0,0.6,8,0,0,32.9,712.3,-31.2,3644.7,6.9,05-02-2025
0x1307b9b7e66de80456e48d08c556b3b64c4e7a3d,-124.2,0,-343.8,277.6,,0,0,,0,,,,,6.5,0.4,365.4,-12.1,05-02-2025
0x9afb42cbc0a524f85e58ed307954a2c667092961,0,0,0,0,,1,0,,153.8,,,,,0,0,,,05-02-2025
0x2c9e7dd1eb40294865a404fc72e8828e3744133f,22336.8,0,0,22336.8,,0,0,0,18.6,0,0,0,,41.7,3348.3,,,05-02-2025
0xbd915dcaa0e675030e188f852ccdd863f0fdd651,0,0,0,63.4,,0,2,,11.2,,,,,7.3,9.3,85.3,-0.1,05-02-2025
0xa9c07f0364a10e8bbe93f83f14dc66d5ec9410c1,-5.7,58.9,8,-174.9,75,126,95,4.9,22.1,8,0,0,6.2,47.2,0.2,237.3,-3,05-02-2025
0x00000000009f30bf58f8cc15772009f1f2f841f6,19.7,1918.4,207232.8,542063.5,77.1,17512,15684,3.8,29.7,370,4,3,180.3,240033.1,0.2,315.8,15.1,05-02-2025
0x6a1c9cc381076e00e95bbf17249a70e210a5bc34,0,0,0,0,,1,0,,0,,,,,0,0,,,05-02-2025
0xb9d800c65f7d487318f0e9aa4a80e041c5a04c52,0,3496.1,3496.1,3496.1,,25,0,,62,,,,,0,0,,,05-02-2025
0x168185de050a954289030f54d9bccf8688f381cf,0,0,0,-114.3,0,0,0,0,31.6,0,0,0,16.2,30.5,3.9,,,05-02-2025
0xb468fe936a98c5e8e4e8aa7a12402c6e87a1b478,0,-670.7,-670.7,-670.7,,4,2,,0,,,,,412.3,-18.1,,,05-02-2025
0xb87ef0abe2cb972f48d324573fc8d300bc5b4e72,0,833.7,833.7,833.7,,96,0,,0,,,,,10.6,-4.5,5.9,44.4,05-02-2025
0x76b9b482b129a86969484997a1207a4b8e15b86c,18,0,0,33,,0,0,,35.7,,,,,0,0,,,05-02-2025
0x9d80a9aa3d656f4e84ae0a872d18542a81121bc2,0,0,0,258271.1,,0,0,,0,,,,,0,0,,,05-02-2025
0xf6b67ddd7a59317e9ae9ffe20e5f933fa4168f55,-28.9,79.5,338.9,310.1,,3,12,,36.9,,,,,36,3.4,66.8,7.4,05-02-2025
0x2b9999bd44227367356b86deb13eb58dcab87f45,0,0,0,178.5,,0,0,,0,,,,,23,-1.6,74.6,-0.5,05-02-2025
0x7f7c9c774b46d2528d546f734de292a00c93c1a7,0,439.1,115.3,115.3,,29,7,,22.2,,,,,603.4,-7.5,,,05-02-2025
0xec70a50feedb073f5a24e1de0a272a825c216c92,-247.9,0,0,-247.9,,2,3,,5.7,,,,,0,0,440.3,-56.3,05-02-2025
0x9da32847bedd1f16dd493baf97dac1a485df658e,0,-22.9,-22.9,-22.9,,1,0,,0,,,,,,,,,05-02-2025
0x5609ccda823dd737db9e663e95fca087df523322,-11.3,-4.7,6,40.4,,1,0,,23.6,,,,,42.4,-5,,,05-02-2025
0x7efc1956f2ea7152c7d91b4f625b7e1750a6c670,0,0,0,3745.5,,0,0,,0,,,,,758.1,-2.5,1929.8,-0.1,05-02-2025
0xd9df7aa10ca6c9201543ae10fc18fdfa961e8bd2,0,0,0,0,,0,0,,9.9,,,,,0,0,,,05-02-2025
0x4a462bbf4720841ecbee33f1f55b007a303fa63d,0,-0.4,-0.4,-0.4,,3,0,,0,,,,,0,0,17.2,-0.8,05-02-2025
0xd0c572d61a7ee2d506d9807a8cbadcf48bf6365e,0,1000.6,150454.2,-396.6,66.3,406,374,9.6,104.8,77,0,0,183.8,101,-0.4,327.1,25.9,05-02-2025
0x6c0032aa3b80d2c748a7a214945ca0efaf79380a,-88.3,31.1,-26.6,-31.9,,1,2,,11.1,,,,,24.8,-25.3,41.7,-57.3,05-02-2025
0x7ec9570404a4815fee17d01e223426b34e269551,0,-871,-15094.7,-10772.4,,5,4,,516,,,,,337.7,-17.3,647,-46.7,05-02-2025
0x548feb42cb733e7e5656872e70c20f13149f839b,-7,0,-2122.3,-30771.2,,0,0,,6192.5,,,,,668.3,94.5,1236.3,-29,05-02-2025
0x3dc10b5cc4cf93b0917e599f97391951c811aa8e,-3.6,0,644.6,1196.6,,0,0,,0,0,0,0,,147.4,4.7,205.2,0.4,05-02-2025
0xfd6552d0f962a3a773babd8a26f878facbca1fe5,0,310.1,310.1,310.1,,11,0,,325.4,,,,,108.4,4.9,986.4,2.9,05-02-2025
0x37920a64def713170b346c2f9fc76ee3b0617cc0,0,4936.3,11785.9,28420.2,,0,1,,30.5,,,,,61.7,11.9,2986.5,20.8,05-02-2025
0xaf80665fc4e925744684f81886c26a69aa44d3bd,8.7,-48.5,-133.5,205.1,25,12,20,-2.4,18.9,7,1,0,334.8,8.3,-15.4,11.8,29,05-02-2025
0x11976b48d53a943eb5281eb632332678fc141dcd,0,10.6,10.6,10.6,,1,0,,21.9,,,,,6.5,0.9,32.1,-9.7,05-02-2025
0x2a81c593e87a87e9868fabbc35d73664d56869dc,0,0,-623.9,-623.9,,10,0,,10.7,,,,,356.5,-11.4,,,05-02-2025
0xcb5bab572ce2035aedbff38f26c8e9643f0adec6,72.7,1108.4,1108.4,1181,87.5,15,22,0.1,740.3,7,0,1,30,128.2,33.4,,,05-02-2025
0xda2ce59edf6b2ea335f58ae52d5fe1c7a87ca4cc,0,0,0,0,,0,0,,0,,,,,0,0,,,05-02-2025
0xfed8c644ac68975259e9070a1733d4b44a399501,-464,143,3890.6,8182.6,,36,34,,474.2,,,,,20.7,3.4,40.2,3.8,05-02-2025
0x7c5ad4655ff1a01884de2490396d7106a141c0ae,-2.7,0,32.4,920.9,,0,2,,7,,,,,137.8,9,69.2,-2.4,05-02-2025
0xed5b09b5a03df3e5422b0e383cfd9840e72ee19c,0,-22.8,-61.1,369.3,20,2,2,-4.6,304.5,1,0,0,3.1,109.4,12.2,,,05-02-2025
0x22bb9262782fb1647504fc3c9e096070cb8e9a96,0,170.7,725,725,,25,23,,240.5,,,,,186.4,8.5,178.9,-3.9,05-02-2025
0x000000001d6462a6110f357eb6da66e7cf169d51,0,9132.2,9132.2,9132.2,,9503,0,,30.1,0,0,0,,0,0,,,05-02-2025
0x2d34aa7ba4da7b105d0e522fa3ea078c6886e888,-20.6,0,700.7,6765.9,,0,0,,0,,,,,627.4,16,1019.8,-39.9,05-02-2025
0xe0b906846b9d185e5722e92a78fb74ed51634b63,-117.6,-3423.2,-4076.6,-4194.1,,14,5,,9.4,,,,,290,-9.9,,,05-02-2025
0x19c3fa84d64e1f3f609f7437c85cf40dfc15184f,0,0,0,0,,0,0,,0,,,,,0,0,,,05-02-2025
0xfd40d8a0915ce574d7b32ea428ea1d2c2eafe8c1,0,-3280.8,-3280.8,-3280.8,,0,0,,94.6,,,,,0,0,,,05-02-2025
0x9d30b5bad99915f3b73f46709575e54e19652827,-2786.2,-94.1,-1273.9,-1056.9,,13,6,,6.6,,,,,0,0,1037.2,-88.3,05-02-2025
0xccc7a6857be62a9547d8d2258fe464e1e9a70509,4250.9,4508.8,4367.9,8618.9,54.5,106,61,0.1,652.1,12,0,0,16.7,738.8,-2.8,3607.5,24.3,05-02-2025
0xf87c16527c57f71c78b85a3a26dc817794befcd6,0,0,0,0,,0,0,,0,,,,,0,0,,,05-02-2025
0x758cc98f1f537919e6b6420e9f9aa5fbbfa7bd5e,0,0,0,0,,0,0,,60.3,,,,,0,0,,,05-02-2025
0xdf880dfd6c635e8784a9f0bf4d834cc566c8e50e,0,0,0,0,,0,0,,5.9,,,,,0.6,0,89.7,0,05-02-2025
0x76a9b93b197f8ea3d4fc81cdf61f3974a8c95788,0,0,0,0,,15,0,,0,,,,,38.6,0,76.2,0,05-02-2025
0x0f92d059384481cf113f0045cba2f1555bd79990,0,0,0,0,,0,0,,0,,,,,0,0,,,05-02-2025
0xf6b3fa790d4d4100f1e89d7fa4d506a64fda4201,911.4,2374.1,-10387.9,1224.9,,12,7,,7.3,,,,,956.2,-22.7,1559.8,-8.2,05-02-2025
0x49056ea500a61a0ed3ab359b63cc3b9bce4a2f20,0,0,0,0,,0,0,,0,,,,,0,0,,,05-02-2025
0x98bb6d5b67a6665129b05b5350f5e2cdb41a80c5,-79.2,2.7,7.4,-151.1,,4,3,,93.5,,,,,12.4,-6.4,35.3,1.1,05-02-2025
0xdfc5513377fff77f9b575b122ebea4ad7f2c9d9d,0,18444,18444,18444,33.3,340,358,0.2,312.4,25,1,0,39.9,623.6,-6.6,3370.7,19.2,05-02-2025
0xa27e3c11d0cdc691d991e75d066b1c7118898b15,0,0,-2501.6,3900.1,,0,0,,0,0,0,0,,204.4,-16.3,234.5,-8.6,05-02-2025
0x6cd1bd886ea30cb16cffcfa9242aaa791b33b4af,0,0,0,650.5,,0,0,0,0,0,0,0,,1065.5,-5.9,583.9,-22.9,05-02-2025
0x1ad507c806b2c81caa3d4ca28e8a727cf61ef74c,0,0,0,0,,4,0,,2.2,,,,,0,0,,,05-02-2025
0x89506ac06fd8c564ee89ec02e7bf31793301b3d5,0,0,0,0,,1,0,,4216.7,,,,,0,0,,,05-02-2025
0x912162c178ee2ca799d4169981cd5088b1008671,-372.5,260.6,230.1,-142.4,,1,0,,9.5,,,,,28.6,6.3,,,05-02-2025
0xb2e670361d6a706ef9f16ee30880efe53351218a,13.3,0,3.3,150,,0,0,,26.1,,,,,50.8,1.8,85.5,51.1,05-02-2025
0xdd83dc2517d136583da7dcd523e5443e2e9c6d4a,20606.9,1225.4,1225.4,21832.3,100,0,2,0.7,6,0,0,1,168.6,32.5,12661.1,,,05-02-2025
0x86decc5b6606519202d5bd02ad53dd994d38eb1d,0,212.3,212.3,212.3,,0,0,,1286,,,,,60.4,39.1,,,05-02-2025
0x67ac68c2835c756e748e67528be1e4fa4e74641d,0,0,1291.4,1328.2,,0,0,,4.4,,,,,189.6,1.7,,,05-02-2025
0x1c36d9ec7c4b7b30c90b523e810b75942f0c5615,0,0,0,0,,0,0,,0,,,,,0,0,,,05-02-2025
0xc0ed6ac93c517e0cb2baf18b11e23a50d0906ed4,0,0,199.1,1347.9,,0,0,,0,,,,,0,0,,,05-02-2025
0xcbd1ba7445a9cfe55afaa01b21972d605dca9260,0,0,0,3871.8,,0,0,,0.2,,,,,0,0,10934.4,61.3,05-02-2025
0x575e8d74105a804093399c59e19a514406e9f2d7,0,0,0,0,,0,0,,0,,,,,0,0,,,05-02-2025
0x5e6f5f13059b98113f5938ccd71d5ab9b70e1374,527.7,3005.7,2314.7,2842.4,,9,12,,621.2,,,,,64.3,-24.2,979,38.2,05-02-2025
0xf31ebb376806488e7e4c908cd8d0c475d346f466,0,1442.4,1442.4,1442.4,,32,2,,0,,,,,0,0,,,05-02-2025
0x5c4d1c174137c65469f9f4c46e45952835b755eb,0,0,0,756.6,,0,0,,0,,,,,117.7,-4.9,245.3,4.5,05-02-2025
0xa972a5796348beaa3163ceb1610600eb7b30e0aa,0,-2310,-8179.3,54782.9,65.2,1160,921,-13.2,198.6,114,0,1,267.1,36508.6,-6,1272.9,-2.2,05-02-2025
0x83c97943d26ead46d869b972aec93224c6e46182,111010.2,4664.2,4664.2,115674.4,,172,178,,36.5,,,,,484.1,101.7,,,05-02-2025
0x4aeaab2b21ae781d0d6a8c82fab019331e25eed4,0,7.6,35.5,85.3,,39,38,,63.5,,,,,67,2.3,68.5,7.6,05-02-2025
0xb735a599ce39690b8e905267730f6fba1f4a26d4,0,0,0,0,,1,0,,0,,,,,0,0,,,05-02-2025
0xb53543a55325914bcef38f9dce69fe790a9fe020,0,95.3,95.3,95.3,33.3,9,11,0,211.6,2,1,0,1.3,68.5,48.5,59.8,-69.6,05-02-2025
0xf0155376e810310f94f929ab34b5843bc7751fdd,0,704.9,704.9,704.9,,7,0,,0,,,,,0,0,,,05-02-2025
0xf2ce0858ace2f5383a9aad5456931e11ebdb782e,0,0,0,0,,0,0,,0,,,,,0,0,,,05-02-2025
0xd9805c7acf3689f1ab89d70444959460c078e142,0,946.6,946.6,946.6,,28,0,,60.2,,,,,0,0,,,05-02-2025
0xe2fc31f816a9b94326492132018c3aecc4a93ae1,0,0,0,0,,0,0,0,6977505.4,0,0,0,,0,0,,,05-02-2025
0x778cb94a215518266448d7ae81bd4a734a7efc92,0,22.1,22.1,22.1,,71,0,,0,0,0,0,,0,0,,,05-02-2025
0x8f4dddc737fcb4db7032f5550055406adc968bdc,-1834.4,0,1936.9,15415.8,,0,0,,217.4,,,,,207.1,189.1,224.6,21.3,05-02-2025
0xc9b68442fe06802907fc6b350706bba1f05f4506,0,5967.9,-26663.3,7163.9,47.1,1085,1467,23.7,462.3,134,0,0,196,54223.1,6.4,3389.1,-0.7,05-02-2025
0x9ff0c0e394213b7ed7323f4a4941272639803dbc,-15.7,0,0,4505.1,,0,0,,771.3,,,,,36.5,785.9,,,05-02-2025
0x6a80dbd25e1a72ee6d9c6d502433543ea93d1f33,-260.9,0,0,-260.9,,7,0,,0.4,,,,,59.1,-88,,,05-02-2025
0x5fafb2e11e17dc88d1230a1865eb8d240f4ae2cb,0,0,20.1,906.7,,0,0,,341.7,,,,,0,0,293.2,88.5,05-02-2025
0x2f0c89b759ed23746c31c453898436edd2b90dce,0,0,0,0,,1,0,,0,,,,,28.6,737.1,,,05-02-2025
0xdaa16436ab2c0aee0ecc418158a70d17fa283b7f,0,0,0,0,,0,0,,0,,,,,0,0,,,05-02-2025
0x281707db34bf62aa60b27d237f5c1c24ed9e1840,0,-35.4,-1442.1,-3181.5,,7,4,,0,,,,,1333,13.5,1757.9,-11.8,05-02-2025
0xfef204778d69f658dd7cc26b15e52a3bdcc1605a,0,0,0,0,,0,0,,0,,,,,0,0,,,05-02-2025
0xa27f59eab0e3c0fb99f671a33ea5864eb37b8543,-35,8.3,29.7,13472.8,50,1,2,4.2,105.2,2,0,0,0,113.7,639.2,1016.7,45.5,05-02-2025
0x938742f6f9fb85dcdf89ad81c4186a45bf6e54dc,0,0,-645.2,-645.2,,10,0,,10.6,,,,,260.3,-10.8,,,05-02-2025
0xb455729570c72b4f6f7a468079d184da5c2ed454,0,0,0,0,,0,0,,0,,,,,0,0,,,05-02-2025
0x56c7c99adaf8ce7c6c67f7e51b8b9279c0d13359,0,3113.6,7204.9,63181,80,5,6,622.7,18,4,0,0,40,867.3,-26.9,2488.4,-43.1,05-02-2025
0xb0b3ab7887d4891f27bb4253030b9fecf0fa6fa8,0,7.4,370.6,370.6,,2,2,,773.8,,,,,25.5,0.6,291.5,53.1,05-02-2025
0x4afca2b6c3271b5481064276497b44df95b8fc47,0,0,0,132.3,,0,0,,0,,,,,0,0,,,05-02-2025
0x572d9284640e7cbaa050f08d1416e54fb5a24f7e,0,187.8,187.8,187.8,,35,0,,0,,,,,53.9,0.7,34.7,13.7,05-02-2025
0x4d480cac03b0680dba48012b111c3fcb2447b1bc,0,0,-76.4,-3298.4,,0,0,,0,,,,,215.6,-18.6,765.2,48.8,05-02-2025
0xfd99d8d3b3c2c7d0f977b86eb1067f255e33fe8b,0,0,0,0.2,0,1,24,0,2692.1,1,0,0,,0,0,,,05-02-2025
0x5a26313bab63b83b987618937498bc376f33596b,-1905.8,-144.3,-402.5,-1933.6,,7,2,,253.9,,,,,27.5,-27.1,236.4,4.5,05-02-2025
0x6b1092b360580e2b305a9038a40ed7db34df3a14,0,0,0,0,,0,0,,0,,,,,0,0,,,05-02-2025
0xed1f135b6f8a0599ab895f5aefe45864722bf201,-2.8,-6929.2,-6469.2,-6471.9,,18,14,,21,,,,,226.1,-4.8,7168.9,-63.3,05-02-2025
0xd5c50edf16d7c929615f51d408e2823cd37d0fa6,0,0,0,0,,0,0,,0,,,,,0,0,,,05-02-2025
0x000461a73d3985eef4923655782aa5d0de75c111,-139109.4,-249.6,3854.3,-75893.7,0,1,2,-83.2,138183.5,0,0,0,0,1280.8,259,5677.4,-21.6,05-02-2025
0xc01e77fd509922aec99e583b9b07e47300c552de,0,0,0,0,,0,0,,60.3,,,,,0,0,,,05-02-2025
0x143e8deffce988de77159c86f13b9fd2722c12c1,204.2,63,3089.4,5464,33.3,27,22,7.9,18.6,6,0,0,1772.1,274.1,-14.5,173.7,-29.4,05-02-2025
0xf16b4b87e6f214b60abc8e52e207c5009e14d019,-26777.4,2997.4,7282.5,9364,100,9,3,999.1,39453.2,3,0,0,29,94.2,-21.8,1077.9,0.1,05-02-2025
0xe661484f2f9584125aa09f84709cbcd862092b6d,0,0,0,0,,0,0,,0,,,,,0,0,,,05-02-2025
0xa2fe1a17a03b592684e30f2cb1cb0bd991c58ed9,0,-121.4,-121.4,-121.4,,19,0,,1.9,,,,,29.5,-1.4,,,05-02-2025
0x69f02bc5cd76e6d2fbeee1063f200f2405178cf0,-1.4,0,0.8,-0.4,,0,0,0,0.4,0,0,0,,0.2,20.6,1.4,13.7,05-02-2025
0xdcf5ef264926e59c1ad7f70f418ad1b55e2c4a4f,0,68.4,83,171.4,,1,2,,1.2,,,,,0,0,,,05-02-2025
0xf4f0dc1e44991a22a58782f53d06f66a39b93850,0,0,0,0,,0,0,,0,,,,,0,0,,,05-02-2025
0xb5abfad964e74345372f51f9be0978d4752e9b71,-30.7,-392.4,8326.1,17920.6,50,6,8,-98.1,341.9,2,0,0,4.4,435.6,14,877.7,33.3,05-02-2025
0x65de4c3b319af709e51932dacc7dc0b8c6756258,0,-60.9,-5712.7,-17056.8,,11,15,,2307.8,,,,,661.5,-7.8,3543.7,14,05-02-2025
0x1a94cd71978ef0ba3b9c7da5ce4b3fa270bc101b,0,0,0,0,,2,0,,0,,,,,654,0,,,05-02-2025
0x896d37ee4a1022d722304d2fd2f9594b26d16c8c,0,-1486.9,-24958.3,323366.7,0,6,2,-1486.9,0,0,0,0,0.2,849.5,7.8,3656.1,0.2,05-02-2025
0x67edfdd044f89374eca730529623e73d724a1d00,-1.2,0,86.5,85.3,,0,0,,347.8,,,,,0,0,,,05-02-2025
0x26e40355c98411a0f7b6da9bcf898e9604bb2807,2.3,0,0,169.4,,0,0,,3.1,,,,,0,0,10.3,0,05-02-2025
0xfcef411a96f5c77d9ca0d4a326052f1ab2f09eac,0,0,0,0,,0,0,,60.3,,,,,0,0,,,05-02-2025
0xf19d3b145e7010b00b39d914e94d43a8b68b0120,0,0,0,0,,0,0,,0,,,,,0,0,,,05-02-2025
0x9b869d987a141b4c91a5b39864ad3765014d50cb,-0.1,-519.9,-519.9,-520,,1,1,,5206.7,,,,,196.3,-58.6,,,05-02-2025
0x586aa97949ade14090ade51cdec9217c380e1491,0,-208.4,-208.4,-208.4,,0,0,,109.7,,,,,48.8,-8.4,,,05-02-2025
0xbd0d7af46457c85e6d2266ae4cf04527d3bf0d85,-7.9,-121.5,-181.4,-401.8,42.9,84,79,0,0,9,0,0,0.4,83.1,-11.3,177.5,-13.6,05-02-2025
0xecdd8f9b062a33f4cb68dd6e956c5e96c595ceea,0,0.1,0.1,0.1,100,2,2,0,0,1,0,0,,0,0,,,05-02-2025
0xb22ef44026d5fb7f9819f52bfbead9f9b30e7a55,0,-12,-12,-12,,4,0,,3.3,,,,,0,0,9.5,-23.1,05-02-2025
0xdada48830786e3d619a7fdf80095bca8cf21d031,0,0,-781.3,-781.3,,11,0,,11,,,,,283.9,-13.4,,,05-02-2025
0x21442343c7c6e133be8d6910ef6e5c042caada20,0,0.2,-48,-285526.4,,4,0,,175.3,0,0,0,,3172.2,6.3,618.9,1,05-02-2025
0xf12d77c4710401f80fe7c5bf1e58a74af5d8b59c,0,0,0,0,,0,0,,0,,,,,0,0,,,05-02-2025
0x1a64a9c13f82b8c481940c273a13c6866b00326a,55701.1,0,0.2,55701.3,,0,0,0,184,0,0,0,,59.7,23341.1,,,05-02-2025
0xe92397d94d4214380d0a6baaa3a9f75f2e22e3c6,0,1172.4,1172.4,1172.4,,11,9,,0,,,,,102.8,2.8,479.1,37.3,05-02-2025
0x07dbf6ac9958e06e611e1dcec8ccaeaa6eed6723,0,662745.5,997339.9,577405.8,53.6,427,510,3012.5,574,185,1,3,146.1,18093,81.6,0.6,94.2,05-02-2025
0xeb2dd230be1b2f09797cb1d689de859579dde71e,0,0,0,0,,0,0,,0,,,,,0,0,,,05-02-2025
0xef02db5c512087dab0c74ae30a859f6dd16b5e2a,-1501.4,2348,1992.4,491,66.7,19,20,0.6,4651.5,2,0,0,63.3,0,0,1308.1,-40.2,05-02-2025
0x7579dcce05bfecbbae8bccfe01a0fbedabd5caf1,0,893.9,1661,1214.9,54.5,12,11,81.3,2095.1,6,0,0,20.1,163.4,2,98.6,22,05-02-2025
0xe43b974864149d5559bf0414dff62a53b1e7d6e9,0,12.4,12.4,12.4,0,5,0,,0,0,0,0,,0,0,,,05-02-2025
0x41ade804ccb0a11d0239cbee4cfd3d7c606eb9db,0,47.1,282.6,282.6,,1,2,,531.7,,,,,0,0,,,05-02-2025
0x1b783895bd2e7411744112bc0c19fe9933b03377,7530.5,0,0,10231,,0,0,,60.2,,,,,427.1,266.2,,,05-02-2025
0x6b828aa59c6f9de61c91e1ad39a4a499206e89f2,0,-2.4,-2.4,-2.4,,0,0,,0,,,,,2.1,-0.6,,,05-02-2025
0x6735b39a788e99a95f30350b1dc06d23b0d6e2cd,0,0,0,0,,0,0,,1.2,,,,,0,0,,,05-02-2025
0xaec88074650d0f72d41be7c62909597dfb499145,36,-122.7,-588.1,-604.2,21.3,158,111,-1.3,65.4,21,1,1,38.2,13.5,16.8,59.6,-66.9,05-02-2025
0xfadb8a31e57ee50b5b4897d41ea7765d8482cdbf,0,0,0,0,,0,0,,0,,,,,0,0,,,05-02-2025
0x9bd89c1ef4b6f5f6d89c8360a06447a466d91d0f,-521,-2206.4,-67.3,14176.9,25,70,42,-551.6,151.8,3,0,0,427,7981.5,-18.5,41301.2,-27.4,05-02-2025
0x369816a8c9cc82738907a03abe37aa7da256d193,0,0,0,177682.1,,0,0,,4824,,,,,0,0,,,05-02-2025
0x56285701c02cc727cea19fc56a6b6afdad30fe88,-4853.5,27382.7,61671.3,86138.7,40,4,18,5476.5,6068.1,2,0,2,42.4,377.3,812.2,3031.4,-34.8,05-02-2025
0x3a267704bb69de531317117c53bf00bc89643d3b,-98.8,85.8,215.8,117,,127,97,,342,,,,,25.6,-6.6,171.9,23.2,05-02-2025
0xdb9d10feb46350f751b1c0f38f353fe1706bbfc7,0,0,0,0,,0,0,,0,,,,,0,0,,,05-02-2025
0xbc56c92fc134847b36d28ca9befcbe1e055652fe,0,0,0,0,,1,0,,85.6,,,,,0,0,,,05-02-2025
0xbeec85dd8fb4467b47e2c86b0a21d71ba28a9a62,0,0,0,0,,15,0,,0,,,,,26.7,0,72.8,0,05-02-2025
0x995b13d9e4e34828de11a45d0239f562dff78e99,-70.4,-1070,-2924.7,-2897.7,0,163,199,-1.5,10.8,1,0,0,0,0,0,,,05-02-2025
0x809397cbd100c7cbe7cc49650db5aab42f163da9,0,0,0,0,,15,0,,0,,,,,26.5,0,76.3,0,05-02-2025
0x07d37d9f4f8dabd3bf3d41aba132cf3ad9e2d0b1,-147.3,0,0,-147.3,,26,0,,0.4,,,,,77.6,-86.7,77.7,-40,05-02-2025
0xff3579de28623642a43775b06176a9624ef7f010,0,19.3,19.3,19.3,,19,0,,72.4,,,,,0.8,5.4,6,-0.9,05-02-2025
0x0ec558cedee5fda8d452b25860ec734381cc4f76,0,148.3,78.9,-1386,52.1,4192,2530,0.5,79,184,4,1,180.1,102.2,-2,13,180.8,05-02-2025
0xbf00b0c1b74410d81bd90ebeac05a4b587138cb7,0,1445.3,-4777.3,-4529.9,,16,13,,615.7,,,,,268.6,-7.9,1352.5,-20.9,05-02-2025
0x3534ac1f94d57bc478b6b3fd898503b29b962714,0,0,0,0,,0,0,,0,,,,,,,,,05-02-2025
0xf40369523fee3e1f93d960c33bdb48bccc4c02d2,-384,0,194.5,-189.5,,0,0,,21.2,,,,,378.7,1.2,,,05-02-2025
0x8204978488556282b408f1983d1b64118efcd541,0,5.4,5.4,5.4,,5,0,,542.9,,,,,0,0,,,05-02-2025
0x1f3b0a7b5cd9452a6467c101e35efe03e35798fa,0,10.2,10.2,10.2,,7,0,,0,,,,,54.7,-15.3,61.7,-0.2,05-02-2025
0x9e232726386fe16031496987463f7d3db2534a93,0,332.7,284.6,284.6,,36,39,,634.6,,,,,129.1,3.7,165,-9.9,05-02-2025
0xbfafef784bef0e9ba384a6a3c4234d95d8851b09,0,0,0,0,,0,0,,127,,,,,0,0,,,05-02-2025
0x72511733da2d9f87b06131d41edf1eb70e9ee981,276.7,1445,1035.7,398.3,33.3,22,17,240.8,1147.3,2,0,0,50,342.4,-17,964.5,-35.8,05-02-2025
0x9dc2c6a15f852564f08a63d601f3a327274f8a7f,0,0,0,0,,0,0,,0,,,,,33.4,13.8,,,05-02-2025
0xde0551e2b221f1b61ba1070dccf2d0c12ebe3098,0,0,0,0,,0,0,,0,,,,,0,0,,,05-02-2025
0xe98399303dc5a60858d60899a0dfa48a19ab3603,109.3,358.8,-3054.3,-3102.9,,38,36,,5.5,,,,,73.8,-40.6,218.2,31.7,05-02-2025
0x68250ee2c53478802e97c30685330f3259aad806,0,-25.8,-25.8,-25.8,,52,0,,107.8,,,,,22.4,-1.9,,,05-02-2025
0xcdde83ff74ac2de5a2bce3338babb4b5a8c9ab46,0,0,0,0,,0,0,,0,,,,,0,0,,,05-02-2025
0xd1f2c935bc11cbf79236dfa4b790d80b0cc171e1,0,5767.2,195391.3,211496.7,,69,27,,80.9,,,,,629.5,-2.9,191.2,3.6,05-02-2025
0x444ea8c478921a660c7971ccedcc5a97651b5f2e,0,12490.2,12490.2,12490.2,,8,14,,0,,,,,0,0,,,05-02-2025
0x1c7628a0af4aba7e07ff655201911ff52b8d9e55,0,1207.1,2227.9,1851,,1,0,,4.8,,,,,458.1,37.9,,,05-02-2025
0x71d08de33f8f82d3bbcb304bfb262e4161bd7ae7,15769.7,-300.8,-487.7,21396.2,17.6,39,20,-16.7,4.1,3,0,1,269.8,71.3,47.6,289.1,-47.8,05-02-2025
0x4b22c93912574dd6eb8d4db722a1fe44c63b907e,-17051.8,0,0,125274.2,,0,0,,29.2,,,,,9186.4,-1.5,,,05-02-2025
0x956222274cb2ed3438bca311c1501b4a22a415fc,0,369.8,400.8,400.8,,5,2,,0,,,,,0,0,,,05-02-2025
0x0f368589c7482b82f50953f242cd57de26ad1b48,0,-1579.3,-1579.3,-1579.3,,81,0,,0,,,,,618.6,-2.7,,,05-02-2025
0xafbf81e3116cc49e3108256171fb53d39b0cea82,0,0,102.8,6785.4,,0,0,,94.2,,,,,11.1,0.2,349.2,29.4,05-02-2025
0xe45b7264d0e19effe519470daeef1d433ede448b,-201.7,-1381.4,-3393.7,-3595.5,,33,24,,0,,,,,132.9,-25.4,1109.6,-31.1,05-02-2025
0x55d7ea1d1877a7e9d80a8e50256ca98fc57fb2aa,0,0,0,0,,0,0,,0,,,,,0,0,,,05-02-2025
0x6e23b34782dd2c6bab00457d19c0dce82b7f0c14,0,-938.7,-938.7,-938.7,,25,0,,5.4,,,,,97.3,-0.3,64.8,-73.8,05-02-2025
0xffc8a23b7f503a109e419fdc4248b05874e467db,0,0,0,636519.7,,0,0,,0,,,,,171.4,7694.4,,,05-02-2025
0x910969d5651037d5b18620ac7fcfe30672951573,-76.3,290.9,185.7,449.7,66.7,16,11,97,42.5,2,0,0,544.2,6.5,-7.1,,,05-02-2025
0x94a68f3c01d13c03713d8e6e85b9d611be37f17e,0,23,23,-206.6,100,1,1,0,7.9,1,0,0,,46.7,-8.8,,,05-02-2025
0x9fe6419c5e6cb8f0e0b51af800bc4fb64ca4bc17,0,0,0,0,,4,0,,0,,,,,0,0,,,05-02-2025
0xe3172d091b99c145eb674ce9add86ba96b8bdca5,0,432.9,432.9,432.9,,31,31,,70.5,,,,,316.4,4.6,853.2,6.5,05-02-2025
0x9c95c7bdb783c5a9bc2370e7e304367855b40c6c,0,1443.3,1443.3,1443.3,,1,2,,12.9,,,,,0,0,269.5,535.6,05-02-2025
0x39ac535edb3ca36d971f2d17826dd80a20e482a7,0,0,0,104338.2,,0,0,,29439.2,,,,,2.3,4.1,,,05-02-2025
0x80076e6513f5f14b367de28dc494337b5c95aaaf,-115.3,1521.7,2426.1,15586.3,46.2,66,36,58.5,1999.3,13,0,0,22,692,-1.6,2656.3,2.8,05-02-2025
0xa547d90ef0989e0341cff0d4779c788e9c4b80cc,9750.8,4261.4,4261.4,14012.1,,172,184,,30,,,,,8.7,-2.8,7585.9,203.5,05-02-2025
0xb568c5b8d63d2660c007bb57b94afa84326aac02,0,-4.6,-4.6,-4.6,,1,0,,0,,,,,2.3,-2,,,05-02-2025
0x9bdb5371dab87ee0dc0a3e07f01a98232c22ff99,-244,76.9,-97.9,-342,,14,12,,921.9,,,,,103.4,2.4,370,2.6,05-02-2025
0xa482f8ecdcb0b70b053215f768bc08e0835d7491,0,0,-0.4,120.6,,0,0,,3.3,,,,,15.2,314.9,6.6,-27,05-02-2025
0xa4358974389b21a54e06bea4f768051c459a6e85,173.3,1102.2,1073.1,1926.3,,7,9,,81.4,,,,,28.4,-17.3,169.9,35.1,05-02-2025
0x5268ba9e7520d2d0bec4bbd0a248ef03dd61bea9,0,1616.9,1616.9,1616.9,,3,2,,0,,,,,0,0,,,05-02-2025
0x4d8b806c105aeab8c706fe762aa7f350c4fcda62,-106.9,-19.9,-174.8,-590,,24,25,,6.4,,,,,22,41.6,13,-18,05-02-2025
0xf39432593e75895f947af088033caae57b308389,0,0,0,0,,0,0,,0,,,,,0,0,,,05-02-2025
0xa18e5e814f7f7b79e58ea8e4b3cd656034aeaeb9,0,0,0,0,,0,0,,0,,,,,0,0,1.2,0.1,05-02-2025
0xa684765439494118f5698918c3107559f9ecc6be,0,0,0,0,100,2,2,0,0,1,0,0,,,,,,05-02-2025
0x6f2f9bedbad348978215c2d7a7a2583dad895f25,0,0,0,0,,0,101,,204.3,,,,,0,0,,,05-02-2025
0xe72c3cf734ce4514df89e54d6c68bdc9dd448feb,0,0,0,0,,0,0,,0,,,,,0,0,,,05-02-2025
0x39f6c297c2f849cc2a43469bcc97800635ea1157,0,-29.1,-29.1,-29.1,,20,0,,0,,,,,24,-1.2,,,05-02-2025
0xfd9acb9716ae9526399bec617539193fdf999f36,0,0,0,0,,0,0,,0,,,,,0,0,,,05-02-2025
0x28093d90a050f49c6d6398de85b5276672c89039,0,447.5,447.5,447.5,,1,1,,0,,,,,120.9,370.2,,,05-02-2025
0xb33e153a469c28c2754da94261a51068e94a5321,-0.1,-1446.9,10810.2,67946.8,33.3,9,10,-160.8,4840.1,3,0,0,37.2,781.3,0.6,1199.9,-0.5,05-02-2025
0xac3a6047f1b3b6218e7cccf19951d971f71ca7a7,0,-302.9,-302.9,-302.9,40,43,0,-60.6,22.6,2,0,0,31.2,8.2,-2.6,171.8,-7.7,05-02-2025
0x4e36ff2e261e68fa886173c9e39a0918a22a9212,0,-4891.2,-7983.6,141404.6,76.6,3672,4132,-9.8,56.7,416,0,0,133.7,13247.6,-8,40.3,1,05-02-2025
0xaf73303723f85aabd8680a763c35e5a67b3f7ba3,0,0,0,202.5,,0,0,,1.4,,,,,233.3,-0.3,214,9.1,05-02-2025
0x06d1405debc59c9ed009be2dadc94ff165855af9,632.3,71.4,-1359.6,-2031.2,40,49,57,4.2,12.4,6,0,1,11.8,330,-22.5,202.8,-2,05-02-2025
0xfb6fe1abbb9af0dd19764608b0e6aa2f1518281b,0,0,0,0,,0,0,,0,,,,,0,0,,,05-02-2025
0x34cf4b170de1b9f78f6822c1db962e86885817e9,-27.6,3173.7,3433.6,3867,,19,4,,1833.3,,,,,0,0,199.9,-15.6,05-02-2025
0xeb65a2b00bd7aec1ac67bcdbf200b57c2db2a1b6,0,0,0,0,,1,0,,0.9,,,,,0,0,,,05-02-2025
0x96b491b4113036c848f8d42ec871338c908ed732,3285.3,0,0,3285.3,,10,0,,6063.1,,,,,0,0,,,05-02-2025
0xbdfbd54a39f1afadfb9746d8a8eb2c07112bf911,-128.6,0,0,-128.6,,40,0,,0,,,,,56.5,-43.3,70.9,0,05-02-2025
0xbaa0660c6b8d99d3aee0eed6f66788e28c7ae1ce,0,0,0,0,,0,0,,0,,,,,0,0,,,05-02-2025
0xc17a895053ff949e5370f28a80f192527772d42d,0,113.9,669.9,12437.7,100,1,1,113.9,866.7,1,0,0,0,313.1,12.3,540.7,14.9,05-02-2025
0xa15b01beff6ebc762e45d6ec108d5ee658020e07,-417.5,-2.2,-2.2,-419.7,,13,1,,60.3,,,,,183.8,-14.5,,,05-02-2025
0x10d0b58f2f573a3e35e7e88c4a3bf5f88db4b0b3,4020.2,413.1,413.1,4433.3,,4,2,,34,,,,,190.1,-30.1,2750.7,188.4,05-02-2025
0x69c9a601713cbb8e368d2c351be1fb91c395bb19,0,886.9,6305,6305,50,13,13,0,908.8,4,1,0,0.6,220.1,35.8,176.7,-86.7,05-02-2025
0xf5ac1b2e1b92aa5d1a9668283c30e390384bf1af,0,0,0,0,,0,0,,0,0,0,0,,0,0,,,05-02-2025
0xab9e4b59b1848671da342882c73dbbade1f32409,67.5,-947.1,-2604.8,-3061.9,0,180,191,-947.1,45.5,0,0,0,3456.7,0,0,,,05-02-2025
0xcab5762b14d102c108957b58fa9186d9f0bd0633,0,0.2,0.2,0.2,,0,0,,1.7,,,,,0,0,,,05-02-2025
0xcfa9804b556e60d7abf7c9ddd9c39b498ff08a5e,-24.5,-863.8,-863.8,2093.2,25,0,2,-287.9,27,1,0,0,0,326.7,45.6,347.2,12,05-02-2025
0x4398958cf357ab54fb382d4044e68718754ed995,0,-317.4,-1720.1,43114.4,38.5,38,27,-24.4,1254.6,6,0,0,15.5,329.7,-3.5,7377,17.5,05-02-2025
