address,total unrealized profit,7d realized profit,30d realized profit,all time profit,winrate,buy txns 7d,sell txns 7d,avg profit,balance,<2x count,2x-5x count,>5x count,tags,avg hold time,sub 75k avg entry,sub 75k entries,< 75k avg buy amount,< 75k avg total profit pnl,75k - 250k avg entry,75k - 250k entries,75k - 250k avg buy amount,75k - 250k avg total profit pnl,fast trades,date reviewed [m/d/y]
GpNbukV5nggkJfsEEbKrJaZkdgYcNWCAaD91Mi4MmGQi,-1051958,0,0,1877446,,0,0,0,1,0,0,0,,0,2396,3,270460,-6,109292,1,2366,-20,0,09-02-2025
BSnpQPznPw4mV1jNfaceQgUFR6y6bjcJg9p2Hw26xJFK,-22606,0,0,-5792,,0,0,,11,,,,,,3699,23,778,4,199749,2,23421,18,0,09-02-2025
8m5H1JwuWmmk68TsarSRwb37opqL5KmoUpmbSHupwkLz,-5868,0,0,93301,,0,0,,1,,,,pepeboost,,32797,8,247,-49,157207,5,1403,-3,0,09-02-2025
DChbrpe16xpQRDknVhcUjNoz7sNKjAJPbrXWuhcqwY4k,0,4396,4396,4396,,3568,2531,,2,,,,,,28756,50,733,5,,0,,,4,09-02-2025
7tvuE6B9F7MGzQkXdvjvU5npNL8hQJ4B6PYdWwuAKfbo,12,22126,98242,107067,42,1972,1382,45,9,205,3,0,axiom,02,20496,49,909,1,,0,,,63,09-02-2025
DJB1uW8jvcX5n7p76eThbFXGmPJ2kd8HJjMTCPhM2orD,-184,3643,4579,4394,,350,343,,7,,,,,,23282,45,283,1,139520,4,1090,11,68,09-02-2025
AThe838qQLRywde5v3Lihy8h2KV6YLWbn6d2f8UaqfrW,0,0,0,66017,,0,0,,0,,,,,,0,21,0,0,,0,,,0,09-02-2025
G2eGdAW6NWswTzdwKbFvYLEyCBszZLLfTpc3byVEgabu,-216,0,-1,-218,,0,0,,1,,,,,,0,19,0,0,,0,,,0,09-02-2025
FQ4JkRTRxpF9bkcgVacswsie2LtKLytmcL4FoLZhwgXj,-22437,0,0,87928,,0,0,,16,0,0,0,,0,0,19,0,0,238864,3,6445,-39,0,09-02-2025
7GmjpH2hpj3A5d6f1LTjXUAy8MR8FDTvZcPY79RDRDhq,6,36318,70558,594216,,13,10,,1,,,,,,1241,30,28,0,,0,,,7,09-02-2025
36zjEj7uM2ZPZMbhEtG3qd5T2NMJYu89HjK8riep4Bm3,0,2970,2970,5891,83,3530,2468,17,1,151,0,0,,1.47,29290,50,684,3,,0,,,2,09-02-2025
FqRF8ACFZvLsXo3aaTuUwc6UWz9TsLMMoXgbxVNPQaAK,-9,3296,3296,3287,,3520,2499,,1,,,,,,27784,50,659,6,,0,,,5,09-02-2025
D341ZVaLcwwJwStqatSQk1nAE6pAnNapiXeMCLyJnReB,0,4009,4009,3985,,3555,2524,,1,,,,,,28370,50,734,4,,0,,,3,09-02-2025
4yekPB8BkPSsgs7GJGu4brjbobNvvqNAqcwLhJGMxUAV,0,2625,3645,3482,86,2088,1351,1,2,148,0,0,,68.46,28038,50,715,5,,0,,,0,09-02-2025
661wfggX7ZBdtjXgUDNDXue7rfxkB5vFhHUCWfChJTpA,0,3095,3095,6613,,3448,2618,,1,,,,,,27881,50,610,4,,0,,,7,09-02-2025
BSCzizFg1AdKA5fFbQM5x44jTAtypWgShgeje8xeZooa,0,2219,2742,3655,77,2557,1697,1,2,130,0,0,,81.73,29006,50,830,3,,0,,,5,09-02-2025
5UhKH83JjVRawQG52v5XzSNiwkCAmpyoNVz62z4ZWrTo,0,3322,3322,3224,,3458,2497,,2,,,,,,27892,50,663,5,,0,,,5,09-02-2025
AWd1poTNmbsWZJqyUE6juB57WsgmVUTpXAAPnnSJEsfY,657,4844,-1053,55639,27,730,561,18,11,77,6,1,axiom,12.81,22895,45,769,-16,112454,3,4776,11,5,09-02-2025
oMoMoM7zWWy58tCkExjonA1nnJobhHqS3UKeGYvHwLR,0,0,0,0,,0,0,,1,,,,,,0,50,0,0,,0,,,0,09-02-2025
qtMPaTvJrfU8yeg8TBSiDq7svPQJMcWJouXEzyhCiCR,0,56705,144999,442655,38,2696,2696,114,55,186,6,1,,08,13114,50,230,13,,0,,,18,09-02-2025
2tdak9xHB12JkFjLaNb6rswiQ9YGxoFS1LtJdJn7n8Wd,-21478,619,309,-205986,100,5,6,,1387,0,0,0,,0,0,28,0,0,,0,,,0,09-02-2025
CsftV5B6dxXbniRCgjbvtKPpmCqrCGDALLHx2rBddDWr,0,3049,3049,2982,,3601,2574,,1,,,,,,29157,50,741,7,,0,,,3,09-02-2025
vcx3QFzhJxMLMpCUNvKGEfvWe1MuFr8Ae1yPDDQWQPR,-295,-2806,5615,4793,28,1002,485,-10,15,77,3,0,gmgn,8.25,20361,48,337,-24,89606,1,986,91,24,09-02-2025
4eeddCvVUZFmdzXsqjKKxsv4vcoPj7askpMFXpFxhPtt,0,2527,2527,2725,,3535,2568,,2,,,,,,27639,50,639,5,,0,,,3,09-02-2025
FkMmkEqJh6PQqFvp5rn9tb2gGZeuNNuKqQdKgrnwDtYW,-1105,-22823,-79434,-149857,24,495,381,-90,7,60,0,0,bullx,2.47,16160,38,317,-6,115013,8,811,34,11,09-02-2025
Dv7Y3rCbJTU6KUUspQEXowDEESCRNanw5BYKHomNz6DK,0,435,435,435,,32,12,,5,,,,,,27439,6,188,26,,0,,,0,09-02-2025
BDXqFgetG2TGdphLv5vy7U5A9Bs5kdKWDL5rkNBHtWtT,7021,-10184,-19392,-224924,28,175,151,-161,15,27,0,0,bullx,119,5459,26,31,-2,132482,16,695,-10,14,09-02-2025
5rJWgaPKkTfJXMk2esBFeVKRj38gsfvhk9U3MLqH3VwT,-2,3302,3302,3126,,3487,2586,,1,,,,,,27229,50,623,6,,0,,,5,09-02-2025
7FcQj3FC9GTP8Z4TFpXCwKsngtumVybP4NmYxuFp3zYL,0,2778,2778,2778,,3468,2471,,2,,,,,,28245,50,699,5,,0,,,5,09-02-2025
BbGt7iZEEp4GZzPiq2N8X7aJkktXPb7kQKjUSPy7RAUC,-2,3868,3868,3741,,3645,2619,,1,,,,,,28246,50,746,4,,0,,,7,09-02-2025
EVWSV3HyBHXXCqyRMM1HvDQUZee7Rr1XT1M9bFTQZZcL,0,0,0,11177,,0,0,,3,,,,,,0,30,0,0,,0,,,100,09-02-2025
J5hPVmoTd4yjHVNzvowvs9V35F6qhDR9kDJ736hrc59p,0,761,761,761,65,16,50,55,13,9,0,0,,06,15782,14,281,20,,0,,,36,09-02-2025
X7qkRYVQvgaSFttYtG2uFiZnkh4ryWx4Ruyc4W2Bki9,-5,3548,3548,3476,,3494,2555,,1,,,,,,29026,50,731,5,,0,,,5,09-02-2025
2NuAgVk3hcb7s4YvP4GjV5fD8eDvZQv5wuN6ZC8igRfV,-103,66361,128636,128533,58,29167,25430,133,204,319,0,0,,0.89,34356,22,3484,8,152592,16,12066,2,32,09-02-2025
82x2e1bTvdiNRyiSuMARtWsPA7Tx9XXd3eR5vmvqiqom,379,1584,1584,6787,40,231,358,264,3,2,1,0,axiom,0.41,19027,49,249,12,79500,1,578,-5,0,09-02-2025
DPBLL8zzY6bpU1rtxcgm4qp7KnYjECDUKAzcFQosQgRA,0,-295,-681,-1504,24,31,36,-14,29,6,0,0,axiom/trojan,25.17,25108,4,58,-8,148230,23,199,-35,5,09-02-2025
6nKCy28kEhtzA6WdkhVvv1oeUynoTw9n7vdsiu4YAQnp,0,0,0,0,,0,0,,0,,,,,,0,8,0,0,,0,,,0,09-02-2025
dUjmDdWuWCL4Mu8GKRS2DS2bZKVwB3Ko6Rxxz9fXD5g,-3840,0,0,112201,,0,0,,1,,,,,,35904,2,32073,-5,,0,,,0,09-02-2025
3kMSh6hZ7FFFf1cFVJvG7CETazEDqdxHsvpXaqWAXW6V,0,2383,2861,2849,86,2491,1654,14,2,159,0,0,,60.47,27482,50,598,6,,0,,,3,09-02-2025
BZS5LVsau1JzAQwLHspjJMy6wopEkfdXAWWUjaxvtkUw,0,0,0,-38486,,0,0,,1,,,,,,0,39,0,0,,0,,,0,09-02-2025
CLf3PUt3be4qiqEBrXcg4U6S4Jjpz7RW8udwvc2NqR8J,0,5286,17386,17386,100,21902,530,11,48,490,0,10,,2.35,47977,21,0,50,85139,13,0,38,0,09-02-2025
7nG7NZGoD61miP9VNdyxAv4HHShELaUsMR4L3oEBxRAk,-84744,0,-90420,-551163,,0,2,,205,,,,,,0,24,0,0,,0,,,0,09-02-2025
524X2N4SN1jqHy3c2RdictkQ1tpdXnXqUEEs66d6ih3A,0,0,0,0,,0,0,,0,,,,,,0,50,0,0,,0,,,0,09-02-2025
36xCDuvGgQ65Pp8SKhSMFu2CRaNSx9acNfvYoZDsQ3kw,0,2319,3474,4433,83,2065,1327,14,2,152,0,0,kol,67.77,27905,50,633,4,,0,,,0,09-02-2025
G2j9xPk5wfuotEKPjidzGYn3GQDqSAcu3mWkRouzECVu,-469341,-113487,-159601,-814091,15,148,95,-1745,5,11,0,0,,106.81,40008,36,871,-48,159246,10,2149,10,15,09-02-2025
56S29mZ3wqvw8hATuUUFqKhGcSGYFASRRFNT38W8q7G3,517,167464,167464,167980,52,56704,55550,335,112,272,0,0,,04,27925,43,2369,5,92394,5,12668,3,38,09-02-2025
HaQVDbqVDF77Cd1mVoshiG3sfgjBBeY9JNNZtJ3bbetx,0,398,2049,-27655,38,197,187,3,4,53,2,0,photon,0.74,16425,50,177,-4,,0,,,27,09-02-2025
FUSM8oNkpkWTZ5Udegfa65XUupThNu3EMnWoxmkF9izy,0,461,240,240,54,21,21,31,4,8,0,0,,02,25707,36,311,2,,0,,,52,09-02-2025
BtMBMPkoNbnLF9Xn552guQq528KKXcsNBNNBre3oaQtr,3141,-31809,-119959,91703,37,1236,1030,-63,7,181,3,3,kol/axiom/photon/trojan/gmgn,115,16730,50,645,1,,0,,,80,09-02-2025
F8HoeAZqaYZ2u4xjB4Rh3emS5mMkM7WBZ6kFhm6wvp4t,-1,3086,3086,3084,,3494,2553,,1,,,,,,27744,50,612,4,,0,,,3,09-02-2025
9m23KanxaTGuyA6FybBsRK7Lbb1dCHDzxPB2MhLVponQ,0,0,0,102045,,0,0,,202,0,0,0,bluechip_owner,0,0,34,0,0,,0,,,0,09-02-2025
7uZbABJqgUiLug34aZPt38sVqgYkzk3rjRgDznRff9NV,588,572,572,1159,,1,2,,17,,,,axiom,,43042,1,609,191,,0,,,0,09-02-2025
5VT2T4qyQt2dX2YbZzYYewM2gvWFh4zNTVKwudydFPyF,-1,3039,3039,3038,,3538,2469,,1,,,,,,28510,50,719,5,,0,,,5,09-02-2025
Fo2hX8RpbXGx5tvjGrFaKxLSCiSgh9ipMUGxCXNBEo95,0,3889,3889,4094,,3532,2543,,1,,,,,,29183,50,745,5,,0,,,3,09-02-2025
28Lv4bK1HzRBfzCPBoqYrsfM8UZhCdi7zPRHKs45ct7Z,1,0,0,19741,,0,0,,1,,,,,,1444,22,117,1,,0,,,0,09-02-2025
GHpW1dJCtZUSbFbz2uwXrcLXpyHnj4e2B2sz59Xnu7yN,0,0,0,92857,,0,0,,1,,,,,,0,7,0,0,,0,,,0,09-02-2025
ktTjb8a7Cqkdq9eBsTDT4TSUEs7qzsWxydr4uaddXDV,-28,-4877,-8059,-9202,,770,768,,1,,,,,,12029,31,63,-4,132675,10,208,-10,8,09-02-2025
HG2GntgiR6E8GXM2Rvy1H6qyyHghdu7VpRtwNKHfr5i6,0,4687,4687,4687,,3534,2468,,2,,,,,,28084,50,739,5,,0,,,0,09-02-2025
DJQBQ7EpzZLFjW27JxGnjivywrNeVzXcSXjGzniRN6WP,-46,2704,2988,2942,,3155,2307,,1,,,,,,29088,50,757,5,,0,,,3,09-02-2025
FRxKhmqR9XW4XnrkAbKjqQCky4oXwmbmhnVSKgEgu21F,-5,2642,2642,2637,,3475,2507,,1,,,,,,28358,50,685,6,,0,,,3,09-02-2025
4BF7C77qTaqwpk5UmaJrr7DGZHuZDEdZtn9pdQWwULwg,0,2315,3148,3013,87,2176,1402,13,1,160,0,0,,54.77,28738,50,711,5,,0,,,0,09-02-2025
2Fc3hUJ1zALhbMpiyGveLdmwyLqL4XBREPL5bQjLtbA7,0,0,0,122,,0,0,,1,,,,,,4017,19,1,1,136841,6,6,2,0,09-02-2025
A1voFFErofnZWZFXQPMoLnmW33TcgbTGKm8CoFD7F9Z1,0,0,0,112063,,0,0,,1,0,0,0,,0,0,25,0,0,,0,,,5,09-02-2025
EMaCjDvQnBkRuVQagCRVVEehKwVbkGKmyQgKBN2BLuxv,3193,0,0,-8388,,0,0,,1,,,,,,515,9,2,-1,107559,2,20,-57,6,09-02-2025
DFaYsRazY5tPKeaCjAFeQjHrrzwxMNBiznd7Xi3YYqY2,0,0,0,-24741,,0,0,,0,,,,,,137,28,78,0,,0,,,0,09-02-2025
6dJoiEizvwwqA5zsViiyAKmyUh1ADcdxbmJWnpMf8p8v,0,3142,3142,3142,,3575,2483,,2,,,,,,28628,50,669,6,,0,,,2,09-02-2025
8VBScMJtxs86e971cjeNUrEBk1Na5e219RiHHc1znrgn,34,0,-26684,295452,,0,0,,1,,,,,,0,24,0,0,,0,,,0,09-02-2025
FM8R2urNjUKBkm8vdXBRfn9BAF1ix3w74sPiBSoz7pJy,-16613,0,0,15657,,0,0,,24,,,,,,0,21,0,0,,0,,,0,09-02-2025
21wGKMWwgLhihnMshdsd5Rdjc5AMCNtAMatCTBpd9rDJ,-10783,0,0,-11693,,0,0,,1,,,,bluechip_owner,,794,32,192,0,,0,,,0,09-02-2025
5ZjrMNoK6DhT4AetJvHorLAvNxTKNTNBCYn3mXsXdFF1,-80,0,-6626,129884,,0,0,0,1,0,0,0,,0,0,18,0,0,,0,,,8,09-02-2025
FWbzHYL4z8fzqfyszr3NdQUm6wtLcq1u29F3bcTiDPyp,781,702,-2629,94114,50,48,24,34,3,13,0,0,axiom,6.95,23366,48,290,6,109673,1,82,51,18,09-02-2025
6Y1AS9FxR4HVanAX4hQrenwrpB1nNdy53iAdVctwwDKG,-4,3517,3517,3366,,3390,2499,,1,,,,,,28683,50,692,5,,0,,,7,09-02-2025
3QTUmiRafpJ9X9yhskSNvD8dPDLvmfxbirnwq1CzEAgD,0,2319,5364,8836,56,43,61,86,14,15,0,0,axiom,09,30436,42,834,19,148694,6,1392,-22,32,09-02-2025
FrwdRUSmWSkud8Swae1xLb2w6vYT5rX1jXs7JNC5r7KF,-4,2445,3101,3096,83,2537,1726,1,1,100,0,0,,80.54,28090,50,677,4,,0,,,0,09-02-2025
AMXcGhLwXZSW6zmSf1fa8pmfU61ADMDmQXTStDfiKRw1,0,2,2,2,,1,1,,0,,,,,,17740,1,5,41,,0,,,0,09-02-2025
DSiBtvbJMNjDSJ8rKSqWDLfeomqFSS5rqyPwHCP7B5M,-1897,0,0,-25270,,0,0,0,1,0,0,0,,0,12907,8,324,-48,177106,9,486,-83,0,09-02-2025
DBRrVB9V6z26h2dKTGAeGhhNrHavUfzSksa2Lf6yCjA1,-895,0,10546,67853,0,3,3,0,1,3,0,0,,239.53,1964,21,17304,1,,0,,,0,09-02-2025
9wMSi7N7BFQFuBhnSqmNs3ANAYBccRGR1SaYekD5GEnz,0,0,0,70559,,0,3,,1,,,,,,0,24,0,0,173925,1,286,-99,0,09-02-2025
8oFK6NuCeaM7HMUi8tdgjGMuy39ZvaQzfA5nfaaU3pzp,0,4000,4000,4092,,3516,2508,,2,,,,,,28332,50,738,6,,0,,,3,09-02-2025
9USbQZrpHj4i7N4j3iyXayvYR3hAWojBSPTFU91bRpNA,1,4419,4419,4420,,3623,2582,,1,,,,,,28328,50,859,6,,0,,,5,09-02-2025
7Uw4fR1KhK7VD8NAriW3RpbvKH7hQChLmYKt3fPTvKMZ,0,3947,3947,3946,,3592,2511,,2,,,,,,27424,50,619,6,,0,,,3,09-02-2025
Dm58ZKDRQh139u3QHh3uVtiz3ejng7BmekJak6cKfhSH,7,3910,3910,3917,,3565,2500,,1,,,,,,28270,50,694,4,,0,,,3,09-02-2025
9npAjTc9zq2HoybgEU63ycAubvYhVnD9S1vAJsCZ3UcZ,0,170,170,170,50,59,56,0,4,1,0,0,,02,47033,4,1160,-2,150628,6,2232,-10,82,09-02-2025
G5YdZjGKbwkaqZFCWqVCRRZU8XwVmKtcUV81jM4kApZT,-896,-401,-418,-24652,27,113,141,-9,4,13,1,0,axiom,14.93,37443,38,150,-2,128393,9,165,5,29,09-02-2025
4FuoPjR4hkHPFnnFZpFmqP799B4d6QRE696PhVGSwY9t,-58408,0,0,-103056,,0,0,,1,,,,,,0,23,0,0,,0,,,0,09-02-2025
AqcXN3dASKHq6CqaAxmhFigTBgBnmsQW3E22JFsxHEsB,-1,2424,3202,3389,77,2331,1568,1,1,136,0,0,,76.87,28822,50,697,4,,0,,,5,09-02-2025
C1WHm8rZxA8nX7tKKYT58oBiCZCT2SSdPoCXbLHjCCiP,0,501,501,501,67,4,6,167,8,2,0,0,axiom,0.12,14402,3,341,42,,0,,,0,09-02-2025
Cn9DHMz6G6FMzkXcdF7pdrhhzSkH3S3YGLcpMGBmWWUp,-15,2849,2849,2834,,3549,2533,,1,,,,,,29423,50,828,5,,0,,,0,09-02-2025
2otwEqvRY6YAwMu4JqFVQZ6aHUenMtRKV8YmdkBhU6gA,0,2474,9680,12399,83,2489,1684,14,1,151,0,0,,649,29300,50,765,4,,0,,,0,09-02-2025
G6q6ZuartKbGTYQuDXMiHV5XTHcZBgzzEep8xdimF7x7,0,2627,2627,4361,,3462,2511,,1,,,,,,29038,50,786,3,,0,,,3,09-02-2025
GXDuY7Fb8jkfBno7h2uoK9LZj4Gg72wA7tBgAPUfLNiU,1,2340,2754,3088,79,2539,1711,1,2,129,0,0,,81.49,28643,50,787,5,,0,,,3,09-02-2025
FMRGU8pnZYUykEL1t1GY3BR4J2iZi8vCFYtryYq1A81H,-3,3344,3344,3296,,3450,2568,,1,,,,,,27437,50,680,5,,0,,,0,09-02-2025
GUDP1dP2C4S3M6dYrSXMFPumWg1Gt1s1N1FqAThsiXWZ,6,2288,2577,2582,36,1473,835,6,15,175,0,0,axiom,07,19036,49,186,3,82166,1,91,-5,41,09-02-2025
D6o8yLCoTidVAMDuc7wX9m9rXwLbeRs5S2LpkDkwaUNs,-2,2851,2851,2514,,3513,2470,,1,,,,,,28266,50,726,6,,0,,,0,09-02-2025
9jUvtjMj4smZuLuT2tPNsagmUHgoZbmF8ia4xstjQoud,-1,3067,3067,3065,,3428,2480,,1,,,,,,29844,50,856,4,,0,,,5,09-02-2025
2apsm4qdJnwwiVuHo4WhbU1f7oZVDG3qoizi7EvpXYqt,-1,1414,2663,2586,74,1984,1382,8,1,143,0,0,kol,68.13,27196,50,617,5,,0,,,0,09-02-2025
6gNs9Sic6s93jhsYwQtn9uBidhuYh7TSC3FM9GWHenp7,0,-41195,-41195,-3907,,3,3,,1,,,,,,0,28,0,0,,0,,,0,09-02-2025
BFSMDysX9QKumufG8Z5qDs9igwiFvrQHMiGyKsnbC3UY,-659,18672,18672,18013,29,2043,2457,38,16,141,7,0,photon,02,18349,48,652,-4,77440,1,2073,35,88,09-02-2025
Etrv7hLzQ2ZSB19SBFjUtVMp1AP7EDEaPrBP2tFrRJmt,0,2500,2500,2429,,3475,2495,,1,,,,,,28479,50,691,5,,0,,,0,09-02-2025
7bbwoaCVrTbqjeRWQJwsrVqz4eiTaVGKEZ6YK5Cp4CA2,35396,7555,7555,40601,,5,10,,10,,,,,,4602,22,36,5,,0,,,0,09-02-2025
57HSSNKtPStF3CawWKjdw96zFah7s28uKV9jN9yLZFC9,0,1428,14962,131271,43,322,343,7,28,97,2,0,axiom,3.65,19228,49,319,11,178907,1,610,-5,96,09-02-2025
BNo9CgpQpgRC71ya4QHDEddfE7uuY8F2Sp2DF6PjSDRt,-2183,-1158,-23138,45428,0,2,2,250,2,1,0,0,,120.71,0,16,0,0,,0,,,4,09-02-2025
3tc4BVAdzjr1JpeZu6NAjLHyp4kK3iic7TexMBYGJ4Xk,-38640,-1561,-23202,12395262,60,22,12,-195,261,4,0,0,axiom/photon/trojan,01,13803,31,761,16,133806,10,3632,-15,76,09-02-2025
3YRHMVTrECxG7kZSkCByBm3qvBAwy5fUNuofKejQL2go,-119,0,0,-100057,,0,0,0,1,0,0,0,,0,17180,19,108,12,158391,4,571,141,0,09-02-2025
DyNp8m86z47tH3UJCNsCiFiFoncG4GQm5a2uyPbDq67x,-249469,-2954,-69106,-86538,25,3,4,-590,21,3,0,0,photon,208.82,4946,12,17,-7,133351,30,1772,-44,29,09-02-2025
6r6qMoKF8UBuDn2ckSXBhU8FDkqo3f3yeMAqCBCDjaoE,0,7702,48378,393223,40,487,483,27,41,120,1,1,axiom/photon,0.81,19925,44,428,2,98727,3,237,-29,64,09-02-2025
7muomhBk1zZva1nu4gggB3uQ6boj9o1e3rXq9Q6DQq8h,0,5361,11234,14007,73,1873,1873,1,3,220,0,0,,0,61610,14,875,1,111840,29,1469,2,96,09-02-2025
5BnZYnsL8xduJFuCUN7hwTAwVJaDdAyDxCez8FNHoK8j,403198,0,60984,496983,,2,0,0,1,1,0,0,,162.46,29478,22,417,-28,162217,17,1937,-21,0,09-02-2025
2GSQwGNuUpixDrhY8JLxBuUdhQ7fTNgSCm7qJ1D74cxW,55792,1606,-3242,62836,,34,37,,1,,,,,,45122,11,328,-58,125917,15,225,-48,0,09-02-2025
GVjYGNde2aRzd5wGPbRvCpSPpZVYPZQiu1GuYmEYxqkX,-12938,0,0,2030646,,0,0,0,19,0,0,0,,0,17482,3,25,-29,211435,3,3390,2844,4,09-02-2025
8EHUBpaHaWJECd583RFQMpdFVgkkSjvcDdzqUdJHGgE1,-24,2158,-5198,-5222,40,38,35,1,10,9,0,0,,17.56,26083,43,511,11,136683,5,1941,17,7,09-02-2025
EjhGu8HPEh9DEkE9r47HoDwNxcvKMqnyMYrdYMNFgz7T,112258,192,192,112450,,37,2,,1,,,,,,0,21,0,0,,0,,,0,09-02-2025
9wgq6eTnXi6yY3L9XGGg4N67YV17QKKpMd8aL8q1jsqg,7,3363,3445,3452,49,1037,1271,8,9,214,2,1,axiom,0.3,23495,42,103,11,140837,5,117,40,62,09-02-2025
2net6etAtTe3Rbq2gKECmQwnzcKVXRaLcHy2Zy1iCiWz,244,10144,19972,108515,50,258,315,59,37,81,6,1,axiom/trojan,1.46,21146,47,240,24,139349,2,255,-48,24,09-02-2025
Dh4NfzAoJfkr9QH5Hnr26dzhmHdAvcvdzAQdqr9i9w8r,3,-55,-439,55187,0,12,9,1,1,2,0,0,,823.11,13625,23,177,-8,194048,4,418,-3,0,09-02-2025
X3mMk1SRhoqm1ZEbq3LqNNcbhceDjUicrDYnzWba1ow,-166,0,0,30153,,0,0,0,1,0,0,0,,0,14751,18,75,-21,128728,10,934,-89,0,09-02-2025
24RuwgSgkwZGvjEmoPSfSbGhTzTcVnLJrBVf9GJHjEoj,0,-1099,-8659,89798,33,126,138,-9,11,40,2,0,axiom,0,15598,49,346,3,112013,1,296,-9,98,09-02-2025
4LJy3P2EHLBgrLTVxKBgrcXrKW2jggjqZjF63cyjQc7Y,-1263,0,-243,40576,,0,0,,1,0,0,0,,0,18790,16,27,-4,97060,4,44,-15,0,09-02-2025
3TKkc6AUCVGiKzHNMaFMQ5K2hvmgkNSU7sLEXHFsj84x,62556,0,0,80451,,0,0,0,1,0,0,0,,0,4051,10,75,0,143780,3,368,-44,0,09-02-2025
HUNLu9cCwjNeuoj3bXxodWWCTZjFdME7Z1GUZYQjqJFH,0,0,0,252953,,0,0,0,0,0,0,0,,0,0,5,0,0,,0,,,0,09-02-2025
AwSyCM8jkiaupUMbw1MyjQx4Ym4Bcixz5Kraga3mEpqv,-81957,0,0,207731,,0,0,0,1,0,0,0,photon,0,26665,10,864,-25,133356,11,3453,-35,0,09-02-2025
ESupBM1ZTJashN9cqeDDu6DUHKwzs9rFYaHzYe4x95YS,-37565,35477,45043,110550,20,21,27,3942,2,3,0,0,,390.47,2011,11,34,-7,180217,3,2046,-54,0,09-02-2025
EjgbcHMAZTdQtU3qDs5HL6XiVs2qQ4on3hNTahCTD8aJ,0,0,0,48473,,0,0,,0,,,,,,0,2,0,0,,0,,,0,09-02-2025
ADQ8hVkZGHJMF9kHuwVJgPCqGVgnfohL4KCahVmCtk13,-413,0,-5017,2072175,0,0,1,0,4,1,0,0,photon,0,9542,17,161,7,143946,2,1452,17,14,09-02-2025
53Pr4a5RvGBSEyWSwoxDZ4WwxeQoC6XxbbWn9JGW8gNM,-6,-18205,12040,183234,40,13,43,189,1,3,0,0,,483.45,0,6,0,0,,0,,,0,09-02-2025
6wiZCM1HXkjXVyCkgDEtLMXC1dLwDUsUqWAVEf2UFDDQ,-91,-8378,16326,282561,24,241,149,-644,1,10,0,0,,69.89,505,49,22742,0,,0,,,0,09-02-2025
7k9EiHYnvYAANhxE4jhjCS9KCLHoYmACfvBTmdqSX7SN,-342712,0,0,53451,,0,0,,2,,,,trojan,,40690,2,449,-83,136523,10,779,-90,0,09-02-2025
A7GH3G65cFaBjtnZWojKrkGcKCpGpyieuMDSrou34PvK,-39383,0,0,91442,,0,0,0,1,0,0,0,,0,0,45,0,0,,0,,,0,09-02-2025
7wnKu2gEjFqAd6uRYDQVLWt8n4itwXb2964xzQjNSKxZ,0,0,-405,104884,,0,0,0,0,0,0,0,,0,2590,21,1,-2,,0,,,0,09-02-2025
A5uxHmjTVyBd1Aj4BFUAekujpPjaWnCrLSRJhjAyvjH4,-603,5450,8843,260388,23,618,772,11,41,113,4,1,axiom/photon/bullx,0.36,15638,47,461,9,77419,2,1093,9,79,09-02-2025
ELcwAxt516ToLLQg48UxwBzxB8Dumwv4bjBQfrXQutLP,0,0,0,-11808,,0,0,0,1,0,0,0,,0,39330,3,1795,-18,176025,3,2957,22,0,09-02-2025
GhNVnC8c96huJ6FENasqer6YfQmAGZ5d4Ydy5g9XQsf3,171734,0,-2524,169210,,2,0,,2,,,,,,0,48,0,0,,0,,,0,09-02-2025
3XDn7kEU13ex1nQu7gw43HfAm1QuNre3MPxbVdKTbfaT,-20599,2652,3285,283636,100,14,12,1326,25,1,1,0,,197,5794,7,160,35,117171,4,785,16,0,09-02-2025
7GxCGfiHt9jRAe7kMqRKJMtTppMfnuwE8pfAfsWjoawX,-122,-892,-892,-1015,0,15,11,-178,1,0,0,0,,449,25609,6,707,-31,,0,,,0,09-02-2025
36uMzizQz5Vk97WfA2Tn3k86CLYXhnNCJ45kkTpqmn6e,-13,-7830,-4613,140519,28,252,201,-48,162,43,2,0,axiom/trojan,2.94,21744,38,313,-12,122330,7,1159,-16,70,09-02-2025
82UkwJwNgFpMvogSm4j3xo7EEoAtYd92g3Xx6Wot1naZ,35517,2680,5085,26855,,6,4,,39,,,,,,2998,30,43,-5,151696,2,1505,-19,0,09-02-2025
8RsEqeoKcCxp1Ld1oy6Cpp4pfiBw6JQ63ifLnyEXSCbH,-210938,-2773,-8717,-53792,40,10,7,-277,1,6,0,0,bluechip_owner,2713.68,23452,16,292,-5,150101,16,1265,0,0,09-02-2025
6RrHEro3VVTrmYDDXPyPk7FyYTS9Mx4xXJF596Zd6AZF,-10050,-922,-2577,56485,0,2,1,-461,1,0,0,0,axiom,22.43,12321,39,318,14,125290,8,2489,-47,0,09-02-2025
EKDB7EyLPD7a2Mqo7Kh8Y4aR7gD26VErY3yj41eZjwCJ,1470752,0,0,1134799,,29,0,0,5,2,2,0,,5067.37,505,32,87,4,133499,3,13932,134,0,09-02-2025
FQqP4kZjd9VYbKMUujZXNAGdFaz2tb2hJLbZXkv2zvr3,-13997,-120,-1081,129421,29,8,7,-15,3,3,0,0,photon,1.96,27338,34,455,-2,145873,13,738,-46,20,09-02-2025
HYHNwSy1cMKxRaTGxkqCBFszBKeKWNh7if89sdtX3BPU,0,3695,11279,8754,48,32,70,148,27,13,0,0,axiom,2.92,19124,36,449,40,119315,6,1007,17,57,09-02-2025
4d4cM5KouNRbaxVSkkuePUAoy5hbR9daX7iDjoqKwjG8,6,0,29462,50151,,0,0,0,1,0,0,0,kol,0,469,40,5,-1,,0,,,0,09-02-2025
FSvK6sxyLje1A8V7pbXWyroqyFmN41j5oseDCBHjTXL4,153,-65415,-137538,26807,20,28,64,-1362,466,14,0,0,axiom/photon,12623,19729,36,485,-20,139079,4,2118,-46,0,09-02-2025
FqFcdUjVuYuXgRKxhLRsC5zEovtcqvi6VCMVr1dh7sSS,853,1413,2045,11534,56,9,14,157,41,5,0,0,axiom,0.38,9171,49,309,9,75271,1,229,514,20,09-02-2025
6voqTJziez8TBeaXCihuLQRXfjfpCJr4GkkANwaEftsU,-3366,24638,37882,17045,100,5,14,290,2,1,0,0,,1801.64,0,23,0,0,,0,,,0,09-02-2025
hJRWEXNPGcjvYyPqttHC4Fba3ZeNDBFkb15E32EwhAR,88640,-48764,101164,7448969,31,43,34,-2438,10,8,0,0,photon,15.48,12807,21,458,2,187754,4,4400,-30,23,09-02-2025
3AfQZq1JjXrv1dfFYaRfwdZi3ZSLta5fHjyo8iYhnZB1,0,-85,-288,-2917,44,81,92,-1,2,32,0,0,bullx,141,24855,48,38,-11,112862,2,94,34,52,09-02-2025
HXogN9rDZBCiGN1UfakenDbfWbqaW88Zs3gh6JzKYGF2,213,-5181,-4799,-8105,38,282,197,-58,7,33,1,0,gmgn,1.72,13160,36,54,-4,171942,11,1285,-9,5,09-02-2025
Bpk7VVctpzXYx4BuPnZzs3VSSAWSAQJVq9VufFAq5p6b,-169754,0,-27997,3823141,0,1,1,0,206,2,0,0,photon,162.57,25480,38,825,2,147071,8,2406,18,30,09-02-2025
35N9eBEMKGhHAoZt6NP6r56KTwFjDrXh3eBAzLJxiRDr,0,3400,3400,3400,67,22,68,189,26,10,1,1,,0.12,16971,17,282,61,76607,1,308,30,45,09-02-2025
FffwU6uiYdXZUqo3yuPCNzBtHczpSKPpXbLZ4MZkdpJ,0,328,1005,-10370,31,341,221,1,1,35,0,0,,3.6,25834,47,680,-3,109394,1,439,-11,10,09-02-2025
9n6S1PukQPTWfsCYH5YybjPYL7iP1jBPGbX9gEgqaCbS,0,1561,1561,1561,,1,2,,0,,,,,,28950,1,468,334,,0,,,0,09-02-2025
GGm2TK82dwaUqRT66r8qZ3E8Wgt9gh6RYjdRMe5QszNB,290573,0,0,970204,,0,0,0,2,0,0,0,,0,8649,6,3268,-9,,0,,,0,09-02-2025
J9HqxT4U39B45YcXxL4B1GZzdhSrXFr2N2Lam4bXrQeB,-6292,-694,-12941,-2799048,0,1,2,-231,1,1,0,0,,532.42,4868,23,16,-8,174434,4,2480,-67,0,09-02-2025
7q5MVnzDoLnmLQvmWkKp282eZjSdUcUwWigxatBpnGUr,0,-2163,-16162,666,22,49,78,-52,19,8,1,0,axiom/photon,02,22681,46,406,-13,126668,4,551,4,84,09-02-2025
kwhcooMFSt8k8S1RbdygHiYkAtyVVwcPMhyqBecTzBU,-1558,20602,101111,912722,51,486,487,68,44,162,1,1,axiom/bullx,0.71,19239,45,434,4,96564,2,189,-40,65,09-02-2025
EapQNvtZUzo4QgkQ1enq8H2KNdF1XeLs7BQczjdUnSTj,-487,0,-103,30042,,0,0,0,1,0,0,0,,0,16633,21,209,-7,148555,9,289,-3,0,09-02-2025
EgQExZTho7qDPickSFoYTerutDxaUNpgncTp375AwbtH,0,0,0,24555,,0,0,,0,,,,,,5033,3,51,1,,0,,,0,09-02-2025
2UpG5uM1MXGbQG6d57ofaRCG3r9KQYxKtqqWCNJuKifb,-104,919,7925,57180,38,199,209,6,39,62,2,0,axiom,02,13755,50,376,0,,0,,,60,09-02-2025
FLFYK8LKz2UyWSrBBV5wgw6YtiRd5UzMDdTBGZC9EhAk,27450,0,0,61852,,0,0,0,1,0,0,0,,0,0,3,0,0,132615,3,1882,21,0,09-02-2025
ESYT8JmAUGiLJWjAzqGVthQLJpfbozHQsLqnmdr6ivvh,0,0,0,-21236,,0,0,,0,,,,gmgn,,15092,19,224,2,180478,5,1092,6,9,09-02-2025
EtCvfhUw8tSjHTCTJ5WzpKitHVRkPW13xpC9qHPjEGxj,-2254,0,0,402562,,0,0,0,1,0,0,0,,0,33387,37,601,-35,121472,6,1182,-53,0,09-02-2025
5VsfjXLzdPbasaVrRnMTamVGwKnoRBEimdFawrxURrtQ,0,0,0,0,,0,0,0,7,0,0,0,,0,0,50,0,0,,0,,,0,09-02-2025
911ZZUZhnjqkoe9wV3UjJXzzc83ciGKsuxWwiULGCqNS,0,3820,5143,38201,40,193,142,38,23,44,1,0,axiom/gmgn,4.35,17350,44,362,-2,128773,3,1152,-33,12,09-02-2025
GeSfbB3FEnwwuxgFuVVLaXoS4fUHzHyX2SkxUmZwYkD9,-2,-4936,-5281,-6534,26,906,699,-182,1,7,0,0,axiom,04,26681,32,89,-15,122013,13,182,-13,68,09-02-2025
7q15WZ4iSUDvqfs5Kdh9bfptkQhs6qKUyCUq6GY6PGxg,0,8111,27600,57307,79,674,674,56,5,117,0,0,axiom,0,60862,12,737,7,122204,29,2240,4,100,09-02-2025
9QwvmJ6KFkmvraqycNGEZe8yAab2bbmU6pFG8WDRjnSh,0,8086,32574,76089,72,2657,2658,26,2,225,0,0,,0,58803,12,1041,-1,137345,27,3016,1,96,09-02-2025
47E7NG9r3rsAoBRmc9f6tSR7VE5UVLiz7D3KmjLiTdKn,0,3740,8697,29086,74,1155,1155,16,2,180,0,0,,01,54265,13,455,-1,131156,28,1787,3,94,09-02-2025
6DRiB6nirwuWbNXpJRVLXm1RdZAQY9TcqXNuExwpJfjq,124,-288,-4342,-30269,32,187,215,-6,2,16,1,0,,3.63,20710,26,107,26,148902,7,219,-9,8,09-02-2025
J58mw1n38e3cYTbhbmuBoWvSnXh2b8yY1rqaJ8MiG3pn,0,0,0,26241,,0,0,0,8,0,0,0,,0,0,18,0,0,,0,,,0,09-02-2025
3a87AhPHWsGX9Wj1vgNoorucboBWvkHVaEQHBbA7BrcS,18581,-107,543,220197,50,2,2,8,2,0,0,0,,0,20340,18,283,240,143380,10,917,-77,0,09-02-2025
9bV6iCKENQZtZMdQkEeHmPBLXxgVPJHhvTESm7DzsbxX,252082,9666,15776,232447,100,17,5,9666,1,1,0,0,,0,2376,23,134,0,153559,5,1689,-42,0,09-02-2025
9wZVRhdQymTxzXiYPxSWYfcvM3xacScYeJsbn1W8fJzc,2766,394,3186,51357,100,0,1,314,6,0,0,1,trojan,7981.4,59990,2,133,22,149366,12,156,-42,3,09-02-2025
2GVQ4haGn8GFram2mtfHSLdc3i3FrS16rG3sJnyqiGqa,0,860,860,860,,1,1,,0,,,,,,45906,1,408,211,,0,,,100,09-02-2025
DfFcFUxXyZsn8aZG2ncfZSgTkM9xByeum4vsuMk3tjJ5,1708,0,297,379408,100,0,0,0,46,0,0,0,,0,16455,15,73,6,165655,3,115,-30,4,09-02-2025
4CexnxdknVmcjkepE7oNtB4cnjfGa3f189aE2MMp2jpU,0,-272,-272,-272,43,31,37,-10,16,11,0,0,axiom,01,30832,21,528,-11,152412,4,1107,28,81,09-02-2025
AzkydbY9Aa8sidR3NGFdXR6SeBS2LxejDTnJUhKSZQ8b,229503,0,1521,199530,,1,0,0,1,0,0,0,,0,35490,11,153,-56,143160,17,1421,-71,0,09-02-2025
4rXiu7Vw9rdpHHKFLBGzzTWTWpgHVmUq2jJEKCt6FPGY,-2448492,0,-108191,1756113,,0,0,0,34,0,0,0,trojan,0,19170,18,1514,-14,133890,2,2732,-92,19,09-02-2025
HBFg89p3WUsMV6LhAiigchwXZkWTkKdUPNhKKWjYkG9M,931440,0,0,913096,,0,0,0,1,0,0,0,,0,0,34,0,0,,0,,,0,09-02-2025
6wTVWXQPCmmAJra4wFMoy6kae5s2FguHyhcXyhTGmgTt,-3681,1492,-10326,617745,50,18,19,214,1,6,1,0,,25.26,12817,37,1794,10,127943,5,4938,-14,34,09-02-2025
benRLpbWCL8P8t51ufYt522419hGF5zif3CqgWGbEUm,16,598,598,232683,100,2,1,299,500,2,0,0,,0,1075,23,2181,22227,146601,3,709,92,0,09-02-2025
FqiY28zUZ7fptHKcyUxxjxQXNo9wpzCmmfxHMynPnPyU,0,0,0,469697,,0,0,0,1,0,0,0,,0,21554,1,80429,1,178956,4,448,13,0,09-02-2025
GPNF5sosXvyqLsSvv27SS3EkraMYYeSCqMPikwdCtjJW,-9980,-6902,1001,124666,0,28,5,-766,15,4,0,0,photon,61.63,3652,16,25,-2,172160,5,1097,-78,0,09-02-2025
A2DPdARQ1YLYf95YkZL7EFa8KTaNyXf3Dxg8gPS5sDnj,0,1244,5270,5828,36,216,246,12,15,38,1,0,axiom,0.57,15897,46,402,9,96861,4,616,2,32,09-02-2025
4o8viBwdxSp5Hk3o5o6o8e7s5WbEn6KxubkxwZSdvVfB,0,0,0,217943,,0,0,,1,,,,photon,,0,4,0,0,,0,,,0,09-02-2025
H6wP46mh2uarPhyMy8ryqe8xiMqnoXbUQaGu9f7ypkok,0,3286,3286,3286,73,19,72,183,25,12,1,0,,0.13,19523,18,290,51,,0,,,50,09-02-2025
2EbpYFGzA5DVRJSWhUd2ngBUv6BVR4P3ij9ui95iJYVL,229,834,1009,37097,26,529,515,11,1,19,4,0,trojan,1.15,23051,30,89,12,127616,8,105,21,9,09-02-2025
EfXsKpLEyos1pgDRYbYiE7sGjBCu2HXjUbVVYixLNw3x,0,12078,23280,18853,35,2832,2135,25,28,168,7,0,axiom,0.16,21484,49,481,-1,,0,,,82,09-02-2025
4JodrSMKaqGFgfJpbioaiN7Dc2pA6PLuiDZo4n41eT4h,-229683,15398,15398,-9150,100,0,1,15398,21,0,0,0,,0,0,39,0,0,100124,1,2944,-90,0,09-02-2025
FiwjDMykpmPnNBzVF2pm5EK5AJMTivmRufjCLv4Ndv2h,54483,35198,35198,49633,,0,3,,1,,,,,,6013,28,11,-5,136562,5,65,-15,0,09-02-2025
CuUyBLa84e86chtEk1Y8R6tcRx9DxnRhqhrg5XvdiEkG,0,460,460,460,,1,1,,0,,,,,,39893,1,869,53,,0,,,100,09-02-2025
CH9i39Jga5ZTsKKadFd4N9V3GUUXjn3gPxJhePTeoJ22,-163377,-11002,-12300,-408462,50,0,3,-5501,1,1,0,0,,3598.86,0,7,0,0,209268,1,4584,-87,0,09-02-2025
GghbeTXXvAjrsRqTe5maywtBT1XPRnR45R8VxAK2YtcG,-16320,0,0,102517,,0,0,,1,,,,photon,,17659,24,250,-13,144382,14,2033,119,8,09-02-2025
6LB4RENeNwXobgJakHzePG2x4FLWKgMCNG9sE7vQtze6,0,0,0,430616,,0,0,,0,,,,,,0,2,0,0,,0,,,0,09-02-2025
2JkSKHRYLebNcV9Zb5uMhD5QoARcoTjz8HRMy8vTP9w7,-2182,9201,18557,16374,58,165,178,1,21,46,3,0,,5.83,22626,46,379,30,81607,4,1281,22,43,09-02-2025
5u8XpBj8ieAxercLaZz9oJuEEyAkAYfbEAdy9jZ3yBiD,0,0,5,5,,0,0,,1,,,,trojan,,,0,,,,0,,,0,09-02-2025
Hk8oexfWXTh28ZffngNULbPsqpJCse51UmgNoQRNBmx4,0,137,137,137,,1,1,0,0,0,0,1,,01,5900,1,148,93,,0,,,0,09-02-2025
BzmBWcGTcKrrU6b26xGnWMHRiF6Wc2EmePLmYusfxWkQ,-4,3143,3143,2975,,3620,2596,,1,,,,,,28026,50,709,4,,0,,,5,09-02-2025
Atk7HFMw61P5kkD4PHD63gY6HgaZd454t3jraaskALcn,0,0,0,2819,,5,0,,1,,,,,,0,3,0,0,,0,,,50,09-02-2025
JB2UjZWGx5c5hjq5mY55wT1UCeTXMAsoc543jYRxWR1u,524,8053,8053,8576,46,131,171,84,49,40,5,0,fresh_wallet/axiom,0.15,12806,47,336,19,155795,3,597,40,69,09-02-2025
dw1nDSuG7xMQFam4T99q6qD4rzvdnCZtLy9nUoMgM94,0,714,714,714,58,8,12,102,9,3,1,0,axiom,06,8426,7,234,42,,0,,,58,09-02-2025
4aVAPXH6qp8MhUcZcyVo5EJNh6jNwKLB7bsUMb8ZwNU7,0,1947,3282,3282,83,2042,1321,11,2,155,0,0,kol,69.89,28377,50,682,4,,0,,,0,09-02-2025
D5XVoYeFTaDD5H1HbABoiBTC5ccg7wdTcH6R6VkXhTjK,0,585,-3920,-1174,53,137,110,14,3,23,0,0,axiom,3.99,28736,43,246,-1,91645,7,305,25,38,09-02-2025
5tfavEkbC36VeB354AFgXNULxzf2oQUaJcp9AwgVpnBF,3169,1596,-1032,1741,67,30,13,266,5,4,0,0,photon/gmgn,106.97,27148,30,265,4,129795,6,387,10,7,09-02-2025
9wGF8YHkw1Fne1sEs2u4DJKgvupPEgxpcNVxGpR33pBA,0,0,-11018,31010,,0,0,,9,,,,,,0,12,0,0,148370,3,1494,-66,0,09-02-2025
EXgW7YQmjQDA6JmsDTZf5eXvNXMarwqMaiDB3vyKWnCR,-592,1602,3246,42446,,13,14,,283,,,,,,1815,17,101,-4,133477,1,376,383,0,09-02-2025
EQpXWzdGRJa3BJJsPv8xNjhREkpHTe3kvrTMimQ3rkCN,0,0,0,-1022881,,0,0,,16,,,,,,0,14,0,0,,0,,,0,09-02-2025
H552tQaXFqM4Xzu6gDySEgVedRXP8prq1jbHys18utmJ,1,3629,3631,3619,,3518,2541,,1,,,,,,27742,50,660,6,,0,,,5,09-02-2025
7LUDhX9TmN5jiLqYQD3qj2zYJfyasftUUUkrfEiSkXAK,0,3969,3969,3969,,3482,2421,,1,,,,,,27916,50,646,5,,0,,,5,09-02-2025
9YaSkpYVjEdQgjkPFHE2j3Gnsn9Hgw3FMgY9smLZgYcR,0,-468,-349,-98811,,2,1,,1,,,,,,8995,25,92,2,147729,1,317,-89,5,09-02-2025
DWUpYAaTzXk8UMNcXo7FTkCAeEa7cknsy6TXXrwMDBTa,0,236,4726,145880,34,12,15,27,9,3,0,0,axiom,02,8633,50,340,3,,0,,,77,09-02-2025
BV1cyGgfM6tVAUmydLpHg7uPNq36qqcmkvyB9tuKZYnc,-36,985,1519,1482,36,347,472,5,10,77,2,0,axiom,0.36,20115,47,140,9,131736,2,148,26,66,09-02-2025
AiF4qCLrRiZPXePSGTpAxNTMZHxRC3YfgcmwwAisw9Xg,0,0,0,121539,,0,0,,1,,,,,,185,28,715,0,216412,2,6201,0,0,09-02-2025
6SoZRjFvRyFfLjVz34Se97EgidUinAHnySRXguTgqp9p,0,709,709,709,57,175,195,11,5,41,0,0,fresh_wallet/axiom,01,43587,33,422,4,135653,13,499,1,84,09-02-2025
9aVRNXKCfwDouVqMxHdzDrHaoXJYbtwbK6Tn4Zvq2Nka,0,660,660,2948,60,75,20,132,4,1,2,0,axiom/trojan,16,9842,22,1036,50,98917,1,255,2,48,09-02-2025
5p2BZrtwapbdYxhnpr65CZyhYNgpZuuz1tJj3f3AscNK,0,3127,3127,3451,,3570,2482,,1,,,,,,28903,50,792,4,,0,,,3,09-02-2025
A9WkGdLTRYywL6LvPaWzu9NphGqd8cB9jZJ6GmhkdV6Y,1,896,-22578,85626,,53,20,,1,,,,,,4695,14,6,0,,0,,,7,09-02-2025
HcBArGdNViezew4z3j7pHZT5Np1HVEYS28GrSJGmuA21,0,0,0,20783,,0,0,,12,,,,,,0,42,0,0,,0,,,0,09-02-2025
61J65fe94fT2N3EBrQSyfJjdbYRUpe7fLJtKvnr78anU,-684,0,0,4256,,0,0,,2,,,,,,0,27,0,0,116374,1,3635,11,0,09-02-2025
AkHXKKZxZNzCmjAQre1aNjLEzeYd7JJbPnyVmDSAYN7o,5,2994,2989,4362,,3459,2448,,1,,,,,,28530,50,663,5,,0,,,3,09-02-2025
7grEJpUaWyNnXj4ZZherbv59Zc94SgD6T2b6S8YtXALB,0,0,0,4439,,0,0,,1,,,,,,643,27,700,1,,0,,,0,09-02-2025
9dFBCrJfjPVJUFwR4peJpKyNSAB4F2Di2HGa9JG6m3in,1,3149,3149,3150,,3481,2528,,1,,,,,,28393,50,702,4,,0,,,7,09-02-2025
Ap5Kfn6dQhf52zJGvWQhiSYCV7uHat4cENGPPHX55agx,0,4041,4041,4041,,3401,2448,,2,,,,,,28462,50,764,5,,0,,,5,09-02-2025
3EK4BydUcwfsDbmT7JqV7bLMJ1uWHRM6DeGQwpeeeTjY,0,1678,3147,3147,27,743,474,11,8,38,5,1,axiom,0.21,36611,37,214,12,122015,11,306,-12,48,09-02-2025
2WZMAYvNG7ZgroQKZfPVzzVNmGZEAQvGtDpCKxVqNdqv,12,3484,3484,3760,83,3530,2487,20,1,150,0,0,,8.71,27600,50,615,6,,0,,,3,09-02-2025
4mBGZfAgMHY5TbCmBEUjAMqo8F9kY27g2RRpfJmpmKew,2480,-2602,2828,37086,45,53,55,-1,1,2,0,0,,921.95,565,22,18,1,199023,5,650,-47,6,09-02-2025
31eg4SvShsf1Ah1xgMhUfKbGQSXMZ2Eh2CD9w5kpVHhr,64,5954,6835,6898,53,202,202,1,22,63,0,3,,1.38,21904,44,281,5,139916,4,987,13,80,09-02-2025
5Sc6e7PmQ19PTGsyjx4w2FqEqNtBf523PvXrvHHx79xH,124,-1915,-14821,-3596,22,803,624,-7,2,59,3,0,axiom,0.57,15176,46,138,2,151882,3,2072,10,7,09-02-2025
FGpByrm2BG1EUAzMDA32zv3gtD4nXrYrDbCz2edaxpbD,0,3033,3033,2676,,3575,2488,,2,,,,,,28140,50,589,5,,0,,,0,09-02-2025
Hp6SAUgBypoSmUAxd6VfDLHYZ6H6WNhFW4jhSUwQ2PiL,609,-4474,4245,4854,29,587,371,-25,8,49,1,0,axiom,1.55,20414,47,438,-17,94154,3,1051,17,30,09-02-2025
5e6n1fTia1HztzkHFQNTBSqNsykXR8AFhqqHsbJ8yQRw,0,6457,-14410,71837,32,1157,1075,13,38,156,7,1,photon,2.26,17538,47,879,11,85392,3,1286,-39,66,09-02-2025
Cn1CcY99tvcFVknQz6wfacWmhamWwP3sYpg6XsRAbPTV,0,0,0,-83601,,0,0,,1,,,,,,0,33,0,0,,0,,,0,09-02-2025
FHsALmky5sQLUx6CrjWRLRfc4WQYjv4ecmWML3eLLAB1,-9987,0,-8122,87918,,0,0,,3,,,,,,2235,27,1131,2,,0,,,0,09-02-2025
AbgqkW1NyWbx5vwVHiZJaoYWPAjw5hqrufejaG5rjoCJ,0,2871,2871,2758,,3410,2499,,2,,,,,,28985,50,669,4,,0,,,5,09-02-2025
8ozfu4TtfYm3QG7wdg15tMBdPEBWyAQTezQAKeL3ewKk,0,3531,3531,3416,,3540,2532,,2,,,,,,27960,50,606,4,,0,,,3,09-02-2025
D9czbbFEQLZYN9QQkSN3jYkVv6ngBsYLYqmn63LiP3mX,5,2921,3647,4034,78,2544,1738,1,1,124,0,0,,82.81,28175,50,671,6,,0,,,0,09-02-2025
5YiGSCihrrKVeaML51dNqkQtnzDi2nNj4mUneQu1jCzg,0,3037,3037,2992,,3450,2522,,1,,,,,,28548,50,781,4,,0,,,0,09-02-2025
6pTGMMHtVknXTANfjNhqm9GBXaeCSE9GaBBphGqQLAw2,-825,-2326,-12653,-19793,34,378,562,-7,14,110,2,1,,1.91,23676,36,283,-7,171547,4,790,15,36,09-02-2025
fxBqeLVLLiZCpt2TzsUdYafLMJbN6RMdqYTzeovqK6k,0,-3957,21620,14341,43,279,325,-22,180,73,2,0,axiom,04,30770,45,621,4,116261,5,2702,-6,52,09-02-2025
WjSnLNLsRuRVfcJAmKkZgcjtehxRZ1s5jXppH1U7o5c,-2,2458,3291,3208,85,2033,1317,1,1,149,0,0,,69.21,28530,50,773,5,,0,,,0,09-02-2025
9wxg2kDR46SaJyXNsWVAmwBWwyUgjRL3BM4DTbEzKeQ2,-3,3671,3671,3668,,3484,2538,,1,,,,,,28509,50,727,6,,0,,,3,09-02-2025
MevHcYBC8ZTF9HrCZjsmuWtt9bxBrq1bjyj9b8UtTeG,0,0,0,0,,0,0,,1,,,,,,0,50,0,0,,0,,,0,09-02-2025
4xQKbFLjYK5ugba3G1BP6kphmbJrEEpJYs6CiqrP4pab,0,1667,5395,10316,53,30,47,73,6,12,0,0,axiom,0.12,29006,45,844,26,162384,3,1336,-21,30,09-02-2025
Hjn4iTjdDkt2Eo3SJSC3V1YVXXQRXirXLpWSarUfYDJ9,0,0,0,1976,,3,0,,4,,,,,,0,44,0,0,,0,,,20,09-02-2025
4pV2fp7RjCNxPQTDLrnx7uoQoPYUxHdE5ZS21s1sLsPh,0,-8452,-5176,-8774,21,107,76,-192,4,4,5,0,axiom,0.79,23007,37,545,8,138703,10,1519,18,20,09-02-2025
4tjz9B6CFY3TFuMuW7bCP4uarSojdfLn1pWBjxCVzZwB,0,0,0,-75557,,0,0,0,1,0,0,0,sandwich_bot,0,18938,5,27606,-2,,0,,,0,09-02-2025
bt9bEk7qHoSn8Zxp2NXVjg6ev9NQjergY7HZBNgp1EH,0,3426,3426,3220,,3548,2533,,2,,,,,,28371,50,676,4,,0,,,5,09-02-2025
DQ7oW5uH46W4jJKPQfexLpFKQerixUYsiFjb2QSAGp1V,7,3696,3696,4170,,3461,2532,,1,,,,,,29052,50,831,5,,0,,,3,09-02-2025
8yhTYM3XBkkiz5VE73xg4JAVrbTcdPrwfTBnoMG5Bhfg,94,962,7458,29671,52,157,201,10,11,53,0,0,axiom,1.36,28376,37,360,5,117944,9,349,-8,52,09-02-2025
DUNpnSFSTifin9Wr5DcqsrZ31Drv975LHxTYKaiC15X6,0,0,-1,17621,,15,4,,1,,,,,,0,22,0,0,,0,,,23,09-02-2025
3H9EhuJzKfi6SnTYJKrDKoTVoHZQXfefFtXodPyT3nHL,2,3505,3505,3507,82,3522,2560,20,1,153,0,0,,2.72,28317,50,697,5,,0,,,3,09-02-2025
9us3VXmosfKP7hNTQN6QptidhKk1zWDxCwj5Gq2TuZyf,0,3055,3055,7098,,3513,2516,,2,,,,,,28980,50,752,4,,0,,,3,09-02-2025
E7Q7rydTxACkYmnvjwh9iHep75YWLvoPGrLJKfvGzwd3,0,0,0,131479,,0,0,0,1,0,0,0,,0,184,28,3,0,,0,,,0,09-02-2025
3S7B49r7ToXNd8evFaPER1q23JtKg43TUD4Z2ncmvAGh,0,-12767,-20727,522396,34,85,62,-255,10,17,0,0,photon,0.33,18329,46,733,-6,178275,3,3389,-33,44,09-02-2025
F5e6CUETT8pGwTxLEDrjNgGZ1d53n4YzwkdcTcGW9FCE,0,2479,3206,2969,82,2433,1699,1,1,141,0,0,,76.96,28646,50,743,5,,0,,,5,09-02-2025
BKSXpJK6kVHvShy3MxBaXyeP4qHBCgRy4gq3RTCvGMGt,0,1761,5196,12503,37,276,304,10,6,71,3,1,axiom/trojan,0.27,25518,42,307,0,144120,8,281,-30,21,09-02-2025
H3JrKZRjdP8R5b3Q49vi7huxjTQsq5ZByxq58vazinoc,609,-1022,-4764,-19355,48,120,48,-40,6,12,1,0,axiom,1.69,27647,23,139,-10,145245,15,236,-11,9,09-02-2025
DjncSdyLUzpDDA1KHQRNBXyR2opfvYgqA5rfBqwGP2Mz,-21076,-12099,-12099,-54369,,4,7,,1,,,,,,785,35,120,-1,,0,,,0,09-02-2025
BBPKQwYLyiPjAX2KTFxanR7vxwa7majAF7c7yoaRX8oR,131,12620,88514,165945,39,7645,8975,26,5,209,0,0,axiom,01,18335,48,669,1,80769,1,410,-26,98,09-02-2025
5rxjtTmv1e7WrS8BSaRijVYGAD2ZZpDVb64YDyWrSFj6,407,-6985,-33134,-95597,22,2414,1245,-27,4,56,0,0,gmgn,0.14,18906,41,218,-10,116939,7,2666,-3,45,09-02-2025
3yF4hP3KwJUHLEgwf33yCogUSRxB8EFSQLG9s4m7yHSd,0,2624,2624,2624,51,96,83,41,17,32,1,0,fresh_wallet/axiom,0.15,18522,41,277,7,125351,5,550,18,30,09-02-2025
ALrkqxbWYu49YRDKHLTqGRVW1y5QejjehXPxRWepQSzQ,1,2942,2942,3221,,3444,2452,,1,,,,,,28541,50,672,4,,0,,,0,09-02-2025
GHpDvkpqNdDBBiQdSLTy1bW65LMzYzkLYHCYyphrMAdf,13,3773,3773,3939,,3564,2468,,1,,,,,,27713,50,607,5,,0,,,3,09-02-2025
AELXf17pgNHdLAf31UUK2V9Dq5jRQhYGiuVnfFmUd434,-544230,-2404,12298,-93052,34,8,6,-480,41,3,0,0,bluechip_owner,63.49,3791,16,174,-6,168369,7,2014,-8,6,09-02-2025
6nNZAoFPtjZiGnZoysaAi2RNxvYbqhQJfdhVr7qQcqN2,0,25429,25704,25704,61,3549,4214,51,12,401,2,0,,0,6666,50,149,10,,0,,,100,09-02-2025
CLi7YSAoPsQwowzftHkCgRJBdKpMyDguda9gTWVscV1u,132,1799,1575,622,100,7,113,900,7,1,1,0,axiom,67,15665,49,102,-1,,0,,,25,09-02-2025
8FC4AtQULzkxjBGgf3UkHxMjmgujRMF2W67RtxrhDgsf,2,0,0,37909,,0,0,,5,,,,,,1505,8,8309,2,,0,,,0,09-02-2025
FmNYjPAuak5zG9oVTdDRrh3YSetY1HzcwYY8trje6E7R,1886,33410,30665,-4085,36,413,343,208,1,59,3,1,,389,6756,46,135,-5,153939,3,5440,243,12,09-02-2025
5ZVkXuaaegrGu8bsGWBWczQBGpUUdd1b4JjEPk5CYDJg,0,11481,12538,12538,46,319,780,78,74,63,4,1,axiom,04,24684,40,580,14,123999,5,1288,20,70,09-02-2025
6AnppE6EsLFqWXWvQaPEQBceAtHnUgMS7LQYXCPUkx7w,-98,-2229,-2615,-2713,9,96,73,0,1,5,0,0,,5.48,26997,40,135,-31,153959,5,253,-18,25,09-02-2025
35R3nUYDgMjRhTTbKEXE3rEDhUFpAyZHwLeoaRJhZMPr,-862,0,0,-99159,,0,0,,1,,,,,,8237,19,2818,-12,,0,,,5,09-02-2025
9PNzt5gKfxMXY3zwU8bmVq5QjmVkL1odgnPYwn9s4QKQ,-6880,0,50,19541,,0,0,,1,,,,,,0,24,0,0,,0,,,50,09-02-2025
7yQNS6hk54Q7z2X4p8SqHFmu4RH55C6FgtcmoiRnBoxB,399,8666,8666,9064,45,129,177,90,42,39,5,0,fresh_wallet/axiom,0.15,12935,47,338,16,155726,3,588,43,69,09-02-2025
EjSWa9YbNAntZR4MjLGCDanBRRWchh97GpbJuvVuTM3E,0,2290,3140,2992,78,2404,1613,1,1,130,0,0,,79.44,28460,50,726,4,,0,,,5,09-02-2025
AKieua1isCaV7jUY7Xaq75Kfi167E2WSG5Sjv4SwCN3u,-17020,0,0,16836,,0,0,,4,,,,,,1858,30,29,25,,0,,,0,09-02-2025
2HSG2GPbi3oqcTTLbGgUCjS3TPqc1ogAsyKxMPMhERbX,7904,0,0,5840,,0,0,,19,,,,,,0,21,0,0,,0,,,0,09-02-2025
4x2uPAD4vR83MqHdvEYZYnpoZcZBa8fWUNPyGhoeKEow,1344,20800,115327,619597,38,605,676,61,175,130,5,0,axiom/photon,1.37,19291,40,709,0,144163,5,2223,23,68,09-02-2025
DeKG9Z187Upij17GDnZzy1hipQAa11tH71MyMvj2cEtz,154,-1331,-1331,-1177,19,44,77,-31,6,24,0,0,fresh_wallet/axiom,10.33,13665,38,195,-6,141675,8,924,-3,40,09-02-2025
DGLue3XdmCyTjdHBvrqk3FMgnQZ61kKvDe7Y4RTQncUJ,0,2595,3101,6726,78,2454,1723,1,2,128,0,0,,84.8,28232,50,711,6,,0,,,3,09-02-2025
ErDVxW7vbYrJok6nqfkVGd94LyzbRuvRCHkHaBAausMR,4,3023,3023,2916,,3525,2521,,1,,,,,,27937,50,680,6,,0,,,3,09-02-2025
GS3nSWguywNFwNvBBRF8QkEqPRP1C8tVteLn6C4Np1b9,0,2146,6288,6288,43,104,124,28,23,32,1,0,axiom,06,21287,41,188,20,118970,3,277,-6,52,09-02-2025
Ew3k9YtS63gV29XhWdpKcXN93m9j3MSehyxxXUg9tp7r,0,0,0,0,,0,0,,1,,,,,,0,15,0,0,,0,,,0,09-02-2025
5hLDGswzFNG83Nv3D21ucnCfVTM4XVktgK4gW2qaZ2bf,812,-761,-11158,-62200,42,402,300,-5,1,58,0,0,,2.97,21386,34,580,-6,129729,10,1275,-8,3,09-02-2025
7FJCsqSvXB3ZTsXUxx1qsopZsNcEe1ZEyx5ZVodGXGtq,0,2340,2362,2636,,3481,2572,,1,,,,,,27209,50,591,4,,0,,,0,09-02-2025
25iiGJMWGM9177CnUQjHUEZYcLeLSBuAKroP7E6dYCGd,0,0,0,143173,,0,0,0,1,0,0,0,,0,441,44,1850,0,,0,,,0,09-02-2025
6n7nPwwcT5qn2QqSoLPrYmCMHt9VTUy8suixfUKcNrSw,493,-287,-2612,-27073,28,27,19,-23,1,4,0,0,,2.29,16427,46,182,-14,133550,4,403,-67,34,09-02-2025
EeNcYVQgq4Pe5cEmWBHYsscC24yP1Qn1aaxN1jeh2gaC,0,0,0,0,,0,0,,0,,,,,,0,50,0,0,,0,,,0,09-02-2025
7i8cQRQnCYtBfDFtzPR3WtMKbFv8edkYkMrurXg8uJGA,0,117,-23,-4495,37,154,127,2,4,35,0,0,gmgn,1.98,22278,41,80,0,118982,7,94,-5,48,09-02-2025
8rzVn1xU3ZHdZC5ckwdhUnHSAVwnFT2pWzsNbNtDJ8iT,375,131,131,505,30,35,30,5,4,6,1,1,axiom,0.16,24794,27,107,18,,0,,,31,09-02-2025
VgpccLcVKz9LFqSgSrN2bJoivJCAPmns8Tz1EaeiMiD,0,6209,6749,6749,42,314,776,42,59,56,4,1,axiom,04,23216,39,520,10,108437,7,1216,5,68,09-02-2025
7GBfdk5h6uFGfW7HcvhoHU2rnXZs5k9qYfxo8iZMXVFA,139,4553,13802,13941,42,163,217,31,10,55,6,3,axiom,10.5,36005,31,313,-13,129956,15,428,1,8,09-02-2025
Eh2oKRqmuHjyUUHpFZ6sP7XsDVu75kBmanX2vYAM5jWX,-1,3312,3312,3310,,3531,2462,,2,,,,,,28418,50,615,5,,0,,,0,09-02-2025
J8EbdJaYNA13movGsC2vnJfKtG1b5kFrqErYG4CNNPSs,0,0,0,0,,0,0,,0,,,,,,0,50,0,0,,0,,,0,09-02-2025
DA68nduc12xrcfKsd9PtmGk9nXb4FrZZZN9jPxoim1Kh,-17024,0,-1704,-48716,,0,0,,1,0,0,0,gmgn,0,26813,18,86,-50,158295,2,64,-84,0,09-02-2025
2BzqAXVf3jXQKjXerWnkrYkGhJgGgtigogm5yoKv2pty,0,0,0,57017,,0,0,0,6,0,0,0,,0,6490,24,108,-8,125400,1,1299,0,0,09-02-2025
Ciw5Ru92q62DFu4gn9SNWqucsHtutyk5XXbP1z23WpRU,-59889,0,0,13413,,0,0,,9,,,,,,278,24,1,1,126384,3,791,18,0,09-02-2025
9iYVT3Cb9NczoY9WHufVEWffWYF9Y9uy6ghX25qokArb,202,-220,-2689,-6010,35,735,339,0,1,86,2,0,axiom,0.13,25540,46,84,-2,105153,4,123,-9,48,09-02-2025
4nwfXw7n98jEQn93VWY7Cuf1jnn1scHXuXCPGVYS9k6T,479,11315,97800,2223932,49,213,254,67,137,75,5,2,axiom/photon/pepeboost,1.1,16120,48,533,9,76950,1,1002,239,42,09-02-2025
8Ltv5royXzxVG3tAhVhRnfXrzapS5Dwqt1ocxprgu6YP,1732,12190,45022,111121,43,296,570,69,30,75,1,0,axiom,1.46,15838,47,714,13,138608,2,1335,23,85,09-02-2025
BianeGV4VDL5r4bhdVNDbzu2VwkYaYbHUioPgMqyNNbe,-84,-398,-398,5844,,13,13,,1,,,,,,1115,30,3,0,178159,2,3297,-11,14,09-02-2025
HzH2219VMdZEVPWtfpjmF5mzcY4sU4QfwAA6FrAkZ6up,8,2568,3207,4610,81,2316,1529,1,1,138,0,0,,75.79,28588,50,732,4,,0,,,0,09-02-2025
58qWG9YQjQ5STkmMVGihZYJjFhiH5ex63aMo7xhJHdZ1,0,13629,104309,735462,45,629,857,36,67,171,5,0,axiom/photon,0.52,12038,46,409,5,161661,2,1069,-4,83,09-02-2025
62XyKbATJocmZ1Ztd2cn9Q64HKogjwtnihYWgqorgmNy,0,3067,3067,3927,,3509,2627,,1,,,,,,28844,50,720,4,,0,,,6,09-02-2025
Bd4NQjbF4hrJKQnk5F4UeKEwXdEkqwHeCjHegXDgUkJ4,2,3619,3619,3403,,3497,2477,,2,,,,,,28331,50,726,7,,0,,,5,09-02-2025
2AsY6W6f3NMFTLsYNjTc8QXWnFLzHUSeF94qRd2C6ejo,0,2057,2880,3219,80,1988,1361,12,2,144,0,0,kol,68.11,28085,50,630,4,,0,,,0,09-02-2025
Edc3gfHPzPGL5wTe33LrX84LfsxJYmwtaRZgqbdecwwa,2,3739,3739,3741,,3502,2514,,1,,,,,,27571,50,630,5,,0,,,0,09-02-2025
EKVEwX2tSY53E4VqNFeDUvLjFPUERpYFJqs8jSxiuvwf,0,12646,93573,143934,45,602,821,34,68,167,7,0,axiom,2.25,12723,46,439,14,184445,3,1091,10,82,09-02-2025
7xJRQjuUM2wmqYv99TMLZcwKBvWFaQuNrEK5G7Se5Boq,0,3172,3172,3172,,3565,2535,,1,,,,,,29731,50,712,5,,0,,,7,09-02-2025
2xsAdSfxz5uCTThArrCjbPKW2UyDT6bEwBD5zvmepno8,-190092,0,0,-768275,,5,0,0,164,2,0,0,,224.66,3551,13,25375,-5,,0,,,0,09-02-2025
JATk3jPsr9dYcicqneSHA31Ew4u57AiM9o27Xsn7o79C,-3298,334,-19017,-55675,,4,8,,1,,,,,,2129,20,589,0,,0,,,0,09-02-2025
E9BXGTv7bTB1UvNLmJE8VARMPi7tgDEXj2Yg8W3tkL21,2,3386,3386,3322,,3452,2453,,1,,,,,,27801,50,622,5,,0,,,11,09-02-2025
GkaoEmUjhJnvTy9okfZagDN79WyB4Rw5n1AJmXHMFtep,4,0,0,-147437,,0,0,0,1,0,0,0,,0,7008,18,131,-13,136733,2,2209,-4,0,09-02-2025
3S71FsT1fhGHkya5wNTC74YBKApqvrbSwD6yDhF7oUKg,0,-658,-658,-658,20,54,52,0,33,3,0,0,,08,42548,2,901,-13,143731,15,2440,-4,32,09-02-2025
GMqwf2ct8runQarHgHxkbXgcMBJzwjVoL525ZLCAFLB2,-4086,0,-7664,4622805,,0,0,0,2,0,0,0,,0,0,18,0,0,,0,,,0,09-02-2025
GAP1v55Ub6T4oMgLh4rdmfVLE9EvEfgB2tqAS4jmCzNA,526,-334,-334,191,38,384,435,-2,2,59,2,1,axiom,0.14,30587,45,238,6,120801,3,714,4,24,09-02-2025
GmhUpfqR892DcqpsHfceAj1wYGS54N6rjdtqb94Nui9d,0,-3,-2,-28305,0,3,5,0,1,4,0,0,,0,961,36,506,0,247913,1,54,-88,13,09-02-2025
4qSNY1dVcxvkFFRRDqrWN8QdWhzxBVxk2jHjc7DDyE7L,0,0,0,5210,,0,0,,1,,,,,,1188,18,1751,1,,0,,,0,09-02-2025
3JxijiWNTWj3gbFAFJjeCpT64Zd8MBytponwrt4w974H,0,2181,2875,2743,88,2089,1379,13,2,162,0,0,kol,67.94,27729,50,731,5,,0,,,0,09-02-2025
8aMAF58BcPiL5GAn5d3L7d6WNnbJCGz6Q8iwH8yStYzM,0,3802,3802,4082,,3472,2549,,2,,,,,,27137,50,662,7,,0,,,3,09-02-2025
54CQ4twU1TPaHnKNQCr7nhYZpQw6y5ibvLTyuNzti9bW,0,3220,3441,3441,,3445,2476,,1,,,,,,27492,50,622,6,,0,,,3,09-02-2025
E3JS1qWVAV2xRPogwor9FydR1ozW19LA6Bp36rNaSbes,-93,-247,-1760,-29228,0,22,21,-41,1,2,0,0,,77.19,2508,15,95,0,148098,11,609,-24,0,09-02-2025
8tykQV5Zw2w81HWeRgzAawMcHN3PdozEogXfiJJQUoNY,-1358,-1048,-1103,-34142,,17,6,,5,,,,,,13422,35,49,-32,129305,7,67,-55,0,09-02-2025
GX2erWimJdw1BEfjPHprEWLXrJy5AEkYLr8ZdGhYm5tG,4567,2224,2224,6791,50,107,97,41,7,28,0,0,axiom,02,16055,49,581,10,,0,,,82,09-02-2025
Ey491ZfA7dkjv2t2H9rbSnW6g1Bvd1NsCZsh8ETUf7aG,0,0,683,-21958,,1,0,,1,,,,,,0,23,0,0,,0,,,0,09-02-2025
Hot2JiR82hBQpzcfuQHtTFw28Z3FbDRugRFzm2gMzGzt,-19447,0,0,1507410,0,0,0,0,7,0,0,0,bluechip_owner,0,0,34,0,0,152232,1,1151,-15,20,09-02-2025
9EdLX367qWqpvE1skek4VVT6rwpezoXb6GeXQm4UVdV2,0,0,-10831,-87113,,0,3,,33,,,,,,0,11,0,0,137870,2,1439,-45,0,09-02-2025
9fqz1sgDWKS44zQfESd8CQvNnT6sXZzq8EsA4ynP8qZ,0,-1397,-1397,-1397,42,168,154,-14,3,44,0,0,axiom,06,22432,43,156,-11,128157,6,144,6,70,09-02-2025
Cd1iTEbesPrCGR9W7dqAFLZ7Jg43rc9zUXcSf2avxV8v,0,3065,3065,3328,,3520,2610,,2,,,,,,27771,50,666,5,,0,,,9,09-02-2025
9tWL9e1CmLAtvWq3m14r91CcjKk3ZR8pQFieFBvDvGh9,183,1118,1118,1301,24,71,111,25,6,26,0,0,fresh_wallet/axiom,9.56,15598,42,221,-6,147523,7,1665,34,31,09-02-2025
2ngLJ45wHqDXHcG32NXp6M5en5pQvA1pz7fPc21aVV7Y,-3224,0,45,172,,0,0,,1,,,,,,0,11,0,0,,0,,,0,09-02-2025
BnBNTV7DdqeY1SDZr3rvSUaBTDxcR8dzSLXNJGWWv7eN,-3163,4191,-6524,-48358,34,15,11,2096,1,1,0,0,gmgn,61.71,2884,13,568,0,207905,1,547,-39,0,09-02-2025
mW4PZB45isHmnjGkLpJvjKBzVS5NXzTJ8UDyug4gTsM,-14655,-22830,-22880,279392,40,700,519,-78,129,114,3,1,kol/axiom/photon,0.32,28910,35,945,-9,139705,12,1867,10,48,09-02-2025
BtaXAyF64QHGnV3WWyvprzuLwGQPXt3E5rb4m2dfAt53,0,0,-1,112237,,16,17,,1,,,,,,0,32,0,0,,0,,,25,09-02-2025
AuQciAZ4Xi3wGcZF7DC4Ff8s57efDpeo3n68eboLpGzG,0,2561,2561,2561,,3574,2602,,2,,,,,,28133,50,681,4,,0,,,3,09-02-2025
Fx9x3WXsMY8SGmwq2YP7c1Gh9w6Q1YtWzUMpn4TbBSAP,0,0,0,1504,,3,2,,1,,,,,,0,7,0,0,,0,,,40,09-02-2025
GHeQqAGFLgK1ccPcGFuRuhBqjX7TMrfGpHs9HHbqWXqe,0,2378,9494,9494,49,153,177,31,22,36,1,0,axiom,06,20092,43,178,24,115753,3,271,-2,50,09-02-2025
B4onCua9xcMcuqoTcXV1sodbvUX59YQFrdno3nr1KCsx,0,3191,3191,2906,,3511,2479,,2,,,,,,28785,50,805,5,,0,,,0,09-02-2025
72aZPPxbmA785VyZyXBTUM26qYtaRczRKzgUUwwZYUWv,-359,4918,4918,4558,35,301,225,41,14,44,1,2,fresh_wallet/trojan,4.59,21350,43,121,-16,134606,5,1414,229,11,09-02-2025
hJLcjeAUH6zdLVCrmF9wUz541wkhtTDkRFusckniD1t,328,216,216,544,40,54,67,7,43,14,0,0,axiom,03,19977,31,535,1,98081,3,662,-2,59,09-02-2025
oYuMe4tbDxC8jz54t9SNsDzHrWSX7HJggfhHQuT2X2M,452,627,627,1079,43,90,154,9,2,29,1,0,axiom,07,21601,46,221,7,126466,2,352,20,62,09-02-2025
kTKtcpyCwkf2oZ9xi78GiJA13VTDoJQnhdUeMLPPgq4,15,-7791,-19727,-19154,37,1656,1498,-27,3,107,1,0,axiom/bullx,0.2,35969,22,92,2,128759,16,379,3,35,09-02-2025
4bvdqAJgPrxm5YtE9iH8Ng48xNS6ytdh1rZXjrU8baeG,0,2681,3822,3822,89,2068,1392,16,2,153,0,0,kol,67.98,28920,50,836,6,,0,,,0,09-02-2025
E2rSTexiqGVYhHoSZZa4AT2iUhReZknqZ71Ko6JQFNPz,0,0,0,14997,,0,0,0,0,0,0,0,,0,0,1,0,0,,0,,,0,09-02-2025
CDx93xrjMCyxKXRyB94sbbYpYVZa5W7hdMCsw73xRARQ,692,1205,1293,1394,32,89,71,24,1,21,2,1,axiom,59.24,25015,42,70,-7,126277,7,290,93,17,09-02-2025
3Uh2im6CjE6VbgrMY6jGsDNTBdXRdtXbMY4uSeQWgeG6,1830,-296,-2793,66911,32,19,27,-18,21,6,0,0,axiom,0.3,29468,37,866,-7,100563,9,1037,37,55,09-02-2025
BwKteSJSGqYmZn7kFtEkmWLhe757guTFmpc4buD4zqRJ,4,2777,9689,10058,87,2020,1276,16,1,158,0,0,kol,68.52,28942,50,823,6,,0,,,0,09-02-2025
39H3DGBpHpffjTuwQDR9yv9AgbK4U4hesLdsVZ9yDDc9,0,166619,338173,338173,74,17698,35424,334,31,448,2,0,,0,6797,50,238,5,,0,,,100,09-02-2025
Eh8Koc18aYZ3BqmMgkZfSy2CLx4dGxNLpwTQocF6bQUb,0,0,0,133462,,0,0,,1,,,,,,11446,19,120,-12,106303,1,4349,-18,0,09-02-2025
9uuUQf1W8NxftbYMtBaEHw9PWSRmk1J6hiW4qaBuFHPv,0,0,419,-428971,,24,6,,1,,,,,,0,28,0,0,,0,,,20,09-02-2025
99bEySc68bxdJ17AkKNiX6waF6rThZm1RtdUj8pCxs29,-6645,0,0,-35902,,0,0,,1377,,,,,,2963,20,932,-1,208912,1,27780,-28,0,09-02-2025
AcyiGPWifwShVhjVzvWLJ2xZEKieqLYicCyt6KgLRCvH,10,3735,3735,18815,,3547,2646,,1,,,,,,28211,50,729,4,,0,,,0,09-02-2025
9bZdSCDLaMF36tkFGskT4WUhE8hBJkAj6V1KXi2r6yyf,0,967,967,967,43,8,14,139,10,2,1,0,axiom,06,8440,7,228,55,,0,,,58,09-02-2025
5fDUr98hXS4oaPsjfvCG8Eyep2hGuZakVg9tqH67hZqn,1,3548,3548,3549,,3544,2584,,2,,,,,,28258,50,644,4,,0,,,9,09-02-2025
5XznAM1R9uuHMELmHedDbig9jxLyJQREAjQUCBsFZyBN,12,2832,2832,2843,,3572,2619,,1,,,,,,28574,50,776,5,,0,,,5,09-02-2025
13H2M1C3w2pwr6oYf6ZKcPGNut6mQedRAFzCpMF2iGJK,28,13319,120637,275888,58,5826,4657,27,26,295,0,0,,0.23,0,37,0,0,166411,12,7316,0,37,09-02-2025
9fr1h7dmatpBrmyi4qsmoJMYcNMyeSZUGip15DKCtq77,0,1533,2050,2050,33,67,75,32,11,14,2,0,axiom,04,10216,50,367,10,,0,,,62,09-02-2025
KaZRPvkHS6Nf2yHp7Y7h7GZH7FM53Nf1j3AiLpamjFz,0,5058,5058,5058,,3497,2465,,2,,,,,,28588,50,682,3,,0,,,2,09-02-2025
B3WZ79N1aTJALVXyUWxtbXJk7iJny9Y69atwsMWZwemb,0,126,126,126,25,5,5,32,2,1,0,0,axiom,01,31513,3,136,49,88021,1,103,-13,100,09-02-2025
9T77PWWZixHQ84zhtU3DoG1cNxJVJ7NTjRttxUNWyBj3,4483,-19490,-56662,-228001,12,627,193,-182,1,14,0,0,,89.52,12983,39,122,-10,172320,6,1574,-13,5,09-02-2025
GFiJ2w5mS4StxpjKjLgM36xftXY9itDVnKnsm9Y5aBip,109,-2914,-4034,-6825,27,612,387,-45,1,17,1,1,axiom,3.99,33157,25,36,-7,147833,15,144,-2,14,09-02-2025
4dzwhUH7EVogCWQpASCYmbnrHr7bqqu31SikrhT842PY,0,2997,2997,3127,,3464,2554,,2,,,,,,28274,50,655,4,,0,,,5,09-02-2025
DsLvnT3YDPJTabNZFxCFovdZGCiWsAAhU1CxfPUoB6m4,10,3197,3197,3167,,3418,2442,,1,,,,,,28605,50,721,4,,0,,,3,09-02-2025
FaKyYkKMV7FVFDsHz6P9Q89LogNBF8NJgt1716E59FKt,2,2883,2883,2884,,3548,2553,,1,,,,,,28037,50,626,4,,0,,,5,09-02-2025
E8ynuAGUZEd3b6gYZTAvA8Pyky5Z81SZiUyCGw8scUXm,67,528,-87,-1970,,255,132,,1,,,,,,28855,39,38,-26,113171,8,124,15,3,09-02-2025
FT2PxvUseAtQ6DAcVA1eNGHeKfV2bpD61SWSV3xgVuJq,0,3024,3024,3024,,3429,2605,,1,,,,,,28491,50,734,5,,0,,,0,09-02-2025
EnwQencmficwkA2QSXAZ8pEnrU8poyrtGae5XLmQJBW1,-38,2525,2798,2759,,3555,2519,,1,,,,,,28111,50,726,4,,0,,,5,09-02-2025
AWKf748CbX7W9FVaW6VpNVN3JMMpWtjyK2ppfvBknrUx,4,3031,3031,3034,,3557,2431,,1,,,,,,28809,50,750,4,,0,,,0,09-02-2025
HT15NQzhaKVeiDwByMKMRedatMDhuNCN7Gic89JmgMSW,0,2695,2695,2527,,3451,2542,,2,,,,,,28861,50,712,5,,0,,,0,09-02-2025
4KkGb8hSCodepzwhP6f3zthbJyoed9CBfbpVjFY5DykR,-822,0,-4,-74516,,1,0,0,1,0,0,0,,132.97,631,34,501,0,,0,,,0,09-02-2025
6MsA8qxHRCrLtZNcZuAJfyHwr6sSL8NpAV3N94sedJhg,3216,0,0,3338,,0,0,,1,,,,,,0,8,0,0,,0,,,67,09-02-2025
CAi4Dxk66CnL2ND19yCTnHmQPusTWH9pjwb7oUYRQijo,0,0,0,-1533395,,0,0,,4,,,,,,0,42,0,0,,0,,,0,09-02-2025
4UzHCTTm2Y8ZyThggALWosboQPAFXAvRDxxNDD2bqH91,1053,-7346,-4742,-19551,42,381,324,-72,16,46,1,0,axiom/bullx,4.18,27976,38,281,6,164573,8,392,-10,30,09-02-2025
DhGR3WbLudZR6ua6XvDSkcS8x2SZEVD43hVuKkwNbxWe,0,3263,12645,12645,54,153,178,43,22,39,2,0,axiom,06,20310,43,179,29,113551,3,265,0,49,09-02-2025
7tgkntf7beFPSJKQ4W7QYA962ysGSggqd9Px2Vv4weoW,0,0,0,0,,0,0,,2,,,,,,0,50,0,0,,0,,,0,09-02-2025
CKKTvYJajtHhBS96gvFbyQeNPft77DBVup7iojzGBQcY,-248,-412,-1598,-19065,,12,10,,1,,,,,,8952,17,149,-2,176656,6,497,-45,5,09-02-2025
3o7qTFSc7PaFkB88iBPWfmENmKvmwCjpPCuMDqFZawrz,0,0,0,-6232,,0,0,,17,,,,,,411,32,4,0,,0,,,0,09-02-2025
5whcrY9ey4ANu2qVvhBCxgQLGkenf2kPSuyyPJKFP4p7,0,2157,3178,3264,82,2037,1318,1,1,142,0,0,,70.35,28573,50,732,4,,0,,,0,09-02-2025
FX7vKnMzDx76BqPwFowEYApufcypFYZc6AkGWnmaWihL,-111,0,0,26479,,0,0,,32,,,,,,0,4,0,0,,0,,,0,09-02-2025
Cciu3WnJuKkHkVaVF34hGNCsFG6cxyKxCo94ZSamPy4D,0,0,108,453900,,0,0,0,2,0,0,0,gmgn,0,1581,16,75,-5,,0,,,4,09-02-2025
DREUztiusELKx8ggtP2aq2Xg6H59kijYkTVpgWKLPeRo,45,0,0,-116,,0,0,,32,,,,,,31985,22,1,7,108620,14,1,-1,0,09-02-2025
AawHMteH7AFvipjyitZV8FRki7XsRLT3ysi9zmWKbCFZ,266,-364,-364,-98,38,373,139,1,9,21,0,1,,0.13,22992,47,741,-7,83492,2,1019,-38,32,09-02-2025
3pZ59YENxDAcjaKa3sahZJBcgER4rGYi4v6BpPurmsGj,0,-12968,64118,1490790,43,367,442,-44,76,123,4,0,kol/axiom/photon,0.16,13074,42,519,7,89011,4,1516,8,72,09-02-2025
54bcWdcXXzDq7BvZQcss9oqhg238KH6EupYAVoG8Gfma,385,-1354,-1354,-970,45,54,42,-45,12,14,0,0,axiom,0.84,28605,19,308,-7,157891,6,618,-9,24,09-02-2025
97KhotWxAsGfbv4Vgh6fTVTXxZTUwHmRjznh9S8zCJRK,0,2659,7198,14330,52,37,60,99,9,14,0,0,axiom,0.12,21754,45,686,28,135187,3,918,-34,41,09-02-2025
5KLpJDpKGF3cyqYLFucRN5V3v4WKNUy7XuS5nfoXYqEE,-47,0,823,-154403,,0,0,,1,,,,,,1353,19,6,-2,235242,1,19848,-84,0,09-02-2025
9jS4fbLq3ivyHaJNijR5F3RCk7hKaCz38qjTgxKAe1CQ,-1539,0,-18,9707,,5,2,,1,,,,,,3135,21,1289,0,,0,,,0,09-02-2025
98W9uQyt8hhFL3MoETuKGiLDqxtLSw7XpFi2VL4yUa8i,10,2829,2829,2731,,3506,2534,,1,,,,,,28866,50,769,4,,0,,,3,09-02-2025
DCMQez1marBSz2BFts4xvSF16WRdwKhGDA5xyLd8eiCH,0,0,0,-13224,,0,0,,1,,,,,,0,26,0,0,,0,,,0,09-02-2025
GLRUaexxyAXXvnHJek6nR9a1MrFCwJqHPhLnxL6WygjF,0,0,0,2754,,0,0,,1,,,,,,0,15,0,0,,0,,,0,09-02-2025
6nYT2Guz4h4J4HN4UgPuvK5HdjFLDvVoNUMFUv9oG84o,-2202,13137,21600,23769,33,217,252,87,89,45,9,0,axiom,17.49,24665,42,157,4,148440,7,384,-63,23,09-02-2025
HoGfATVVH3hM9vxVKMxGkZreqbPx4bra2H6Dm7mDzCA5,951,0,5841,44264,,0,0,0,1,0,0,0,,0,1060,22,3,-3,,0,,,0,09-02-2025
FukudCCa2hKbQxFAU3ZuwY3fAiNaLpkTWTBepGdY9hhz,-839,54508,41698,142431,49,4782,7570,1759,4,22,0,0,sandwich_bot/bluechip_owner,0,1795,19,12289,1,,0,,,0,09-02-2025
3qGmwRgam8H8Cupa2TPuEFDgxxVa8ybrF2PAk7YYaQEq,-873,17085,-272755,-334693,41,383,319,248,45,26,2,0,,0.94,32189,20,1176,8,141002,15,4099,1,20,09-02-2025
3dgw2d6qAsp19UAWrfptAnQUytP8AnSTNfucZk6S8urf,-92036,0,0,982643,,0,0,,1,,,,,,0,40,0,0,,0,,,0,09-02-2025
DMjSsHZAe6tfsM1eATt6CrkdpPTJeWd9HUEGzz4f32g4,3,3760,3760,4923,,3515,2500,,1,,,,,,28089,50,698,6,,0,,,0,09-02-2025
4qPTweQhe2rqsxRpsk8GKijaJ8FPdGEMrV16dutk51rN,0,0,0,2343,,0,0,,1,,,,,,8335,22,26,-2,181069,2,71,75,0,09-02-2025
49Byrx13be6vHFECp6FKskC5XjJsmQk1zHDGQzxdma15,0,-2706,-2313,406803,40,886,951,-7,27,156,0,0,axiom/photon/bullx,09,23685,33,274,-9,148681,7,791,-2,60,09-02-2025
2Aj3uAFUoXfpwViW8yNw9z2UbYXuu4yjv7gRF69ULHqz,0,0,11229,10274,,2,3,,2,,,,,,8006,17,36,-8,,0,,,0,09-02-2025
22zeyqNHzcjQdjRxkSAxtJm4wuX8hF9JBsj4TSqt9RPZ,-16359,11647,13590,97170,100,12,2,11647,2,1,0,0,,54.28,6769,8,1045,-7,129630,2,2576,-45,0,09-02-2025
EzbeF2bADKo6GutJyWmgodyGJFeBPhcrXSdZUXPX5WGc,-2663,859,-23082,1491336,33,248,196,8,37,36,1,0,photon,02,12108,50,475,-5,,0,,,77,09-02-2025
9VFBMwU5gaRkaVtnx47gFnAY9pHgRxsUtshuZCAGPkGp,-10632,0,0,83061,,0,0,0,163,0,0,0,,0,0,5,0,0,,0,,,0,09-02-2025
FLVs2oaHvebegSkK1JanFUiVoU31t9DyZBMCnccDuc2E,0,53875,175654,387843,29,880,1147,108,108,186,5,0,axiom,02,7970,48,1750,3,150987,2,1407,-6,94,09-02-2025
EVybKZ6kp8CccQSkcAdfsstG5aX8mbQQC6jrKTcuFhVp,-188,2645,-31878,256590,67,20,28,662,15,3,0,0,,1129.59,777,42,15946,0,,0,,,0,09-02-2025
8UzHR4mbmcnQZmrKewrzC8rFcxmZKv1P3veX2iuG9fSJ,0,673,673,673,100,1,2,4,0,1,0,0,,01,47131,1,1080,63,,0,,,100,09-02-2025
4LDaAMrvEadwXHUTbxcCmZSz4Ca2bsD3b42tyvZmWsjg,-20444,0,0,40837,,0,0,0,20,0,0,0,,0,2213,5,800,-35,,0,,,0,09-02-2025
EnFTPmx1F4GQ8ispFwJABEzwha63M5XbYaMcWGZHMQxs,-230,-219,-661,15010,43,16,22,-15,2,6,0,0,,439,26768,19,110,0,178230,10,123,-52,0,09-02-2025
HvM69Si84A5Jr6SQiyrJdYradKxPzmy1vD3uA1Trjnpn,-314,-645,8156,471215,39,738,819,-1,32,163,3,0,axiom/photon,1.32,16666,49,326,15,185759,1,598,-4,94,09-02-2025
42c1ksaxiPbf8RsLKBZ5Nu6ALsvapq6ALDroNLWa8j75,82541,0,0,111058,,0,0,0,1,0,0,0,,0,0,13,0,0,198223,1,800,-80,0,09-02-2025
959p31DwnCGq7j2YmgrVdGQktuMRfnh1WUqKgRPP7Kjr,-72837,-8913,-9633,246074,17,20,10,-2,1,2,0,0,,231.32,37579,6,824,-21,182783,6,1989,-83,0,09-02-2025
Em6vmrN3m5XPCy26XdpvYev7BUJDm6e6B78qJGciydDJ,0,0,0,101654,,0,0,0,1,0,0,0,trojan,0,19352,8,4555,-21,,0,,,3,09-02-2025
HERTMSffeyGbBDtor6ghMiRjYsrxv3YyUP5UXe5dXKSt,138743,0,0,148122,,0,0,,1,,,,,,0,15,0,0,,0,,,0,09-02-2025
824JGBRhHhU8esvGsiS2eT7Fwjs21GYt4V7Swquwsk7i,231,3072,3072,3302,53,173,126,48,16,33,1,0,fresh_wallet/axiom,0.89,22485,43,271,21,112023,3,736,-25,20,09-02-2025
2huXTbjeBhtMZ1ugNwUGucYBRasRaaiypymUX6P1Kwjx,-56027,0,87,9097414,,0,0,0,849,0,0,0,photon,0,32598,23,890,-10,132887,8,1557,-30,64,09-02-2025
F3DV69h4Xe72N59wmTjE77SuFpcApga8McaUUYYcFaN9,0,-218,40459,43246,,7,21,,1,,,,,,20718,30,68,317,156656,9,70,-27,8,09-02-2025
AtCAbhsQZYGFKJ8JqU2VvVMaVBks2yZ5iYRttmrgAhui,298,-1061,-83,214,,53,14,,1,,,,,,21962,6,542,20,133859,6,391,-42,0,09-02-2025
8K6M1zjykzGezcEAdSiUikx1m75dMy5rQjfWSSMRt4EP,-5424,0,0,2918,,0,0,0,1,0,0,0,,0,24077,7,749,-16,144896,8,163,-72,4,09-02-2025
gtagyESa99t49VmUqnnfsuowYnigSNKuYXdXWyXWNdd,0,162023,407699,1768707,84,763,754,799,1011,184,1,13,,1297.41,26708,10,244282,753,132340,4,115,27,0,09-02-2025
GYgwqmfvN5JE9FkQVNyteNUFgUiRS4hTEHJtDHixGFzU,0,1325,10052,9979,78,20,85,74,9,14,0,0,axiom/gmgn,274,6063,50,572,8,,0,,,90,09-02-2025
Fo6rFLQswyWEgayh4wPxMxznVFkU75vTUqv3YqVDytcw,77437,3405,20849,99804,,0,2,,1,,,,,,0,13,0,0,,0,,,0,09-02-2025
3TSysYKMEU5W2NdQDDPgMFV9ceGeaov1Lw5AJysvGUG7,0,0,0,206097,,0,0,,1,,,,,,0,5,0,0,,0,,,0,09-02-2025
A4DCAjDwkq5jYhNoZ5Xn2NbkTLimARkerVv81w2dhXgL,-17323,-6184,-243880,2782887,50,24,10,-562,126,6,0,0,,290.38,2392,34,110,-2,117674,6,2790,-35,0,09-02-2025
7KYay5biQjserkTBz6F2g8g3E8ATt12N9w3njmRFVV5j,239,1839,1839,2078,51,90,86,27,12,38,0,1,gmgn,0.38,9596,50,276,18,,0,,,39,09-02-2025
9mPCSEut5uJtMKgLRPmDzUjGx4cJWfFFLHtgSuEHi5Mm,0,5760,5532,51896,38,272,295,64,6,34,2,0,axiom/trojan/gmgn,0.23,43575,42,834,16,95005,7,1294,46,15,09-02-2025
HCXDBU8L5rdbzCy2MCggQtUKTHv6ZQosYpBziXbRTXc4,-58,-31,896,38644,67,11,8,-7,4,3,0,0,axiom/bullx,16.11,16323,34,145,7,128912,6,99,-4,77,09-02-2025
5AhcXk4iYXYogeNtKXYTSmB8rZNpsbPQAmPPNAdk915i,-9178,0,0,17456,,0,0,,1,,,,,,0,38,0,0,116055,1,8,-94,0,09-02-2025
3SXBRbSGpf1P9pypmkJMt884YJ57pt1494rc9tyh2UYG,0,0,0,106772,,0,0,0,1,0,0,0,,0,0,19,0,0,86325,1,43449,-36,0,09-02-2025
BnJ5yS6ERiT2F2ws9tfqRa6s6a8eRmxhu3LMSc6Q3ZA9,0,1440,5958,5958,27,231,329,10,4,41,1,0,axiom,0.6,14491,47,144,6,125702,3,466,-25,50,09-02-2025
65paNEG8m7mCVoASVF2KbRdU21aKXdASSB9G3NjCSQuE,-1856,-21552,-22216,270005,34,396,198,-169,12,43,2,0,axiom/photon,0.11,22794,39,890,0,129637,6,3682,-28,45,09-02-2025
6qc7zcKtYFN5di5Qtt9f4qcq4CSWAioswZFdmrHxKVRC,82,902,902,226636,47,157,169,12,2,38,0,0,axiom/photon,04,16927,50,695,3,,0,,,37,09-02-2025
79ZGb2WHehV1TcuyaVnJigT5dK5acYWW6DpzhxEBGejQ,0,0,-29772,-55285,,0,0,0,1,0,0,0,,0,1219,22,17315,1,,0,,,0,09-02-2025
8uLhJVJ4fxg54GG3HV8Lif7Hr8hfj63kpkfSY35rdbUf,-551,350,3535,121725,67,0,6,117,59,2,0,0,axiom,399.71,27169,25,351,-13,118354,13,761,-32,37,09-02-2025
6Nw3UBkpHQXUdam8RftAUepmzifdwKMwL68e9p2QjqDi,970,2923,4508,5477,,0,3,,1,,,,bluechip_owner,,0,5,0,0,,0,,,0,09-02-2025
956uNHf2bDnDVnVFjrupLj8tCH9eRCNMApHNenUy5EWy,0,20,3246,4650,58,48,51,1,1,24,0,0,axiom,4.44,14749,44,270,13,208215,2,306,24,14,09-02-2025
2QW9E7iJpECnGWBi2NsYMRdJf3jEsGdtxYXrGcQnGmrV,3035,3281,5109,109339,34,112,147,41,23,28,1,1,,81.5,27107,38,794,-1,146084,6,1327,3,8,09-02-2025
DCPZdBgr7zHGpZznFek6725tmX1EaGCQuATZeMXjTLMY,381,-1313,7364,28883,20,15,6,-187,59,3,0,0,photon,70.16,10635,10,52,-12,181794,5,145,16,0,09-02-2025
DzAoe8DfbnGJvEEC33yDDVm7pmCYTtHboSmfJUP35fj1,-61656,-2093,-2426,24905,,1,3,,1,,,,,,0,45,0,0,,0,,,0,09-02-2025
4BsdzcWCGFRkJsZK7S7EVTZBKigJHyo5dWvvNYuWG6Vb,13,2802,2852,2865,49,1037,1213,7,7,215,2,0,axiom,07,23502,42,104,7,142073,5,118,39,56,09-02-2025
BjbiPRJoPeDRVoBVmy4h3GKhqHtuE41wHHPcu1JAz1vi,0,0,0,230960,,0,0,,0,,,,,,0,3,0,0,,0,,,0,09-02-2025
7w7EiU6EhhX8C1rSUSadcjM6oKi2s7sycb19nf2tSbfG,0,-162,-180,-180,64,47,49,-4,2,23,0,0,axiom,06,38989,24,101,-5,134250,19,149,-1,53,09-02-2025
HvWwjMykYRWQr9q9RUp4z4VgFiygKRkcpBt4yXcN1F2W,-62,8051,17965,19157,52,1642,656,25,13,180,0,0,,0.63,16966,50,770,7,,0,,,47,09-02-2025
M6vNLX9SFphEqbpaG3EF6iF8qxLPB5VxZG8WDaV9RkQ,0,0,0,473287,,0,0,0,1,0,0,0,photon,0,21815,21,538,-3,132863,10,3494,-20,35,09-02-2025
8eGqytw6HWhykdBoA9gNWZv7t7vYr6X8KeoDABU1731y,0,-2859,-2364,6053,32,147,231,-64,19,13,2,0,axiom,07,26425,46,412,-8,144772,3,577,-9,86,09-02-2025
6vr9yNBBc63ZAbvUcsxg8WJTXr9W8riX7MFpHbCQ6Pwx,0,-1492,-723,11448,24,288,301,-7,5,52,1,0,axiom,1.26,14881,49,303,0,146822,1,405,-3,48,09-02-2025
FawSSMeXJZQa5Hn1eLULVaYCdzesZKeur4rBQb2xAZsB,-4364,0,-3721,-13365,,0,0,0,1,0,0,0,trojan,0,15589,15,223,44,149114,6,1262,-45,0,09-02-2025
GPehXh1gLpTeA4QhEu4ge8i1CkyaoN68LETx1ufHPVgG,0,0,0,374009,,0,0,,0,,,,,,1721,8,393,-4,248603,1,1460,-90,0,09-02-2025
B31cESFYXGq1vLGb2DiyZWVfn73geY1GGZ2RgJZQzHnY,-38510,0,0,-60470,,0,0,,3,0,0,0,axiom,0,2893,15,90,4,,0,,,4,09-02-2025
3pPBHVz4SocV9dsm7kDqxD9tmArXQEdUmD5KYNY4nDmz,-2690,2233,22144,268537,43,29,48,319,59,4,0,0,photon,8.74,1701,24,1,-2,159332,3,420,12,10,09-02-2025
MsMBJ7KtrK2uxjpEJiNExRuxvLCJWVhjyH8oMC4k3aC,0,3420,7854,33172,61,427,427,31,4,69,0,0,axiom,0.84,9956,14,84,-1,135985,28,1336,-3,87,09-02-2025
JNFaYNQsRPbh7H9RBzxVNqbW1nMBiQ8B3THyt6ND4XZ,-8623,-1238,-1238,171883,34,37,11,-103,1,8,0,0,,34.98,32414,8,211,86,157233,21,1085,-15,0,09-02-2025
6ziPsLX4L4ecGSyra3wcK7pBpL8BkNB5kP77D1eRyMEr,0,1134,1134,1134,,1,2,,0,,,,,,46494,1,917,124,,0,,,100,09-02-2025
3JQxUZnjtZbe1c4o8XUEFS4fFnZS88Tad9WaPXjkANoR,0,0,-12988,189055,,0,0,0,0,0,0,0,photon,0,20791,16,426,1,127210,5,998,-8,35,09-02-2025
2Xta3uTVSfmXLizrBVxgb8MoqE2xmf8KBoFZALMWm5Bq,-10078,0,0,8160,,0,0,,1,,,,,,0,33,0,0,,0,,,0,09-02-2025
7UzEUR4f3Vq2FnF23J8ygqMhtxoAb6QRQuvEGWmzdxx8,327,-317,-317,10,25,8,4,-79,7,1,0,0,fresh_wallet/axiom,197,38543,4,724,-12,,0,,,0,09-02-2025
8LZNvxETehdk7gBxoxauA7RSr5CX57jC4Ami3Y3Gsy5z,0,0,0,239947,,0,0,,1,,,,,,0,6,0,0,,0,,,0,09-02-2025
8pqyPXgpEM5RipCR1P2QKNmcnetcX5w36vLqnnmLbxc4,-180,-1438,-1438,-1619,34,17,11,-159,1,3,0,0,axiom,1.33,43445,5,458,-12,142876,4,824,-35,0,09-02-2025
CdwBLoLD4ZdvVGqLYyKG1GkbAVapSkJmjxfhgJcNJKyy,-1333,1127,-3625,29535,38,155,160,13,4,36,2,0,axiom,5.22,21058,40,197,-3,130889,6,334,60,63,09-02-2025
ByN1aujZ6wNm2bdSgK8ZYHCMkpyVF8BT8fhW63jcEDMK,-9514,0,-31037,-59671,,0,0,0,1,0,0,0,,0,8201,10,110533,-16,131951,4,2205,-37,0,09-02-2025
5v4iZimZoHAnqYd1H1UrFcYo4dZkbp8wuC3suW7AzLfx,0,0,0,0,,0,0,,0,,,,trojan,,0,1,0,0,,0,,,0,09-02-2025
9GKnJLA3xwaiCGUpUFy14xsrvexiqLEpwhGFejQBoTiM,0,880,880,880,53,32,36,52,5,8,1,0,fresh_wallet/photon,45,20310,17,435,22,,0,,,12,09-02-2025
36y6ndxoiYAJr9XCpcbuJ4VnxDdHwdJUiPSGxqN92Bxg,-7491,35,410,425505,100,3,2,12,101,3,0,0,trojan,16.9,18719,33,268,55,139256,6,686,-10,19,09-02-2025
9rYDSfpA5pLWZakvBSKW5xJAktwDvAQ6m5VDeY4reF4M,5184,-1714,45656,168523,20,38,37,-95,93,5,1,0,photon,69.34,20003,15,375,2,126633,16,1547,-30,11,09-02-2025
FpFNA3Q2yJkAVXZEvpjKrrkphQLuUm45TLxST1urA76D,-3526,0,-9391,263346,,0,0,,2,0,0,0,,0,3318,14,7704,-5,,0,,,0,09-02-2025
8itq2TDnk4UL5UHffTWn8CiasJ61YSNKP6rJBhSzTKN2,0,1390,8606,8359,38,779,837,5,6,133,0,0,axiom,1.74,25206,41,230,-7,99780,8,374,20,82,09-02-2025
HHyqY8D9Up1KtXH8HK3h8aRcWk9xBRDqitGBARRSwnxG,-1873,0,10264,86078,,0,0,0,2,0,0,0,,0,6425,24,350,-10,168049,5,1591,-33,0,09-02-2025
Hgfx2941KKYr599P1PfgL1NFG5UJNubfnvrJrFteVdSR,115768,169,-319,21217,,2,1,,1,,,,,,31645,20,886,-12,152634,16,3440,-39,0,09-02-2025
6tjwPjcsfMwXoUFSXcKmoJPPEVnFQDntM2uaCG2LzQ8w,0,2390,5533,121316,51,873,893,5,3,257,0,0,axiom,0.16,36161,35,261,3,165477,11,598,2,94,09-02-2025
4DrXG1je91zJTMsFVDm67Jhu1rcKggmAanouVRKzSVM4,0,0,0,186000,,0,0,,1,,,,,,17994,23,624,1126,128701,8,2756,-28,17,09-02-2025
LebronkTYWjc5J1gtqntdMcbhBXgwRgYcCxMA8JMA17,0,18161,66582,81376,34,1624,2324,37,26,179,4,0,axiom,02,21132,47,906,3,80832,2,918,11,92,09-02-2025
BqTRYwqwH7JEsVzBhy7Ux6444WQQxY6QTzZd2q75jMjF,85824,10216,13043,224489,100,0,5,10216,542,1,0,0,bluechip_owner,20159,0,27,0,0,,0,,,0,09-02-2025
55NQkFDwwW8noThkL9Rd5ngbgUU36fYZeos1k5ZwjGdn,611216,84590,395397,1530781,55,2202,2181,211,117,287,5,6,,405.69,1580,27,14,1,208234,1,664,6,0,09-02-2025
C7NRKhp9vQ2Mna3QEGqsEnUJtq7NLGwKW4LcUEL4WZVo,285060,0,1101,76941,,0,0,,2,0,0,0,,0,0,5,0,0,110154,1,1451,25,0,09-02-2025
8JPLBtvNPZeFxX1CYAauH5iNaewnKVw9Aw4Qc6vR2gCD,0,0,0,0,,0,0,0,12,0,0,0,,0,0,50,0,0,,0,,,0,09-02-2025
Fb6MQiQkWgWgJsUFqjLcP1oHFP8LpcK1uK1kKwWfKtBX,0,0,0,1377030,,0,0,,1,0,0,0,,0,30216,25,24150,-45,163461,6,154243,-99,0,09-02-2025
Hb8NerZsXzQNAKQcrpYvHX9zUfNW5kKv4hXj8uHcfSpu,0,176,176,176,50,184,185,2,16,73,0,0,fresh_wallet/axiom,0.7,28191,32,121,-3,107366,17,155,4,82,09-02-2025
8mJUJmFpxsEdZ8tqcrSNcxr8uBoWBJiSbMKHrwWfrG1J,0,925,925,925,62,43,46,45,5,12,1,0,fresh_wallet/photon,5.1,22212,21,495,21,,0,,,10,09-02-2025
8TSJGBfdYRCqXT2szaYDvxB8P3FwPkDmKXAQ49HVYp3B,-44,0,0,95035,,0,0,0,1,0,0,0,trojan,0,26993,40,370,5,144453,7,690,-37,0,09-02-2025
3ewPBxCrtSkXeuiH9xaQ4qdyGkzcj3bzpQ1Vm7cw42EW,0,0,0,440757,,0,0,0,1,0,0,0,,0,4211,19,469,0,,0,,,7,09-02-2025
4w85ZifR9SNKjucE46tti6om5PtX98iR66GZce56nu72,-4126,0,-16316,-2661129,,0,0,0,1,0,0,0,gmgn,0,0,11,0,0,,0,,,0,09-02-2025
AX96969GWUPkvfma5emkcS3ZZrmASjQ6hL9yJTuLHSo6,0,4788,6032,6032,62,35,49,155,51,15,4,0,axiom,1.53,11060,38,261,66,94107,1,747,-25,32,09-02-2025
4MEBu262kf7Vu4wQC1DXSjwc1j4jVDCfBqq5kfTMKThe,0,1759,2655,6853,48,62,67,47,6,18,0,0,axiom/trojan,0.1,19440,50,252,21,,0,,,21,09-02-2025
3bDrfSDV774ZipjgCVkiAaoYm2yojGTBh2NDC8KKYR4r,0,5785,6757,6757,74,33,48,193,53,17,5,0,axiom,1.55,11219,37,262,71,85856,1,691,-12,33,09-02-2025
B59X4NxEBNNqgNMYjKXfBEwtJGpMXzjSsumX6yCmewr6,0,0,0,715605,,0,0,,2,,,,,,0,25,0,0,216258,1,1000,-89,0,09-02-2025
2q8vLTZmfv43u2FtyRW1YtATegV4qkhnfgyL1EifsR6j,0,0,0,105052,,0,0,0,0,0,0,0,,0,4704,5,311,-16,78920,1,2904,-15,0,09-02-2025
CweihpVSti1gN8A4V86B1F2DcZjkgdwChaQnVuYKN7UF,0,0,-5115,-671,,0,0,,2,0,0,0,photon,0,18622,31,533,-4,141024,5,1532,27,20,09-02-2025
28QgtoBkk3PaLBDwdEZ6x6Q9E7EC9TDnTNryztA1syYy,-490,0,-1143,-103929,,0,0,,1,,,,gmgn,,21860,6,5633,0,219552,1,675,-85,0,09-02-2025
2fNPNJKE3ny6b5Vo1wdfa7J7KqYNjeyBM3PbGGSJ398r,0,4732,17322,48098,79,403,403,42,2,90,0,0,,0,68412,7,623,-4,112222,33,753,3,100,09-02-2025
8HTewsLPhZ5yN3zHpWYKRmeDn8tSHi7h2Yrb1EVG5dbM,0,-268,345,353,34,6,6,-44,30,2,0,0,axiom,9.54,13822,10,351,-11,116068,1,1024,29,23,09-02-2025
4AjATHZxTT3SWPxKE8N9NUc3XezSzRf8EpAgB9NPLQHd,-129,2028,1208,1079,43,133,121,1,12,32,2,0,,27.41,26918,44,594,1,100721,4,954,-16,0,09-02-2025
EQJ7vWKYg8GQPokK3dHmxdm5CiCmjD4VLKqaR8kQx3Yn,0,219,219,219,54,24,20,15,3,9,0,0,axiom,03,20533,13,196,7,144697,2,151,21,54,09-02-2025
84vGsG7BHQWKXvYxtHCKBeCG18dwm7DsCZoco4Ez4oDi,0,5079,13896,94696,61,622,1095,19,19,178,0,0,axiom,03,37016,34,758,4,128527,15,1054,11,74,09-02-2025
DNi79FNyj7RfjgoVgUNW7bg3GZL1c61U47QfGHw4Bd2n,0,0,0,8347669,,0,0,0,0,0,0,0,,0,389,38,88,1,,0,,,67,09-02-2025
ERL8ctxG3AYYTC3V3inUeMryK1FvHcT41TDzLAxAKNws,0,1051,-1110,-1110,35,71,80,20,13,19,0,0,trojan,2.81,18876,48,410,5,,0,,,16,09-02-2025
9tZkrqtqc4ndH7qtBDx5qwSh9pm5wwJPzVsZFdzVVPJL,157,-238,-238,-82,0,16,12,0,4,0,0,0,,67.32,34287,2,365,47,167335,4,672,-42,0,09-02-2025
8D5uBR5iTMXx6a4YKEVuBuYjYib9t8WAUnLdZnMfcLhW,100,5186,19524,53572,64,127,194,56,26,58,1,0,axiom/trojan,0.79,15016,50,316,25,,0,,,15,09-02-2025
5d8tDay1ZDV4XVUBtTvFvQiLxDe8dz2ZCdsrkmTDcbm5,0,21808,271474,975342,62,1489,1550,64,1,304,2,4,,0,763,43,2,1,,0,,,0,09-02-2025
Cf6y5SNsyDxXsFQxT6FvapNTofG1UUUc8cSNA8hmTHwF,-7364,-2744,5891,207985,29,137,144,-63,5,23,0,0,,77.9,13453,22,289,-10,141913,11,12537,-2,4,09-02-2025
4v7nGvhrYgHxwkeVAUijm3HPaFLBA133Z3SBrxsFWjzD,-30367,-7341,-8473,-166661,0,2,1,-3670,1,1,0,0,,24552,6070,17,314,4,171072,5,4406,-42,0,09-02-2025
GnomDLR9ykAPjJbA9yBLZtntu2mKSgXJAdBRsKEpxKmA,0,1472,1472,1472,100,64,40,1,4,1,0,0,,04,13404,38,294,10,,0,,,14,09-02-2025
9EyPAMyQvXaUWFxd2uQHvG8vpkKs33YdXvDvwmRXrUiH,0,3377,-20351,147780,33,81,115,59,136,18,1,0,axiom/photon,04,24132,44,521,-6,90556,3,1066,26,72,09-02-2025
8158bouaYUGNK7X9xP2t2cXn2dk1PPeEuJkxZFrHBJ36,-2495,-936,46453,251354,0,7,5,-156,5,2,0,0,,708.71,17170,19,1288,-25,145293,14,1637,-41,0,09-02-2025
DRKaqmyjbtrooL5oMjHZPmLM7DzZ5Ww2ka13wXLba67n,0,0,0,71460,,0,0,0,0,0,0,0,,0,0,8,0,0,119099,5,275,-14,0,09-02-2025
9RSegsxa66u593YdEQp575S17H2BV2KZTUoABwh48rsw,-8842,1457,-42349,617310,20,9,6,292,211,2,0,0,,21,9806,19,202,-1,143735,11,1084,-26,0,09-02-2025
Hq1yXuH8KF6eBzpUvWiqWDfphzSYhPBLBgENCSLTTweU,0,0,0,532632,,0,0,0,0,0,0,0,photon,0,30129,4,626,-38,150832,11,2062,11,26,09-02-2025
2RwLzdS6yoY7PRJhhjNp6nDnegYdMmB1LZm5uaPQKLBU,0,-427,-2520,-2520,41,854,935,0,3,206,1,0,axiom,03,28576,43,61,-8,111922,5,66,32,70,09-02-2025
6b1wen1z66pRU8EspPX46apjvhXZUHUkRUXNqfdYiPXh,0,185,185,185,,1,2,,0,,,,,,51819,1,1176,16,,0,,,0,09-02-2025
CDGvYaovBgtDw4DwLM4VxG2A9qvBMDTC9sEPQNiBtcxa,0,-5722,-5722,-5722,,29,8,,1,,,,,,0,19,0,0,,0,,,0,09-02-2025
A7i8yFna33ktGaMgC72nx7AC6p2dyYFPdRrzt8WgYJmW,0,0,0,101369,,0,0,0,1,0,0,0,sandwich_bot,0,819,28,8368,1,,0,,,0,09-02-2025
Fq754JZyxAKuwLLW4FFE49xNpQYzGv6CRYHZamPSx3WC,19,97,97,116,,49,27,,1,,,,,,36214,7,17,5,129102,10,24,-6,5,09-02-2025
3k6vAyDxA5qfzA9GPyrnXM7Ujhdz4KRp8MVaE9MxNSgH,0,0,0,29136,,0,0,,1,,,,,,1058,28,89,-2,,0,,,0,09-02-2025
CqvAsw1efsqUhhCshDHjpLFKBhqWQdkz9zrLmX7SKjqM,-96726,0,0,340880,,0,0,0,1,0,0,0,photon,0,15099,27,181,-19,129685,8,148,16,24,09-02-2025
BF5pWLMNM8wGgF3WFvPLqaCx4w1Q1aT9fPMa21Gvmqxe,70,197,-1419,-1350,32,497,273,2,2,43,2,0,axiom,10.23,21508,42,236,-9,155477,3,255,-11,42,09-02-2025
BvyCJBY3WF2Q8PzKTBzgPrVZ1PcuXQCogFPXtiP1cNEN,0,-1953,-1953,-2137,,50,35,,0,,,,,,26658,9,45,-12,171406,7,71,2796,0,09-02-2025
6bbvSEMG15wPp6hCbAFtrGpEmTCGXeXzFKRgVTGteeuH,0,-20301,-28862,53185,0,0,2,-164,1,0,0,0,,0,23420,13,325,4,182879,5,1117,-17,0,09-02-2025
3jgub3P9KP3XA9Dwh7XpKu35BiQNTZZXbPmfBAJMsroL,0,0,0,525783,,0,0,0,1,0,0,0,axiom/photon,0,19086,47,365,-17,132179,2,708,-32,25,09-02-2025
GabJEgh556P1jenKkubG1vH99aTA9yY2UPJmPeeRoaws,-9894,0,0,100633,,0,0,0,1,0,0,0,trojan,0,30718,5,246,-43,129911,2,428,-89,0,09-02-2025
GvD5HiZuNcZvny8zhUXStLwEiWmA2spbikj22wEN5LYR,-55811,4109,19166,141184,38,357,444,14,20,116,5,3,axiom/bullx,16.69,22480,48,203,-4,98380,1,103,64,68,09-02-2025
3K3gZD841epX2xqXtghjyqC4196f36dFgopUTWrqWish,-803,1349,9578,70472,60,28,14,169,6,6,0,0,photon,84.44,24696,47,1209,-13,80452,3,3316,15,16,09-02-2025
ChzpxaVMgmszD4eRkWeCsrJqaGnuvPixSMhouLRhxJVu,195393,2866,25319,275555,100,2,3,2866,1,1,0,0,,7232.14,0,40,0,0,109917,1,4016,-51,0,09-02-2025
49i74tv78m1m4xBYcohMHjt7XvkhrfFkMUebGLA13PcF,273314,16665,15484,286702,,0,2,,12,,,,,,0,16,0,0,,0,,,0,09-02-2025
AtvG36u3V5fDm5JLeYuj6tyS7b4QkjxnxUWL6nCMbXhz,0,0,-6892,-9168,,0,0,,0,,,,,,30798,15,387,8,155270,13,746,-6,13,09-02-2025
CeVZp98XsQTqWMRbnrbxdSxKiR2WGpNRYLXzLKszHZWY,-125948,501,-21622,3418789,100,4,5,3,94,1,0,0,photon,0.25,26032,7,388,-21,152876,11,727,134,14,09-02-2025
AdizVLZkWjoCERPGo6DjiVptVF1ZAtNHjrvudsLutUPY,214,3426,3426,3639,46,123,152,39,6,41,3,0,fresh_wallet/axiom,07,19523,47,417,16,133863,3,541,11,45,09-02-2025
2vHDMisBaK9tXhhdnrnf1GArPoQE1bDopsrU5mPrKq8n,-12186,0,-1262,210069,,1,0,,1,0,0,0,,0,2348,8,11492,0,126568,1,1799,5,0,09-02-2025
2mfBwjhprA1YYrX2nEixUAKs9sGeNree4V1Gi4o8EWu8,-29870,415,25662,231152,59,18,15,30,31,9,0,0,,13.57,24233,45,976,65,123842,3,1400,57,14,09-02-2025
7PypumCQ4wco2bV4UAjCwbrdCdnWwyAacjxRhX3yuz8R,-77025,0,83312,19191303,,0,0,0,309,0,0,0,,0,5844,25,11547,-8,111725,6,185,-46,0,09-02-2025
9pBknSa2jNTWsk3k2uwuoqa1aJtmy1AR76G277HZ8jMg,249448,0,78298,217930,,0,0,,1,0,0,0,,0,625,36,582,5,,0,,,0,09-02-2025
G8cg2Qkz6fC5reFqERn18f4Cha5LvxGVN73GSbqs6SGE,-36761,1464,27778,28526,40,516,442,6,30,131,4,1,axiom,80.55,2572,44,19,-2,119263,1,202,5,50,09-02-2025
BRNYqg72cqTioVhdeeL1kpCnyJGWqufnmyDiKHfrMJ59,281,5457,8930,62581,41,258,316,38,12,57,4,0,axiom/trojan,1.21,20961,47,172,46,148897,2,89,-48,25,09-02-2025
BG3rSavn8c5riLVSrZMDnNdHkxRiFWRDjfvrPpCWseHG,12456,4378,25204,169033,100,1,6,785,2,0,1,0,,7035.89,13021,19,244,-8,125097,6,2435,-4,0,09-02-2025
BrcNt6jgcosMZ54C2tRbVph4qqNtJpczePgGfaNHSjkr,91200,0,0,795659,,0,0,0,1,0,0,0,photon,0,19612,45,449,14,108609,1,1489,-96,25,09-02-2025
RAybPEFVu7H7CGajnRTgQQVkNN4Vzy4EWYQhpTcpqnm,28956,0,0,85908,,0,0,,5,,,,,,0,33,0,0,,0,,,0,09-02-2025
jck3Epxuc7KUqWNhniPwhLeLJGdPDUqChj79j8VnX2y,214,173,173,386,26,130,65,5,2,10,0,0,photon,4.12,13419,34,59,-3,89654,1,88,-78,0,09-02-2025
6ocX9nqdTLjm99HXXFVfucshcvWVo7h8BFQDwk9R12xu,-1070044,0,21675,437378,,0,0,0,3265,0,0,0,photon,0,23442,14,1219,-15,147684,14,2121,63,27,09-02-2025
5jKA1Y9FDU53Gw7L1foA7MLrRodkvP6wFmYuQJ7YAGAs,0,1156,1156,1156,,1,1,,0,,,,,,44607,1,424,274,,0,,,100,09-02-2025
88u5sEszfXEZ9twEarSRva4xTUrZkFZiQb1PQ9AF39Vo,-3126,-9680,-8866,33891,,0,2,,1,,,,,,0,41,0,0,,0,,,0,09-02-2025
BqbHaK5Ee1PCFyrWfC9qPBDQhfCdsN6R6fjxtLo3owhV,0,27234,27234,27234,41,249,461,149,211,69,4,3,axiom,04,14286,47,417,17,107557,3,666,390,78,09-02-2025
Dq2ceKUXApmGBihW1tc9vBv4pjceVXhfEo52Q2n6AxJ2,0,0,0,109096,,0,0,0,0,0,0,0,,0,0,10,0,0,,0,,,0,09-02-2025
A7A6C4F4neqPyBzCJzALgLUaJX4Z1CM8V6v3ZDVGAbfT,0,0,0,0,,0,0,,1,,,,gmgn,,0,50,0,0,,0,,,0,09-02-2025
FnEyDjYCx17ung23bTfJf9jGtrFqymKrqNuBvqxCUfoA,-277255,0,23787,768680,,0,0,0,1,0,0,0,,0,944,20,15248,1,,0,,,0,09-02-2025
9v76SPipokDmiWtJysJCiVJqFf6AShyXyYhZqyMt4htT,287249,0,190,447645,,0,0,0,1,0,0,0,,0,38646,29,74,-14,84677,7,86,-32,0,09-02-2025
65RyntrFnxqXEFpLoaYeZNQwfXwoYFPVz76mXQscc83Z,140,-427,-427,-971,23,82,67,-19,2,5,0,0,axiom/bullx,2.11,21192,41,132,-3,115477,6,131,-22,15,09-02-2025
DhRbsB6uPAFHaLuwd55EPLv7qH2uXLPYTpNsF9PfPJAx,-154,0,0,134033,,0,0,0,1,0,0,0,bullx,0,22732,10,350,-11,172077,10,899,-13,0,09-02-2025
FriLNq8xVUJgsw7bytkLtUFM1fhGR9fCg4H1HcL3hQkL,137800,16311,69380,-32641,100,28,32,8156,2,2,0,0,,4548.65,0,4,0,0,,0,,,0,09-02-2025
HjE25Tdf8v1Sp197C7dVBJTQjTWVPB8S9ukr1bsRm3i5,105617,67960,62561,394584,50,1,36,33980,1,2,0,0,,40204,33880,14,497,-25,149311,19,1334,-23,0,09-02-2025
GdGgbj2PuFTEPyUfq9Rkcohr3RpdpUpJiwbcA4hRsXdt,0,0,0,40763,,0,0,0,1,0,0,0,,0,20117,8,224,-60,144097,3,2467,-90,0,09-02-2025
8FuwPt6DKKRTX1oyVguHbTguMfUULHpTZCPa5gAKjs89,55049,4814,4508,47837,,10,7,,2,,,,,,0,6,0,0,94413,3,1612,-41,0,09-02-2025
HvkDxmTLszpMYQ3b6qoQbgPt6AKK1gXLwSSf5q8xEmDk,-13,460,-890,-2987,22,630,209,1,1,8,0,0,,6.93,2516,40,49,1,146430,4,2642,18,10,09-02-2025
8uFa6JkkD5zRqogr4sMrqULxCou8piiYHAQRZ4yvSJo7,-936,-3126,47033,68328,0,2,4,236,1,1,0,0,,0.9,8474,17,160,112,155824,7,1756,-1,6,09-02-2025
HR7VQJH2Q11y3kvyMzKLQP8R2grBsFsUqFxzsVdawouj,-2004,0,0,13466,,0,0,,1,,,,trojan,,12746,10,101,-14,152333,6,1999,-57,0,09-02-2025
4XFfzEM42K43cGALjVrEvLk1Z8VCuTyijEGEvvLZytC9,-4893,0,0,42299,,0,0,,1,,,,,,9125,14,926,0,167969,9,4083,-45,4,09-02-2025
5rE2uURh17SLoAtSK1qjiz2n9r8hfKkYFWqmcsSHaxMj,0,-4570,-38712,-2841,0,7,10,52,1,3,0,0,,83.87,720,33,542,1,,0,,,0,09-02-2025
GQSsU24D3mDNWpTVc4m4wCqr6agiN8AXiLEWnQ54gezh,-39927,-6146,-31999,-74067,36,201,122,-85,41,26,0,0,axiom,54.83,41951,17,506,-17,143578,11,1390,-7,14,09-02-2025
GqA3rp39xRry1LQJyjUQ3h2ipkyAxJnvEirJoGUP4YDb,0,0,-1950,124735,,0,0,0,1,0,0,0,,0,6498,8,102,-17,,0,,,0,09-02-2025
5KNCdMka8dB3ufx83R91CTndQRwEhYUDa32QqZffbsVN,0,2070,2070,4931,25,4,9,3,22,1,0,0,,0,13136,11,702,48,,0,,,84,09-02-2025
777VqMFYXfesGJjNrxMLbBtvfG8mUbcRmoz3UcXZyD6V,0,-716,-716,-716,27,1147,1192,-1,1,135,4,0,axiom,0,11564,47,53,9,154953,3,41,2,100,09-02-2025
FNmJxghr9t9XzpSLvbH5YEK3Shg64CPVCVnBty2PgRKi,4611,0,3405,145391,,0,0,0,1,0,0,0,,0,6398,5,717,-55,147218,9,2342,-89,0,09-02-2025
8QQQDCiE1GVNeUGxjxptEa3iHYKDTVLJN9eBzMyYZEJH,93791,-573,-573,171291,0,2,3,-1,2,0,0,0,,4363.17,15266,6,550,-33,130378,1,217,-68,0,09-02-2025
GKQgm9PkGd4UZCXTpHbndQLVUv1y7qcDjh9roQA7BSUn,0,-1535,52900,467379,50,8,8,-1535,2,1,0,0,,2.89,0,33,0,0,,0,,,0,09-02-2025
7G1LbjHj7LpdPpT8wqafSfEv1gfJzhdz3aWWA4JYSsS4,0,-1258,378,-13622,67,18,18,-139,7,6,0,0,,35.57,33108,36,871,0,110791,11,2270,10,3,09-02-2025
2nNZ3i4GWFU35UyCEW3QX3VFfgaBGLd2M1z3tpGGCHQF,4982,-565,-793,2235992,0,3,2,-188,14,0,0,0,axiom,0.28,7251,44,294,21,154009,5,780,45,67,09-02-2025
qVHTD3Fy992hSCqBn5pYycgRijxG29R64GZQseZKcuY,0,0,0,207154,,0,0,,1,,,,photon,,5629,11,8,-1,155803,1,15,0,0,09-02-2025
4RrzL34AuT3gBjJ3SfNrnAXdno7UcSn4TVFtzrNqTvnJ,-2946,0,0,-202636,,0,0,0,1,0,0,0,,0,0,13,0,0,235820,1,565,-52,0,09-02-2025
6hBbioQR83JXUJTwu1TERd7TpGzvYbuAi8sgYVBAV4Rk,19,-81,-289,33198,35,62,76,-4,5,6,1,0,bullx,8.26,14614,33,21,1,149985,6,52,1,0,09-02-2025
8o73qJjB7YFhqDS9QUPqTZMyy69Kq9apCop6v1T6vQiD,-7881,-590,21358,27858,20,352,270,-7,19,15,2,0,axiom,0.96,23633,38,292,-3,109736,10,1699,-25,23,09-02-2025
9j3Hthp73piBzkjNQ2AdFuULDnHELztVWYsE7jXmSe9g,-7,-3427,-5342,-51160,10,30,20,-285,1,3,0,0,axiom,9.38,24444,45,220,-36,163002,4,2621,-15,0,09-02-2025
GJYZh3AeoqVLQo6dr5V9wKVv7zp1sRGA5WUxAyMgBKUW,-39217,-7495,-2309,29950,15,17,12,-832,60,2,0,0,,917.1,17887,17,231,-13,147390,5,1624,-1,0,09-02-2025
2UTkYGkhgBB8aRM3vDVXZgCZurDv6oiv2TpRZt8GrTXo,0,186,33115,1172595,,2,1,,201,,,,photon,,16169,20,793,13,118864,6,1191,-3,46,09-02-2025
G4B7QVBQcFJJrTUofCcELvLMHL8NmqZ4mi627qbrW1U8,-1670,0,0,-80836,,0,0,0,1,0,0,0,,0,2321,4,95,-9,,0,,,0,09-02-2025
C3DnHRyndQw1EinnmrayLzuhP9KhXYKVDUpf55BumxG1,82649,68178,76443,78625,100,11,4,,2,0,0,0,gmgn,0,0,28,0,0,,0,,,0,09-02-2025
5skKDVJ77jhEa1YELXuARCdMLTupVSt83c6VxAYbYqpg,-46251,22584,22584,383423,100,3,3,11292,229,2,0,0,bullx,9.58,5551,19,284,4,156573,9,3977,-10,4,09-02-2025
2CXsgfyjPhNgopZMojWNgpo83m96gnX9ipBvVKSAvjtW,32289,963,963,57255,,0,4,,1,,,,,,0,4,0,0,,0,,,0,09-02-2025
EcDTgQsXVGd1QDzUW2nc9PffsDyGaUYsRNuJuswJFye1,0,12745,12745,12745,100,1,13,63,0,0,1,0,,0,13386,1,5355,238,,0,,,100,09-02-2025
5YPmyqB8CxEadDJHi5fvk19f6PxDmrYY5XfX5xUY1Ytq,19957,-8657,37829,403935,0,7,7,-4328,37,0,0,0,,512.16,0,34,0,0,180974,1,6592,-79,0,09-02-2025
GDeuyxVUidkuTh3qdAGc8qK9Do22MPtbKFpzNdayY4Cx,0,-623,-1835,-137165,0,3,2,-311,2,0,0,0,axiom,16.85,31270,17,266,2,176392,10,1171,-38,7,09-02-2025
JBY88UeLDRdUfKDBEWnj9fQRVpS3McGnNfDwBYhD54nt,0,0,0,13659,,0,0,,0,,,,trojan,,14597,2,2351,-5,,0,,,17,09-02-2025
FPFAsEyj1kVkhfWfi9pjJbFgJeAgPNbw89SVz54ZhZas,0,0,0,243453,,0,0,,1,,,,,,0,32,0,0,214898,1,311,-3,0,09-02-2025
6vsvURmz6vjsk1Ven7K7sSp3M9HdkWHWVA9v6GfndoX1,-32550,0,-37533,-449885,,0,0,0,1,0,0,0,,0,5736,20,1729,-4,,0,,,4,09-02-2025
8CpuVAvuS5picorfQEt9d521WMuPuCgD6tTEjCrDZqT,155,35,9126,63976,60,26,26,87,1,4,0,0,,2281,8614,8,906,-28,166852,3,380,-59,0,09-02-2025
ALPcu7VFbX3QVcCWwXKkBKYxUuQw2fWw5XxJUNhfCQHS,29294,38092,38092,67386,,58,47,,1,,,,,,0,1,0,0,,0,,,0,09-02-2025
BRqYjsd9XcyL3mn5LzvDkptjtLSBR2HP7G2cH4Qirsmm,9,-229,984,992,49,87,145,-3,15,31,1,0,axiom,0.98,28086,41,494,2,121856,5,487,-13,19,09-02-2025
EpYLkX4Ke28rbpFavxG53pszG9zzBg5TkyKxLetot5nA,38034,0,0,38034,,28,11,,1,,,,,,0,17,0,0,,0,,,0,09-02-2025
F49m2h2ZrDynUD4L6iJsGawvnqh9Y6Q5CfyJmTmBHt9B,-156,537,-463,60208,31,140,140,9,12,19,0,0,axiom/photon,3.67,16174,50,467,-7,,0,,,7,09-02-2025
BVh7D8nmbjQMBNnr2qdFzQx6tUtqTHtpbyTFuNPYx3m,-64,167,167,103,50,4,2,84,17,1,0,0,axiom,01,,0,,,133586,2,976,23,0,09-02-2025
4AQ3316Ce8UUpt11pEU56Ya56XN1mWNcopDuJNT1JQTf,0,37,37,37,24,980,2663,1,1,180,20,3,,0.77,23600,50,20,3,,0,,,52,09-02-2025
Gsm56N7WVYF1KVv2p6PhwuiMdCaTue7kJP4ieJh32fym,0,0,0,127535,,0,0,0,16,0,0,0,trojan,0,11289,11,623,11,126640,2,1856,316,19,09-02-2025
8EtTuouEFrqQfwjtQ6oPA2ZS6fQcew83kFH9zEYB9PJV,0,0,0,1062709,,0,0,0,1,0,0,0,photon,0,25569,27,856,31,152538,6,1312,21,32,09-02-2025
G7c65icc4wG6wEvxDBGThWwkTAbm7yK9eVafim3Jzp8B,0,-17115,-5617,153377,36,569,1040,-36,61,170,1,0,axiom/trojan,0.28,20174,38,883,-5,139373,6,918,5,94,09-02-2025
62Lu76GwxdV8mzRV7EyhgVxNLCm6SbNHE7kJnxP1RPiC,132503,0,2485,129821,,1,0,,16,,,,,,0,20,0,0,,0,,,0,09-02-2025
FZ729nqpDrKAVW24JRP2qw6BgkqE7Zo2yQZE6jCjMEtx,0,-257,-13615,24479,20,2,3,-64,1,1,0,0,gmgn,74.64,1860,45,3,-2,112560,2,50,-72,17,09-02-2025
AJUR9oh4MWF9GDu7N6UECsrWPRJvRuXtrZN6PgNg3W1C,0,0,0,10766,,0,0,,1,,,,,,0,4,0,0,,0,,,0,09-02-2025
JDUbEtg3bKWBXN622WYzKPgB8gYginFK7qy3KgbgLeFd,0,463,668,26803,91,17,15,43,3,10,0,0,photon/gmgn,06,28601,47,173,1,85367,1,206,81,33,09-02-2025
Aqb17LAtE1HVhkLNMcZZTjmpv8UgcLsnpmA5xiCc3hCi,-31787,-356,-3450,61208,0,1,1,-178,44,1,0,0,,16492,6778,13,67,-11,100846,3,355,-10,0,09-02-2025
3y1FjXBvQFVhJuay9BzJCS3gdpA2sXZkc2hsULGus7uG,0,0,0,73780,,0,0,,1,,,,,,0,4,0,0,,0,,,0,09-02-2025
3AfpQQQbNQkvMkpNnFRPXUMqeUWwYzG15UxqWbZkvAJY,-44614,0,-2569,-13387,,0,0,,41,0,0,0,axiom,0,362,14,11,5,171073,1,1501,-48,4,09-02-2025
BrNkdTsbvg9rDnW2Ah2nQAGSkKEkKx2BAAUsxoNN7kDT,0,-1539,248,248,40,293,291,-139,3,5,0,0,axiom,6.8,22443,46,29,-4,116309,3,35,-47,86,09-02-2025
34YWp3nTqbBP8GQGiUZX2QP3qaiHHj3DSdJutBjSGFXc,68256,17266,18174,86430,,35,33,,2,,,,,,0,28,0,0,149610,2,718,-88,0,09-02-2025
96p7VSVwq1nv8p6R73FEgTJx92KvjNYjJnU874JQdnBg,0,1077,1077,1077,,1,2,,0,,,,,,54787,1,567,191,,0,,,100,09-02-2025
kiwiC4pg5mC4N5AhpXc4Av3V6oV7Sn2p3CqB7NeHbJJ,2645348,6360,28665,2674012,100,26216,535,13,16,475,0,15,,3.16,55828,18,0,94,84826,16,0,67,0,09-02-2025
CmsTjbYTaJ6VX3fqHNcxS2Zg4iPcG45E5q4X1Z3nFnn3,0,0,0,0,,0,0,,14,0,0,0,,0,0,50,0,0,,0,,,0,09-02-2025
9uNdGuC8Xpb61YRrBbbcoMWtV124wgdBNggxqHMZpJho,136752,237,237,136988,,5,2,,1,,,,,,0,10,0,0,,0,,,0,09-02-2025
46W9hkMxtQfbsD6KirfZHoPuBVvTXj6J1mycdFeTrwEg,810464,0,1651,818244,,3,0,0,1,0,0,1,,8013.51,11453,23,66,3,144446,9,409,-68,0,09-02-2025
7rXDzDtMoe9G7fVff6hrpzA4yx7Xreh6JQznSg9nL4o2,-24201,0,0,91789,,0,0,,1,,,,,,5399,9,52,-4,158387,1,995,-97,0,09-02-2025
Hq56b5NFckmLZVYQhUHVihQVVsbhjnBHpicB7nMRKwBo,0,0,0,-146033,,0,0,,1,,,,photon,,25256,4,360,-54,195966,9,3297,-28,0,09-02-2025
9pgPRz16wMMaHSejH51VR5bp6r8SKDeEdpccJBs4PkeE,-3068,-1698,-3526,-10779,0,4,2,-8,1,0,0,0,,129.45,0,27,0,0,,0,,,0,09-02-2025
GaH9kjJYcUMqMwVx1k3FhGftiNTt5ePnL5nDnn1bNt3Y,-679,0,0,-15841,,0,0,,3,,,,,,2448,28,27,-3,,0,,,0,09-02-2025
62Xf1vqPDj67jEKHYijxp3JPZ9y5sVu4HaHphdMmmmSQ,0,0,0,274086,,0,0,,0,0,0,0,photon,0,5422,14,141,-8,171159,5,4016,-37,14,09-02-2025
Fs2jh2SALJnZ5WfwEiNxSWGXfXGCNS5hJwPZge7XCB43,0,25469,25469,25469,37,248,459,141,197,61,3,3,axiom,04,17270,47,442,10,107723,3,708,382,78,09-02-2025
JDd3hy3gQn2V982mi1zqhNqUw1GfV2UL6g76STojCJPN,-90,15079,53433,369905,41,1166,647,39,27,162,3,0,axiom/photon,0.29,16818,43,906,3,122417,5,2070,4,74,09-02-2025
QdpZfVmS9zNvHsRcq6cbUURyL33yB4Xioa5YJKutdaD,82458,0,0,91865,,2,2,,1,,,,,,0,46,0,0,,0,,,0,09-02-2025
AqNF2sh2ZVhmRaM7QTyW8vi2GrqqV36vFtE2wBWsnGYX,0,-2308,-8920,-7492,23,127,139,-19,8,26,2,0,axiom,0,15715,49,347,2,106185,1,300,-3,98,09-02-2025
Ct5B6upfun7sfPLiPBdFsCQK37kDF5qVF9UocxXVNsQA,0,1751,8626,14639,75,9,22,219,36,6,0,0,axiom/bullx,01,24809,37,515,47,142128,4,1070,-10,64,09-02-2025
FVxeFYgyT4GC6D7gaLkMSu2qtSJfw2N4RVPZowi2A64Y,-280,-793,2116,13878163,31,10,10,-66,2812,4,0,0,photon/trojan,01,28906,38,736,6,155257,8,1350,-15,94,09-02-2025
8xC26qkoXi3LQnNfrk86yrtk5UecQCQaeTpKt1qUsrtA,0,9204,17113,17113,39,687,578,34,20,99,3,1,axiom,03,20040,49,942,17,,0,,,62,09-02-2025
9mXZsKuQGeHeVCcxQntr2LdJfWB9sBnXgRXrFj7Bfsg5,-215751,-6148,260131,13636261,0,4,3,-6148,603,1,0,0,photon/trojan,65.55,11442,25,222,-3,166637,8,4338,-39,11,09-02-2025
A1xaZ9iugk99ALJYCDPVJpRb7uYEwQiyDFJWHxqp3FqJ,228,-67,-3358,-6114,34,315,258,0,2,26,3,0,photon,4.11,31547,44,253,2,128073,5,240,-5,3,09-02-2025
Bu7Zqj5ZuBWso4EoMXAXCHcsu7ShXkd5WqT3BfffCTkJ,17035,0,11082,132158,,0,0,,173,,,,,,8461,14,119,136,207964,1,872,-97,0,09-02-2025
7c4mb2GmSWfL8bZyBqrue4cY8YRZwn49e5hLN3P37Uwu,1045360,-309,2354,1036547,50,1,6,0,1,2,2,1,,2615.52,20896,17,255,-36,138082,14,759,-13,0,09-02-2025
DULTv14gM667tfnyVFphDYQi23qZ3tVWE7tFfJ8EQmtN,0,3070,18602,58576,71,1111,1114,20,3,111,0,0,,0,57256,24,699,0,118406,21,1383,5,98,09-02-2025
5ow9M5AZUDUm3p3PAeBYMA8g2n65fKRMrfdbqEyE2b6U,-17632,0,47798,1393672,,0,0,0,1,0,0,0,,0,11366,17,7699,-16,220445,2,4395,-33,0,09-02-2025
4UtsTXeM6DpYXJJbZRCrD1Zhsaby7mfFMmi9ZhqWeeus,-36136,0,0,2225137,,0,0,0,4,0,0,0,photon,0,42465,29,935,-60,91705,14,1668,-73,0,09-02-2025
jjVvMuApiTFbndf7dnkmx1TcbTYwfMPGVDrXv5YNVgq,0,455,1111,-2779,41,96,69,15,1,12,1,0,gmgn,0.82,29697,36,180,1,122827,5,226,-2,5,09-02-2025
8KMs1FEWWb1GcJxjih1qqBbp3F6pR5Ah9PZe6qoQAWY4,28580,14736,13068,47769,,18,13,,10,,,,,,9334,18,236,-16,191290,2,609,107,0,09-02-2025
8u6u372KPb4it3VLetWnGVWa8ZUSoNjyhp4YJzuMCecT,829004,0,0,875485,,0,0,0,4,0,0,0,,0,0,43,0,0,,0,,,0,09-02-2025
3AHL1ipiAdbSC6SWUAexZQT7Tzs27dP14XFaf1JfZ55L,0,6053,9567,9567,38,360,443,34,25,66,4,0,fresh_wallet/photon,0.13,28416,45,872,11,122424,4,3135,-9,39,09-02-2025
AEjMwqDNr1RDr89cD2nX99NtdKqo4dFvWsj9SvTPg9qt,-6637,0,141,3413,,0,0,0,1,0,0,0,,0,7999,13,1443,-9,209858,2,7390,-57,0,09-02-2025
2gSzFCwozvNBHH3sDNHAJxwqbAXvL93brVapmSWTExU3,0,15169,37141,101952,50,362,371,52,108,148,1,0,axiom,0.61,18034,50,937,9,,0,,,100,09-02-2025
ANZYXJXYGTfg6mNYcpQ2T96zCLipfWBbWHn2NC9HS6YR,12971,434,5229,176872,36,19,15,29,226,7,0,0,photon/trojan,42.99,32679,26,309,-21,152716,9,680,-31,3,09-02-2025
9yF7B3Lx3o4EU7kQT2Wjni7ULwAbpd5CHimGGPgZVSvn,-107,927,1300,-363,44,42,39,52,35,9,0,0,axiom,7.88,14735,37,190,-6,133517,7,518,30,65,09-02-2025
3Nu8vyStW8GnDUJRoEkXSTbinAAPrbQA4xWav7cUEu7q,0,0,0,232930,,0,0,0,0,0,0,0,photon,0,40897,16,2453,-12,148116,9,2589,51,15,09-02-2025
faG2NYRsLaTUJX4UbH41fLJCrfUMpQMZqkou7WYpjvc,-291398,61998,50179,851175,100,27,17,15500,51,4,0,0,,269.85,1921,26,47,-3,81055,1,1399,-91,0,09-02-2025
F1VANwDwCPkRakhpN8n9ikzpkAJam8DZAnkDdwTSKtPp,0,0,0,54245,,1,3,,1,,,,,,0,41,0,0,,0,,,17,09-02-2025
BogjQMpUm8oLdqkDmMvjH6QZF7QzeMo81P3XR16PfjG9,0,1380,1679,46512,50,25,89,99,16,5,2,0,axiom/photon/bullx,2.11,8361,48,385,5,135173,1,543,62,21,09-02-2025
7u35UemWHSkHwZzR62QkawVfFmpF6EUAVrfPc3r8YKY3,0,33747,33747,33747,56,249,459,186,235,96,4,3,axiom,04,15395,48,426,27,115493,2,763,561,78,09-02-2025
6jvYtr9G5WQnKs3cFsFtKmEfkbEnUXFhBKsmZad26QPV,2608050,-54368,190108,2959633,35,1143,1187,-811,13,43,0,0,bluechip_owner,1805.32,109,29,619,0,,0,,,0,09-02-2025
SLiKk3ASpS4GyGvnw6iAoNeNcBnXeaqL3otPnTbJxv2,65588,-16366,-25818,579044,13,131,126,-209,290,9,1,1,axiom/trojan,0.49,25879,47,332,6,99087,2,743,122,32,09-02-2025
A8wRBwqqUzrsW3kFDRgXsytTNMiC4HdAy9MxSDs1aDbP,0,7748,8032,11914,70,964,1064,16,1,364,0,0,,0,9223,50,106,5,,0,,,100,09-02-2025
dWR3ATqskCYo6Ta1WppZqQHUMk3XXZ6M9C7zKcsparx,0,0,0,336014,100,2,2,0,1,1,0,0,,0,8356,31,265,-8,144090,6,711,-50,72,09-02-2025
8UfVkyuAtnh5nwmvwDdjYznpzV6kSrVJcVN4Hx2z8GiX,12,2146,2463,37555,,137,158,,150,,,,,,1169,22,24,0,133033,1,19,-71,0,09-02-2025
7Ttjn4GodU8LwcevtQFvQ15gGks2FXzSgkqa9k4p7dc5,-275,-11662,-23749,-30740,22,85,80,-233,13,9,0,0,photon,1.25,19150,43,384,-17,116181,5,757,-22,73,09-02-2025
3HELyd98FHWPeujYcuyFPrPwGBMJJA3WmzhqidKEZwcY,-36861,0,-4238,15942,,0,0,0,1,0,0,0,bluechip_owner,0,5742,31,923,-10,,0,,,16,09-02-2025
6bC1yUzYRofNX2HpkwH6D5Li7qgUESMpMQTzMXEsYWjw,8730,0,22476,28810,,0,0,0,1,0,0,0,,0,0,3,0,0,,0,,,0,09-02-2025
mercyFDsQrEJk6FMXo6h9mwecQHt1TyYW7QKDpbM7e6,262,-1447,-2604,110073,32,451,373,-6,25,72,5,1,axiom/gmgn,0.67,22512,46,443,0,127950,4,1555,-35,76,09-02-2025
J6TDXvarvpBdPXTaTU8eJbtso1PUCYKGkVtMKUUY8iEa,36657,-91245,69381,255920,40,209,139,-786,236,51,1,2,,22.98,10403,42,253,-5,106576,3,2522,11,8,09-02-2025
CmxnpoutwVb1B9QEP4vTRhUknyh5ATbDbK9S29DTBPSq,1265,48249,30369,30923,67,16,11,8042,1,4,0,1,,304.53,11930,27,222,-14,131849,6,1816,-37,0,09-02-2025
82w9PVKPncAqWr6YzmYvzRiT6SoRBvYnmYsgx8V7cMJi,-232983,0,0,448065,,1,0,0,107,0,0,0,,52.61,37958,11,340,-29,163637,6,962,-75,0,09-02-2025
9GTVJLduxXwUR6otWSYgDLatYJCab61wHB8Vcoi2FNEf,36424,1675,64285,599358,47,273,218,10,622,77,3,0,axiom,4.15,17717,48,505,4,117126,2,1769,136,70,09-02-2025
78ThBxyepvGfBRYp13AZYaVf9Y333keWyeQYnYU8VRDN,-317,-2195,-2575,3581,32,110,78,-45,26,15,0,0,axiom,0.36,31037,41,592,-1,106431,7,2124,1,56,09-02-2025
DTxaenMRfBvrJizm4ETrDxMP4u7suaUhgHE9oknEUso5,20,3140,3055,3075,35,671,546,11,5,111,0,1,axiom,06,30081,42,453,0,138657,4,458,16,57,09-02-2025
6Bp7kb91GJ2FR7o8SG9ec2eWKpdYvqtkfEvtyLJefKcc,0,0,0,3280,,0,0,0,0,0,0,0,,0,0,3,0,0,,0,,,0,09-02-2025
5qVGrcnPCnK9jpGPEDanZZTxTfPhuG12aRk8qKa11GWF,-13820,0,0,60002,,0,0,0,2,0,0,0,,0,0,5,0,0,,0,,,0,09-02-2025
5kyVri7UcPbzkm1kpSXCz8vEdf73CxoK79KPbbR7xBF8,-2456,5635,11501,11403,40,75,72,91,25,27,2,0,,28.53,27614,46,559,14,78998,2,2088,42,7,09-02-2025
7h4MRS8ESTq79Zb8mnk89c7mvb9Ds8YSYsXazzMLxYEj,-82527,0,-1574,404997,,0,0,0,85,0,0,0,trojan,0,17932,19,549,-5,160065,8,1134,-22,6,09-02-2025
2WAEdBEuHTrFjV2TSYkxu8MJhXR2oZA6LRoSP5rjzb7E,18916,0,864,17670,,0,0,0,1,0,0,0,,0,1315,33,9,-3,158479,3,365,125,0,09-02-2025
9URiVSCTU1VdFCKDY6LPnws3oweC1DFJ3cPRuHFYo3Rj,0,0,0,269627,,0,0,0,1,0,0,0,,0,4366,9,2741,-35,147290,10,2026,-66,0,09-02-2025
Ev1AaPu4c6L1QEXZiLv9DkNBa3ZigddiXYFTk9tN2DoK,-96845,-23343,-23343,-284344,50,0,4,-11671,4,0,0,0,bluechip_owner,5285.1,0,11,0,0,140511,3,1131,-89,0,09-02-2025
EM6fAR3jXfs28HcXjz9hC6v2oU2vDMAwYWFYy9S1QHD1,0,0,0,11999,,0,0,,1,,,,,,0,9,0,0,,0,,,0,09-02-2025
BHhC95zvVcrTn5uLqtar5pb13iFimsiKsi3b5jSSuQuX,-51,-1866,-1866,-1918,54,95,77,-46,1,23,0,0,fresh_wallet,1.26,31192,29,561,4,128288,7,1460,-4,13,09-02-2025
FZuo414wpUnBQACUwEGJNxgpvMomtN1Hbhi3nVEra4Zk,76,0,41667,42999,,0,0,,6,,,,,,3010,9,6,0,,0,,,0,09-02-2025
65ekM7C8c5WkMdPRFrpX2wycfQTtNbA7DzBFJQTgjWkd,-73990,0,0,-231002,,0,0,,2,0,0,0,,0,2529,25,1468,-5,,0,,,0,09-02-2025
Ho9wnEqsx7MGp45awe5xfAdy9CF6ickQ4CwGQQrm4H1S,-7833,-278,-2661,57906,0,0,1,-406,1,0,0,0,,6679.24,0,27,0,0,,0,,,0,09-02-2025
7agEXiMiqE3guFfybyWAxnFFjPzY5okbkW6ZgXYfq8ET,0,3811,13421,13421,41,996,1176,8,4,201,1,0,axiom,0.74,34322,39,530,-9,120983,9,600,10,78,09-02-2025
5A7soag69cpGi88bq1fZxTKnZ15ma2eopAxeEQoAgDWv,-2027,511,8792,6765,37,139,127,7,35,32,0,0,axiom,5.61,19621,42,449,-6,91796,4,876,4,35,09-02-2025
12kB2PU1zBvrobaanH3YSyRKfFrZhETmXTs9cgDNy1Hd,186236,2513,2705,156454,58,3,10,14,1,3,0,1,,3107.51,15259,11,446,-17,124014,3,176,-59,0,09-02-2025
3fQZix3xgJL74ibTYpHDzcHDEmjyXihZkVHCx4oA6292,-5219,0,-6474,7792,,1,0,0,77,1,0,0,axiom,550.92,0,39,0,0,,0,,,0,09-02-2025
DCLT7QBTvMJbTatLaXLGxwb1Lx2PdmB41HrmdBdYfuQU,0,0,0,86215,,0,0,0,0,0,0,0,,0,20244,19,196,-19,156041,6,1535,-35,0,09-02-2025
A72e1Y51CwtwFYcfgonUqX5qZcWw1pooQqs1zStmoJtb,0,-3844,2232,111870,34,2,6,,22,0,0,0,,0,0,27,0,0,,0,,,0,09-02-2025
5FniwFLWR6GRbYhpPVx7iygb9NFJWf5Y3tbs6q6YMFiP,-2440,0,107,30157,,0,0,,0,,,,,,0,15,0,0,,0,,,0,09-02-2025
4m2bpHyxbisNx3atsXgjE782Gno65anmEV2KNro25vGe,0,989,989,989,,1,1,,0,,,,,,48162,1,439,226,,0,,,100,09-02-2025
61Ke6kEymfJoW2821zY21jhTgw55XZBimvcZAPnxAYyq,-5022,6674,-32761,747427,25,61,81,418,240,4,0,0,,17.33,3827,39,31,-1,116602,1,2344,-16,0,09-02-2025
AV8x5uH5qYQp1qSpGN2YZgGh8EjUGqAn3fkxWJbHeip9,0,12345,27451,26152,37,2878,2550,25,8,192,4,0,axiom/photon,0,14826,43,302,0,123899,7,438,-9,98,09-02-2025
rsrsSsTU77K85CS9xMJUqDDVzDhFCoaMn98AJUaoQCG,0,8570,52959,149943,71,1184,1184,48,2,131,0,0,axiom,0,51788,18,508,1,121211,27,2059,2,100,09-02-2025
34zYDgjy8oinZ5y8gyrcQktzUmSfFLJztTSq5xLUVCya,-33,0,0,-98871,,0,0,,1,,,,photon,,42088,6,507,27,146050,13,485,-37,7,09-02-2025
BNXrSBu35NFcUTx6nDsvtzfAq64uhFV7xHm3rUXB3bXZ,0,0,-5209,-18192,0,2,1,0,1,2,0,0,,7.65,12114,13,593,-4,155659,15,3663,-9,10,09-02-2025
BWjSAEv4RVowTR5BrZMseRJvoU1BZc7mAnUTKmFQppVE,0,1457,1457,1457,100,1,1,8,0,1,0,0,,0,9742,1,3897,38,,0,,,100,09-02-2025
4Zz2dJXKGqsPjSaDKnwoZsHdCrV5bPjpo5fwaMpMYdxH,0,1057,7013,20567,62,130,121,18,9,39,0,0,axiom,02,34644,43,673,0,101913,6,405,15,98,09-02-2025
Gf4kUovrdVWrwtECwW96dWAEvEhwm7PR5wKL14iF4e8T,-13146,0,0,195127,,0,0,,1,,,,axiom/photon,,25976,27,644,-8,131611,17,2009,74,5,09-02-2025
5mA5UJ3TV82B5GxyeyHDmQL9S13SkXH8ppYTnD4vjyDQ,640697,0,0,640697,,0,0,,2,,,,,,0,14,0,0,,0,,,0,09-02-2025
5Xh6LGVb8FzFyDGVZLX6L51e66oZWnA89nAs49myx6Bj,-427,-13059,-58097,230031,20,28,24,-1004,1,5,0,0,,7006,1562,23,37,-2,171278,3,1038,-57,0,09-02-2025
3Uyt3r1aJyRdoZzrbaETNksQzCGbW1if8hwsRt6sWQk6,215,-7367,-7367,-7153,21,639,273,-45,8,33,1,0,fresh_wallet/axiom,0.25,24558,45,794,-23,91867,4,638,21,13,09-02-2025
A27DkSswRbeTDi7chXAwv68rtsBiGvetKhEZ1ntHigPq,0,-123,-339,11353,59,231,242,-1,2,40,0,0,axiom,01,32158,42,227,3,128356,8,211,-11,86,09-02-2025
yN2CzYGq55CwPgChWFqzSxDhCojnGP27YP1pkkTrHf2,-1370,-15496,21302,63835,14,81,90,-1033,1,5,0,0,,32.27,1855,25,4022,-1,186701,1,700,11,0,09-02-2025
3PpgE1PkUoftrPkZ5TcYzqaVHJs27baJsd4WathmNkuP,0,5336,36378,133780,44,2000,3247,11,16,222,1,0,axiom,0.55,25747,34,416,1,136089,14,1289,4,76,09-02-2025
74QYiSG7NJom4R448YHpxHQLgLnsU9DKaJrFMxwbKHxn,-50,8019,8019,7968,35,82,67,191,133,13,3,0,axiom,0.54,22527,39,729,-3,91843,3,955,13,59,09-02-2025
4rT4JW8njU3yESpDirQgtSydkLHFmwPHS1vNiLvnEYdP,0,1843,1843,1843,57,82,82,24,0,46,0,0,axiom,0,17977,45,417,3,104661,5,403,10,100,09-02-2025
3hcxpfGNWMXgMvdisdKKwtb7MaoyS2J7feA5kZEEHwsb,2254,5215,9691,70532,100,2,4,231,2,1,0,0,,3483.76,2589,18,5,-5,,0,,,0,09-02-2025
FsLjGZej3QKSpUekcRxiXcUjwiS3NrBLr2F7h1171sLf,0,1906,1906,1906,,1,2,,0,,,,,,46184,1,903,212,,0,,,100,09-02-2025
6rg5GZN3V4Zv3UgyWx7fNNvYRcMWLh8SoLdexRT8aYiW,0,-405,4324,4152,26,76,74,-7,3,15,0,0,axiom,0.63,22306,47,254,-10,80448,2,114,-1,10,09-02-2025
AzEtTGpCiofWm1K8L37ThJKErZwnMNzNxYH18FTjXhgM,0,658,658,658,57,50,31,42,4,9,0,0,axiom,0.64,22848,15,472,4,77725,1,410,87,44,09-02-2025
9tuLpheysmgcELz1M9V75zY5vBaaqT3AJrxScYGbwqBT,0,577,577,577,45,35,31,29,0,10,0,0,axiom,05,21029,19,442,4,97027,1,70,-95,70,09-02-2025
DEKgFWf7SbwrDkTT3rqiUV3tXFtVd5PK1EriXWDdeAzM,668,1307,1307,1974,0,18,15,0,12,0,0,0,,13,17426,7,621,17,,0,,,0,09-02-2025
9qVhzSwTHahu1eQ6rc5Lfvtmno466xxN6WfCJzAFQaYz,-41769,3534,-352,69907,40,194,189,34,8,48,1,1,,292.4,19663,41,474,-2,117547,4,686,32,15,09-02-2025
Bb3cbhXKyHuMv1QQ34SMfhT7QBiZM7ET8udpEcpZGWdR,-2,817,203,197155,53,67,55,21,11,21,0,0,axiom,0.55,30572,37,575,3,136721,10,808,9,94,09-02-2025
3n3HGKDDwb5A4GsXjizm2aWwusK64o7fo9tchUkdtMkg,836,4843,4482,5317,36,171,152,57,8,21,7,2,axiom,1.95,25531,48,352,25,100818,2,672,-26,13,09-02-2025
GpfHCU45LFdrC5vEv6MhTozH41KZaRu39VpErkx2xZNF,0,0,0,-1278,,0,0,,1,,,,,,6347,24,53,-6,173913,5,3549,-6,0,09-02-2025
7p3tggT6TrwQZkDFgk9ZhjpdcxVpKzzaYpxPxfmKYD8,-303,7169,57307,462914,62,34,35,257,312,26,0,2,,323.57,5160,31,12,17960,81696,3,229,31,0,09-02-2025
Few1VVGScDLdCyzqedniUGHj2CitF2TaqvAQg6ANsqpz,0,6206,5548,10788,49,109,226,62,26,47,4,0,axiom,1.61,28921,48,513,18,97737,2,405,22,74,09-02-2025
EKXPoxy1io1zY4PKCa1w5nL9XkqEVi7sZSKCz4Qst2iL,188,-483,-405,-569,,79,65,,2,,,,,,22546,42,133,-2,124680,5,143,-21,15,09-02-2025
DJ8a2QWcj9P5DDcQcxaW577LQATGTXrk1ZBm39icjhx,-5,0,0,96730,,0,0,,1,,,,photon,,0,6,0,0,,0,,,0,09-02-2025
GCsf3euP3cSKFRdtrN6texK2M6DaAPuTAPSbn4S3Wkp3,-156,-7886,-2748,-2905,40,1463,1413,-15,23,217,1,0,axiom,0.6,21495,42,665,4,99711,8,539,6,94,09-02-2025
2BzxktMFcQVx9yitiYDJTrESzPKjZJWPGa6Xy7xPWChj,0,0,-110,115539,,0,0,,1,,,,bullx,,19150,12,117,-14,109380,4,261,-37,12,09-02-2025
FeTRGv1HtYNbp3VRgh95UtnJWxY9jrZVaSAjGgQhA5Rg,-47181,0,8213,706587,,0,0,0,1,0,0,0,,0,20161,6,273,-14,165671,15,1826,-52,0,09-02-2025
BSPdKsA3VyyHesPCkfEktfThbEqqFxvot29BkYaSmqbm,0,460,696,3648,76,154,155,8,4,48,0,0,axiom,01,51112,16,85,2,131802,29,130,14,90,09-02-2025
Fm5urQ7X6sFA9fv9iExZd3cxdz7xvDtt4utBX56Vq4zf,0,107,107,107,,1,2,,0,,,,,,46500,1,658,17,,0,,,100,09-02-2025
8c7qbGgJwRcogE7BGdm8WLAeTjvm27QcyguPwMq8gJhe,0,638,638,638,,1,3,,0,,,,,,42663,1,385,166,,0,,,100,09-02-2025
9SxprdBwH8kENnsrTemBGmjof6Lm3ktDHrEq92cPwNUT,1493,789,4805,4131,34,668,677,6,4,46,2,0,,26.47,18647,41,896,-3,140975,6,4189,23,6,09-02-2025
GZZXKqfLpExGMW38WqKdqDDgjUTiR3ea2aoVHrLpnhPv,0,0,0,123927,,0,0,0,0,0,0,0,,0,32346,16,389,-37,166924,9,2269,7,3,09-02-2025
ztqQ4TNC6Yju9zJaK9ZsPNMjxiUqjiT6rP76eeatgTy,-198147,0,0,970515,,0,0,,416,,,,,,12822,2,7755,-9,,0,,,0,09-02-2025
CSQubuLbatDz4JgAKA3VZVEH1qdQxzwjT8sCMw4Ky4kj,0,0,0,24065,,0,0,,2,,,,,,0,10,0,0,94111,1,147,-33,0,09-02-2025
2F5AN12tGp16W5EnXmh6M3h6mGUGrGKrjzhtTQ541zPy,0,6312,7369,7369,88,33,48,204,56,22,5,0,axiom,1.52,10771,38,265,77,101256,1,680,-19,35,09-02-2025
7EqeLtPR7cRSM3Jx86eRDxvtz4TpFUfek8sottGqXLbZ,-10889,0,0,163215,,0,0,,0,,,,,,0,16,0,0,,0,,,0,09-02-2025
9ohrVbqMuBFFbUzZQDF1hVcB3zLKHMSSp8hjmtwfxySg,205,-259,744,27091,28,96,76,-5,9,17,0,0,gmgn,13.19,13625,49,294,-1,125036,1,108,-61,23,09-02-2025
BSB2MXyxNAs3CQNrsbQLuvprTHcGxf5XrPtrGHowKBWi,-711,-329,23,127,,28,26,,3,,,,,,19952,17,67,29,153083,12,162,8,0,09-02-2025
ATmKENkRrL1JQQnoUNAQvkiwgjiHKUkzyncxTGxyzQL1,-1938875,0,10269,31141742,0,0,2,0,2,1,0,0,photon,0,19969,30,908,280,158239,4,3790,52,39,09-02-2025
Htd1nfpRpXwugee6fyQu4E6C4SuYY8T1SxPa8DJkmz7T,1,-177,-2877,-17186,40,280,255,-1,1,57,1,1,axiom,24,30004,37,57,-11,109634,10,153,3,61,09-02-2025
7GHQxoGvsQWKJt9rkvvixFgxvQfoMhY83WLGN5p49VcF,37324,3603,3603,71056,,3,3,,1,,,,,,14651,23,67,-7,123198,9,333,-24,0,09-02-2025
GvD4gXtujU5ymMMDnXrqZPrw6ks9DVuDvgSb4X9f1xsq,0,-1687,-5292,93942,0,6,7,-421,2,1,0,0,,2.56,719,37,1206,0,,0,,,0,09-02-2025
GTsCNCSWPdJeetLbg4pe2GAPhREUfS4e4GHgkvc9FE6h,13,-5376,-1271,37353,33,979,780,-13,7,136,1,2,axiom,0.62,24580,41,461,6,125359,5,645,21,59,09-02-2025
13t6CD5jUf19xbv9usojJ8u95EePZ2e8nW9dGLKhWJT8,0,2349,2349,2349,,1,3,,0,,,,,,31408,1,674,349,,0,,,0,09-02-2025
7hjY2vY8xzwbodeBcLWnyV3LXNUSRydBAFGq2d8gYZgt,-38048,-6623,-13940,294747,0,8,5,-1324,1,0,0,0,,2016.27,4597,22,2525,-1,159131,2,1178,42,0,09-02-2025
GFiTxprL1tVjRYa47mCcEztH3yvZAB5U8XuHUcLiGJqM,-11015,-5822,-5968,-29523,,44,31,,1,,,,,,1167,20,19,0,165778,5,385,-45,0,09-02-2025
EDY5ssvZEx6HHL5BjVs5NjJvc2BHib2pcynZ7v6eMCFZ,-260,-3284,23343,93345,15,153,177,-27,80,76,0,0,axiom/photon,11.18,4601,50,157,-1,,0,,,96,09-02-2025
6haYayok4Xp2AmAsNrPPQ7x1DUFdqSETMcnRSEdaZY43,0,13460,17322,17322,56,214,601,68,16,105,7,0,gmgn,0.12,11234,50,306,10,,0,,,56,09-02-2025
7U8LLBZQGA7LGjDZszphSmvsEt3JE3x7yUZyQYZyRCdN,0,1489,1581,1581,34,13,64,166,12,2,1,0,axiom,2.25,12789,12,389,39,,0,,,0,09-02-2025
FE2MHWLTSmndBUWbbtmnfUfoKrn9NKtDCDGxCPG2h9Dy,-13217,-34370,-50446,221047,20,836,1037,-660,60,21,0,0,bluechip_owner,7821,0,7,0,0,,0,,,0,09-02-2025
AF3BEfnADCAJan5cUpkKffsPjWyJjFv3WkrTbFskrdqH,-8015,-4915,12382,-108371,40,26,12,-819,1,2,0,0,,828.32,4728,15,283,-2,127569,1,156,-5,0,09-02-2025
F1AUPWm9CGzYWh8jhP7ayWQyBZ5fk5V49mQG1CeVUetm,0,-1092,7783,7783,39,566,458,-5,1,74,0,0,axiom,09,16701,49,761,-2,,0,,,48,09-02-2025
2kgNHZ4byZhdLukHh67s6FaCZeJL1N6tV8CmvUtdZyHL,523140,0,0,544701,,0,0,0,1,0,0,0,,0,11115,12,578,-24,141012,5,1339,-88,0,09-02-2025
2AEp74qP6m9f5wfs9Sqpqr74UrSz33EfVm7n56igqwtU,4006,128,-24111,266586,100,1,1,128,1,1,0,0,photon,0.13,17649,24,473,0,117173,8,877,6,28,09-02-2025
D7CLGtHWVkorT5xAjKFdt8CJX7ucN3qHZMFHSiHmViHs,0,8,77,89451,34,2,3,1,1,3,0,0,,0,20152,5,13,2,213243,2,42,4,0,09-02-2025
DXWZk64Db33xp5gydF4way4Z61frQthQGD64DNMJZCDJ,0,0,0,58384,,0,0,0,1,0,0,0,photon,0,5406,7,726,2,,0,,,17,09-02-2025
HrFJUas2X754N6xTApoSbeUhNhZhqbUuKsM63RXAEu2z,786648,43163,73021,879949,100,0,34,10791,8,4,0,0,,2323.93,0,31,0,0,198843,2,1273,-64,0,09-02-2025
Cotg6DVu1BD9bqFydemX7rJASy842E7BDSJj2SdtChgf,-63,6197,37827,66614,48,405,283,37,1,84,4,0,,1.56,18944,47,581,13,190743,2,2947,-19,20,09-02-2025
9GUrpzqS24GP56ST2oRVkCkjemA49fB56C36ryBckndi,-1484,-2888,-4523,60386,23,19,14,-288,19,6,0,0,axiom/photon,698.41,3846,29,43,-4,159721,3,309,-33,0,09-02-2025
8LGRXrnaFHeggS1w33Rco8CkifQMPMLNDbEXiwhhmvFW,0,0,-29427,16449,,0,0,0,0,0,0,0,,0,708,33,3861,5,,0,,,0,09-02-2025
581XaxPQ7jGqqFGh3RQhK8wESBrEvFCAry7EDq2NzacH,-64,-7126,-49730,1453712,,0,1,-34,3,0,0,0,photon,313.57,24880,15,431,22,134178,8,1379,48,13,09-02-2025
6neoWX8Ak3wTHdFkbE487gfiK8gPnMmKWMNq9n2vzzvL,-24559,-9247,956512,6314305,100,3,2,-9247,389,1,0,0,axiom/photon/trojan,05,15446,19,775,-11,105309,5,1061,-54,53,09-02-2025
Azj3DXmMCwnZryCH8ZjBMrQ4gFqzxvSe81S6zhLzhsjA,0,771,4735,20422,39,683,708,2,10,195,2,0,axiom,01,19217,43,122,17,97369,4,132,13,96,09-02-2025
GcbzUrpGLH4WvNkXWfQY3QdT81GEoa6YW6kAzTpMVT4S,0,3369,8718,8718,61,302,297,19,39,112,0,0,axiom,01,29879,36,595,4,127374,9,934,6,96,09-02-2025
E7T6oyDycE2ZJ6sYA5MAVgitnzbt2LBJhMQCfmijhDEd,0,-466,-3062,-3062,57,186,198,-4,6,61,1,0,axiom,0.43,31259,27,101,-13,125284,15,142,-31,48,09-02-2025
AeMCw2WoYDcf8Jw3PUJXabpe8u9sGxJqZ8c1cW5eV87y,0,0,0,115747,,0,0,0,0,0,0,0,,0,1611,29,77,-2,,0,,,0,09-02-2025
BcaJC6Q12SPVfVF5bbduEukQB2v55zmkRXaZ445CbpbD,-3011,0,34,-610289,,0,0,0,1,0,0,0,,0,8681,3,33,-33,132974,5,1433,-76,0,09-02-2025
F9PzzErW9sVdcD8uTbpRRdF1gnW7pdpHjZepcr5PjjpS,0,-302,-97,66824,28,97,67,-8,1,13,0,1,,3.78,24309,42,150,-11,130647,3,98,237,13,09-02-2025
G8d7ECieXc6reHaRao4noyAtemi27QkG1RcYLqurm7L6,-49534,0,0,24381,,0,0,0,249,0,0,0,bluechip_owner,0,411,33,754,1,,0,,,0,09-02-2025
2qKYKxNimdLEUNPmx3kuZJ1WfSXifpRFpmzSNG3SKKKn,0,1823,3354,9399,50,48,61,1,14,16,2,0,,17.59,30038,43,335,18,143525,5,445,-24,8,09-02-2025
2RjMZH4du6hVR56JVqUvCqgZbQLfTHcJe4brauXeKLu9,-198038,-2120,-12438,808320,0,3,1,-1060,35,0,0,0,trojan/gmgn,2956.56,18683,17,369,-38,142672,13,1473,-23,0,09-02-2025
ERdZmXF3TyAcbctgVKh5sVeGgo6Bx4ypMfbRRzs4RCga,51,1220,1220,1270,56,73,49,1,1,11,1,0,,1.81,25407,33,221,8,123318,4,189,0,3,09-02-2025
DtjXJV2dB6uJWAC6Nk8SGhHM93kpVuAmFrsRnP8qRQL8,-50,-188,710,660,0,42,23,0,6,1,0,0,,4.23,20715,49,819,-2,,0,,,3,09-02-2025
4MpYci2vGPiwmtsPu4LHgfuy3h4skEoEZZbmSkgkx94G,-427786,0,0,1665226,,0,0,,1201,0,0,0,,0,0,31,0,0,,0,,,0,09-02-2025
DPwH9aWrYGSBqMiPNLMW4Hti1k1xgq64t781eycfLCp5,0,5880,26499,82930,67,830,831,54,1,72,0,0,axiom,0,63423,7,877,0,132185,33,1757,1,100,09-02-2025
DB5Akcgc5LJYx4DW2QKZAffqi4b3MXJf6GbVTAmrzx2e,0,1133,1133,1133,,1,1,,0,,,,,,27451,1,262,433,,0,,,100,09-02-2025
FK4TcCAruwzsyn5U3nExg7mVuUTh2VivvRqAnjfm2Qnc,0,15001,67453,67453,31,1179,1179,31,6,157,3,1,,02,8940,49,216,4,,0,,,80,09-02-2025
8AByvcbajbjmuD1xez4ahgzoUp7ovB5wJE6znQKST8Hz,93212,0,-2149,71348,,0,0,,44,0,0,0,,0,0,38,0,0,,0,,,0,09-02-2025
A88Nb1uyU7i5ntJnbRU37mAjBYMWtfrKEhEmtHMZKLHF,-36744,-2243,-19669,-54584,53,45,29,-89,2,12,0,0,axiom,133.65,5883,37,51,1,157664,5,950,-4,10,09-02-2025
8usLwJZzguszcb8PvaDkC5zjb1LhQ289ui8cGtY83RSR,0,181,1474,4800,56,18,16,21,13,5,0,0,gmgn,0.15,26720,42,370,-6,153022,3,1155,6,42,09-02-2025
C7y4i7Pcir9xmotVyUb3S9Mz1cnjmpxGKyGDj7vWnoza,0,3290,19261,239520,70,373,373,37,1,63,0,0,axiom,0,66235,10,919,2,111335,32,1305,2,100,09-02-2025
EK1cxjSPufkm4BEcU7Fs9caSNz7UBrYmjEzcDy8Gj1yu,169,-3609,-1203,-4826,26,235,141,-62,2,17,0,0,axiom,12.84,29582,23,292,-12,146196,10,594,6,32,09-02-2025
AvVBnZNLAS8iZ8PwBbyXMjngLTEeEJYAwzh1ZiWQouUR,0,1222,1214,9660,56,21,33,68,42,10,1,0,axiom,0.11,20926,34,324,7,125727,5,735,-2,58,09-02-2025
DdQsAFTU9HpZcDuPnGRNoZp68P5Y4t3B1JQpQ9DyegUC,285625,7160,7390,249862,100,12,9,1790,3,3,0,0,,3575.93,18494,24,235,-14,145054,12,2719,-43,3,09-02-2025
FDqRyimGdsHJod5XVx9AgUd7NEa6b47Cbc1CSsdGizX,12891,0,25262,28041,,0,0,0,1,0,0,0,,0,2144,20,40,1,198485,1,348,-99,0,09-02-2025
89iZupAREVwaWH8eeQbDWbT3PVd41mQeVFNGiPDJMx2R,-34196,0,0,113291,,0,0,,1,,,,photon,,39493,17,413,-35,149974,7,1027,-44,5,09-02-2025
HeL1ZYGFAevjRDHif6X3B9TnEopYZLfaFhKPwtNzfWSn,0,2875,2524,287399,20,25,75,320,12,8,0,0,axiom,230.66,681,32,749,0,,0,,,0,09-02-2025
3tCDxBT1xPMXVLLzLtZDMw5tdXsod8rWineGMbfY7mfm,-8,9938,9938,9929,21,248,459,55,122,36,2,2,axiom,04,17541,47,420,-15,116096,3,673,356,80,09-02-2025
GbiKcGuQeYJuAhmmVzaM9D4ivLRM8q7o7a2gvRevmBVW,-24179,0,-5843,339306,,0,0,,1,0,0,0,,0,19509,16,412,-28,144771,12,1665,-39,11,09-02-2025
215nhcAHjQQGgwpQSJQ7zR26etbjjtVdW74NLzwEgQjP,-344931,-54228,-169171,701546,42,183,137,-542,271,46,1,1,kol/axiom/photon/gmgn,1278,28652,32,1630,11,134158,10,3523,-34,31,09-02-2025
5KAfmVEisU6CfS6Z2dnRSwPx5HiAwAANHF9LFFf6mEJ6,168,5117,5613,5781,41,518,361,28,12,80,2,0,axiom/trojan,1.49,18249,42,542,10,119988,3,654,-18,22,09-02-2025
HHysRusgyKvhp2rCuWav2BH9c9DFPdafiDKHWXKRBSdG,0,0,0,-24319,,0,0,,0,,,,,,38837,14,883,-3,126573,13,1676,-28,54,09-02-2025
E7jJEnEee2DzAM6ptqzpzAmHqAwCUkFDq7dvQCWUz7UV,0,0,-7,78382,,0,0,0,1,0,0,0,gmgn,0,19939,15,53,-3,154519,12,273,2,6,09-02-2025
E4yVuZoVW36Xu33MKPEnk6dCs6dei4UoKJWwCnApsqPH,76,-11228,-11228,-11152,26,1198,750,-24,23,119,4,2,fresh_wallet/photon,0.89,29494,50,1156,-10,,0,,,36,09-02-2025
BahBH6bqS63EwWCpm9snf4ab6fnaLooMe6X7ebqq6tig,120547,18445,18445,146877,,7,2,,1,,,,,,6561,6,162,-15,,0,,,0,09-02-2025
4X8cPksLycaxLkS8FN3deWn9hwQtJgyxzi4cNDFfZpji,0,-393,-393,-393,36,502,383,-1,20,88,3,0,axiom,03,24730,50,517,2,,0,,,78,09-02-2025
J9JvnnpMdCJMUe1uELF6xd8eaK77hnQCvGRS4eFAGF1w,-56,9265,9265,9208,32,116,94,143,70,19,4,0,axiom,0.1,17897,46,553,-4,89568,3,1170,50,78,09-02-2025
CzhpWb4CqhTA4MuATiCqeHZUWKPLY2HZkmerGj48WpEM,27747,3062,34755,626186,49,265,207,20,903,77,3,0,axiom,4.38,15807,47,465,4,109868,3,890,21,72,09-02-2025
65NRohHfdjJhm7oW9kvPfvT8jRWpxg2KbhecVGQSJ3jR,369,3597,11699,49110,49,303,187,38,43,43,3,1,axiom,1.81,11470,48,535,18,,0,,,14,09-02-2025
9fxPoSY546uQDtMM9y5NwD1k6on9ieyR5R4W5wCqzJqq,-2223,21246,21246,19023,,47,39,,0,,,,,,5064,7,103,-25,134802,5,1394,13,0,09-02-2025
fwHknyxZTgFGytVz9VPrvWqipW2V4L4D99gEb831t81,0,0,0,1356751,,0,0,0,2,0,0,0,,0,0,35,0,0,,0,,,0,09-02-2025
2voQFxxGpHFmHgL1GGb2HjidaZEP1KDsFDc2kCcf8wyW,829,3227,3182,3673,31,54,49,1,1,6,2,1,,10.8,45959,15,120,56,148842,14,131,-9,0,09-02-2025
ELzz4vemDC5BuushPKWMfJqqDr4hPXFiXvT6sRfvGvDq,0,0,0,48521,,0,0,0,1,0,0,0,,0,0,13,0,0,,0,,,50,09-02-2025
GnLwy4Phc54gxw3VDSEwa79e6goP1yEpBV9148FoUSCc,0,0,-40417,594947,,0,0,0,13,0,0,0,,0,0,20,0,0,,0,,,0,09-02-2025
7XNwkQue7BbLyaqCnaJmV94KU5iGgoF6ch4m7s7b4sCF,-12,-729,196,6362,35,941,893,-2,2,129,2,0,axiom,0.23,23750,43,99,3,121647,4,163,-35,36,09-02-2025
FTg1gqW7vPm4kdU1LPM7JJnizbgPdRDy2PitKw6mY27j,-3443185,-40848,166622,-364439,65,897,636,-103,124,258,5,2,axiom/bullx/bluechip_owner,107.97,9825,39,5027,14,133153,5,3673,-24,44,09-02-2025
AVrZVscJsdbCpvBchrAQ6aGfRLtBBfo14VQ5T8g163jM,0,1041,16904,-40669,,8,9,,1,,,,,,17347,20,92,9,162108,7,2588,-19,0,09-02-2025
9JKELMQKkFy4Nvf1LUfabV1rcJ64YpN4M1NKHR2AGHRK,0,2019,-2796,-9474,36,631,640,7,39,112,2,0,axiom,4.81,19649,44,719,2,127477,5,513,10,78,09-02-2025
DvT219eqcWW3f45peScKZRQhPGM8tazz4JC8JTtMNAAH,0,548,-2241,-12431,40,238,215,9,5,29,0,0,axiom,08,30788,39,560,0,140733,9,567,-12,42,09-02-2025
2W68eEuSY81Y6qppwWDpygCu7Mc2qLYkVqtpyBL7waPV,-24926,2,2,154206,,11,1,2,1,0,0,0,,1667.88,20190,10,40,-21,125676,9,746,-29,0,09-02-2025
G16qiPfAgMw7ChzMNyog8TxBRqkP3MLyaMR7mLfNjvxC,0,-300,-365,13468,,16,15,,1,,,,,,19999,34,162,-17,124803,8,690,-1,0,09-02-2025
4SmbGyZWEKbjzzEuFRp3cQaRWYarSyw6c5YfoTps4jFH,13411,10826,10826,24237,,12,12,,1,,,,,,0,18,0,0,,0,,,67,09-02-2025
oxhSSaMWWBCJG1X7FHVfFZPv1TdDpd1RsVtsyzV3s1p,48,1427,5820,5869,53,251,269,8,12,98,0,0,axiom,0.81,23131,40,374,0,117623,7,663,8,47,09-02-2025
2fXAhj9RJHYTfa3Tu6pSqGQJ4emq5mZj4zeY689LyRkQ,0,1860,1490,1490,45,12,63,207,14,3,1,0,axiom,2.24,8979,46,360,1,,0,,,10,09-02-2025
2vK5HFxProie9YdPQG9bbE78dKHFYdveijUv65p8B5Ny,-46176,0,0,314159,,0,0,,1,0,0,0,,0,3368,7,274053,-4,240584,1,752,-96,0,09-02-2025
AmEG3NhVSSGz3RYZ6ohF5rxTTNRegFFFwQXEYpzFg1if,0,1036,1036,1036,,1,2,,0,,,,,,50663,1,616,169,,0,,,100,09-02-2025
56rQrYrn1TH1AXuvvx1SDYkWZtars4KiYNApJXdeHA8Z,92,-2019,-1171,-83744,25,10,9,-504,1,2,0,0,,211.48,16903,23,598,-18,133620,8,2088,-19,0,09-02-2025
retard6rLHkRwRJ1Vvj8FsKFn7P2oX5azbKUDBnJ1M9,-9367,-32393,-51716,-7344,28,59,46,-925,56,11,0,0,axiom,29.16,16494,30,338,-11,168622,13,2531,-8,18,09-02-2025
21PCJzbv9n4gLNwe6ZEDA7JPfmxqRWjrDHBkkx99GD75,0,3966,4630,4648,51,762,757,8,2,258,0,0,axiom/gmgn,02,44296,37,279,2,124974,11,343,6,86,09-02-2025
6iBfFoE8fSgowDmymeV9DTg9xrDHdBPN3aC5DKKw3rSg,0,0,0,42798,,0,0,0,1,0,0,0,,0,477,9,17,0,,0,,,0,09-02-2025
PSpQGPvw7tZedKJvN21dJkh3vdDQeXkwA5n9DKBRZw5,277425,0,-7559,225497,,0,0,0,3,0,0,0,,0,7416,15,520,2967,162009,4,2723,-89,0,09-02-2025
8jkbEFmKY6NiMMXf2T52yi9cpyTx5eE3f1nF9qrGyp2h,0,1765,1765,98868,78,331,331,31,2,44,0,0,bullx,0,56188,12,894,-3,119388,27,1721,3,98,09-02-2025
CbXjSiBuNT4iSrXXoowBtxdUc2b3d53y7dRzERDH3vP4,0,0,0,75669,,0,0,0,0,0,0,0,,0,13022,29,16,2,149148,5,31,-44,0,09-02-2025
2iK1RKgx9i4WGrjaTVpU9vMp4ZHiPWgpXWbQyvWfSt3k,-14122,-4768,-4768,4085,0,10,3,-1192,1,4,0,0,,3046.96,16,11,732,-3,236234,1,4034,48,0,09-02-2025
